date,ticker,in_index,yf_ticker
2009-12-31,AAPL,1,AAPL
2009-12-31,ADBE,1,ADBE
2009-12-31,ADP,1,ADP
2009-12-31,ADSK,1,ADSK
2009-12-31,ALTR,1,ALTR
2009-12-31,AMAT,1,AMAT
2009-12-31,AMGN,1,AMGN
2009-12-31,AMZN,1,AMZN
2009-12-31,APOL,1,APOL
2009-12-31,ATVI,1,ATVI
2009-12-31,BBBY,1,BBBY
2009-12-31,BIDU,1,BIDU
2009-12-31,BIIB,1,BIIB
2009-12-31,BMC,1,BMC
2009-12-31,BRCM,1,BRCM
2009-12-31,CA,1,CA
2009-12-31,CELG,1,CELG
2009-12-31,CEPH,1,CEPH
2009-12-31,CERN,1,CERN
2009-12-31,CHKP,1,CHKP
2009-12-31,CHRW,1,CHRW
2009-12-31,CMCSA,1,CMCSA
2009-12-31,COST,1,COST
2009-12-31,CSCO,1,CSCO
2009-12-31,CTAS,1,CTAS
2009-12-31,CTSH,1,CTSH
2009-12-31,CTXS,1,CTXS
2009-12-31,DELL,1,DELL
2009-12-31,DISH,1,DISH
2009-12-31,DTV,1,DTV
2009-12-31,EA,1,EA
2009-12-31,EBAY,1,EBAY
2009-12-31,ESRX,1,ESRX
2009-12-31,EXPD,1,EXPD
2009-12-31,EXPE,1,EXPE
2009-12-31,FAST,1,FAST
2009-12-31,FB,1,META
2009-12-31,FISV,1,FISV
2009-12-31,FLEX,1,FLEX
2009-12-31,FLIR,1,FLIR
2009-12-31,FSLR,1,FSLR
2009-12-31,FWLT,1,FWLT
2009-12-31,GENZ,1,GENZ
2009-12-31,GILD,1,GILD
2009-12-31,GOOG,1,GOOGL
2009-12-31,GRMN,1,GRMN
2009-12-31,HOLX,1,HOLX
2009-12-31,HSIC,1,HSIC
2009-12-31,ILMN,1,ILMN
2009-12-31,INTC,1,INTC
2009-12-31,INTU,1,INTU
2009-12-31,ISRG,1,ISRG
2009-12-31,JBHT,1,JBHT
2009-12-31,JOYG,1,JOYG
2009-12-31,KLAC,1,KLAC
2009-12-31,LIFE,1,LIFE
2009-12-31,LLTC,1,LLTC
2009-12-31,LOGI,1,LOGI
2009-12-31,LRCX,1,LRCX
2009-12-31,MAT,1,MAT
2009-12-31,MCHP,1,MCHP
2009-12-31,MICC,1,MICC
2009-12-31,MRVL,1,MRVL
2009-12-31,MSFT,1,MSFT
2009-12-31,MWW,1,MWW
2009-12-31,MXIM,1,MXIM
2009-12-31,MYL,1,MYL
2009-12-31,NIHD,1,NIHD
2009-12-31,NTAP,1,NTAP
2009-12-31,NVDA,1,NVDA
2009-12-31,NWSA,1,FOXA
2009-12-31,ORCL,1,ORCL
2009-12-31,ORLY,1,ORLY
2009-12-31,PAYX,1,PAYX
2009-12-31,PCAR,1,PCAR
2009-12-31,PCLN,1,BKNG
2009-12-31,PDCO,1,PDCO
2009-12-31,QCOM,1,QCOM
2009-12-31,QGEN,1,QGEN
2009-12-31,QRTEA,1,QRTEA
2009-12-31,RIMM,1,RIMM
2009-12-31,ROST,1,ROST
2009-12-31,SBUX,1,SBUX
2009-12-31,SHLD,1,SHLD
2009-12-31,SIAL,1,SIAL
2009-12-31,SNDK,1,SNDK
2009-12-31,SPLS,1,SPLS
2009-12-31,SRCL,1,SRCL
2009-12-31,SYMC,1,NLOK
2009-12-31,URBN,1,URBN
2009-12-31,VIAB,1,VIAB
2009-12-31,VMED,1,VMED
2009-12-31,VOD,1,VOD
2009-12-31,VRSN,1,VRSN
2009-12-31,VRTX,1,VRTX
2009-12-31,WCRX,1,WCRX
2009-12-31,WYNN,1,WYNN
2009-12-31,XLNX,1,XLNX
2009-12-31,XRAY,1,XRAY
2009-12-31,YHOO,1,YHOO
2010-01-31,AAPL,1,AAPL
2010-01-31,ADBE,1,ADBE
2010-01-31,ADP,1,ADP
2010-01-31,ADSK,1,ADSK
2010-01-31,ALTR,1,ALTR
2010-01-31,AMAT,1,AMAT
2010-01-31,AMGN,1,AMGN
2010-01-31,AMZN,1,AMZN
2010-01-31,APOL,1,APOL
2010-01-31,ATVI,1,ATVI
2010-01-31,BBBY,1,BBBY
2010-01-31,BIDU,1,BIDU
2010-01-31,BIIB,1,BIIB
2010-01-31,BMC,1,BMC
2010-01-31,BRCM,1,BRCM
2010-01-31,CA,1,CA
2010-01-31,CELG,1,CELG
2010-01-31,CEPH,1,CEPH
2010-01-31,CERN,1,CERN
2010-01-31,CHKP,1,CHKP
2010-01-31,CHRW,1,CHRW
2010-01-31,CMCSA,1,CMCSA
2010-01-31,COST,1,COST
2010-01-31,CSCO,1,CSCO
2010-01-31,CTAS,1,CTAS
2010-01-31,CTSH,1,CTSH
2010-01-31,CTXS,1,CTXS
2010-01-31,DELL,1,DELL
2010-01-31,DISH,1,DISH
2010-01-31,DTV,1,DTV
2010-01-31,EA,1,EA
2010-01-31,EBAY,1,EBAY
2010-01-31,ESRX,1,ESRX
2010-01-31,EXPD,1,EXPD
2010-01-31,EXPE,1,EXPE
2010-01-31,FAST,1,FAST
2010-01-31,FB,1,META
2010-01-31,FISV,1,FISV
2010-01-31,FLEX,1,FLEX
2010-01-31,FLIR,1,FLIR
2010-01-31,FSLR,1,FSLR
2010-01-31,FWLT,1,FWLT
2010-01-31,GENZ,1,GENZ
2010-01-31,GILD,1,GILD
2010-01-31,GOOG,1,GOOGL
2010-01-31,GRMN,1,GRMN
2010-01-31,HOLX,1,HOLX
2010-01-31,HSIC,1,HSIC
2010-01-31,ILMN,1,ILMN
2010-01-31,INTC,1,INTC
2010-01-31,INTU,1,INTU
2010-01-31,ISRG,1,ISRG
2010-01-31,JBHT,1,JBHT
2010-01-31,JOYG,1,JOYG
2010-01-31,KLAC,1,KLAC
2010-01-31,LIFE,1,LIFE
2010-01-31,LLTC,1,LLTC
2010-01-31,LOGI,1,LOGI
2010-01-31,LRCX,1,LRCX
2010-01-31,MAT,1,MAT
2010-01-31,MCHP,1,MCHP
2010-01-31,MICC,1,MICC
2010-01-31,MRVL,1,MRVL
2010-01-31,MSFT,1,MSFT
2010-01-31,MWW,1,MWW
2010-01-31,MXIM,1,MXIM
2010-01-31,MYL,1,MYL
2010-01-31,NIHD,1,NIHD
2010-01-31,NTAP,1,NTAP
2010-01-31,NVDA,1,NVDA
2010-01-31,NWSA,1,FOXA
2010-01-31,ORCL,1,ORCL
2010-01-31,ORLY,1,ORLY
2010-01-31,PAYX,1,PAYX
2010-01-31,PCAR,1,PCAR
2010-01-31,PCLN,1,BKNG
2010-01-31,PDCO,1,PDCO
2010-01-31,QCOM,1,QCOM
2010-01-31,QGEN,1,QGEN
2010-01-31,QRTEA,1,QRTEA
2010-01-31,RIMM,1,RIMM
2010-01-31,ROST,1,ROST
2010-01-31,SBUX,1,SBUX
2010-01-31,SHLD,1,SHLD
2010-01-31,SIAL,1,SIAL
2010-01-31,SNDK,1,SNDK
2010-01-31,SPLS,1,SPLS
2010-01-31,SRCL,1,SRCL
2010-01-31,SYMC,1,NLOK
2010-01-31,URBN,1,URBN
2010-01-31,VIAB,1,VIAB
2010-01-31,VMED,1,VMED
2010-01-31,VOD,1,VOD
2010-01-31,VRSN,1,VRSN
2010-01-31,VRTX,1,VRTX
2010-01-31,WCRX,1,WCRX
2010-01-31,WYNN,1,WYNN
2010-01-31,XLNX,1,XLNX
2010-01-31,XRAY,1,XRAY
2010-01-31,YHOO,1,YHOO
2010-02-28,AAPL,1,AAPL
2010-02-28,ADBE,1,ADBE
2010-02-28,ADP,1,ADP
2010-02-28,ADSK,1,ADSK
2010-02-28,ALTR,1,ALTR
2010-02-28,AMAT,1,AMAT
2010-02-28,AMGN,1,AMGN
2010-02-28,AMZN,1,AMZN
2010-02-28,APOL,1,APOL
2010-02-28,ATVI,1,ATVI
2010-02-28,BBBY,1,BBBY
2010-02-28,BIDU,1,BIDU
2010-02-28,BIIB,1,BIIB
2010-02-28,BMC,1,BMC
2010-02-28,BRCM,1,BRCM
2010-02-28,CA,1,CA
2010-02-28,CELG,1,CELG
2010-02-28,CEPH,1,CEPH
2010-02-28,CERN,1,CERN
2010-02-28,CHKP,1,CHKP
2010-02-28,CHRW,1,CHRW
2010-02-28,CMCSA,1,CMCSA
2010-02-28,COST,1,COST
2010-02-28,CSCO,1,CSCO
2010-02-28,CTAS,1,CTAS
2010-02-28,CTSH,1,CTSH
2010-02-28,CTXS,1,CTXS
2010-02-28,DELL,1,DELL
2010-02-28,DISH,1,DISH
2010-02-28,DTV,1,DTV
2010-02-28,EA,1,EA
2010-02-28,EBAY,1,EBAY
2010-02-28,ESRX,1,ESRX
2010-02-28,EXPD,1,EXPD
2010-02-28,EXPE,1,EXPE
2010-02-28,FAST,1,FAST
2010-02-28,FB,1,META
2010-02-28,FISV,1,FISV
2010-02-28,FLEX,1,FLEX
2010-02-28,FLIR,1,FLIR
2010-02-28,FSLR,1,FSLR
2010-02-28,FWLT,1,FWLT
2010-02-28,GENZ,1,GENZ
2010-02-28,GILD,1,GILD
2010-02-28,GOOG,1,GOOGL
2010-02-28,GRMN,1,GRMN
2010-02-28,HOLX,1,HOLX
2010-02-28,HSIC,1,HSIC
2010-02-28,ILMN,1,ILMN
2010-02-28,INTC,1,INTC
2010-02-28,INTU,1,INTU
2010-02-28,ISRG,1,ISRG
2010-02-28,JBHT,1,JBHT
2010-02-28,JOYG,1,JOYG
2010-02-28,KLAC,1,KLAC
2010-02-28,LIFE,1,LIFE
2010-02-28,LLTC,1,LLTC
2010-02-28,LOGI,1,LOGI
2010-02-28,LRCX,1,LRCX
2010-02-28,MAT,1,MAT
2010-02-28,MCHP,1,MCHP
2010-02-28,MICC,1,MICC
2010-02-28,MRVL,1,MRVL
2010-02-28,MSFT,1,MSFT
2010-02-28,MWW,1,MWW
2010-02-28,MXIM,1,MXIM
2010-02-28,MYL,1,MYL
2010-02-28,NIHD,1,NIHD
2010-02-28,NTAP,1,NTAP
2010-02-28,NVDA,1,NVDA
2010-02-28,NWSA,1,FOXA
2010-02-28,ORCL,1,ORCL
2010-02-28,ORLY,1,ORLY
2010-02-28,PAYX,1,PAYX
2010-02-28,PCAR,1,PCAR
2010-02-28,PCLN,1,BKNG
2010-02-28,PDCO,1,PDCO
2010-02-28,QCOM,1,QCOM
2010-02-28,QGEN,1,QGEN
2010-02-28,QRTEA,1,QRTEA
2010-02-28,RIMM,1,RIMM
2010-02-28,ROST,1,ROST
2010-02-28,SBUX,1,SBUX
2010-02-28,SHLD,1,SHLD
2010-02-28,SIAL,1,SIAL
2010-02-28,SNDK,1,SNDK
2010-02-28,SPLS,1,SPLS
2010-02-28,SRCL,1,SRCL
2010-02-28,SYMC,1,NLOK
2010-02-28,URBN,1,URBN
2010-02-28,VIAB,1,VIAB
2010-02-28,VMED,1,VMED
2010-02-28,VOD,1,VOD
2010-02-28,VRSN,1,VRSN
2010-02-28,VRTX,1,VRTX
2010-02-28,WCRX,1,WCRX
2010-02-28,WYNN,1,WYNN
2010-02-28,XLNX,1,XLNX
2010-02-28,XRAY,1,XRAY
2010-02-28,YHOO,1,YHOO
2010-03-31,AAPL,1,AAPL
2010-03-31,ADBE,1,ADBE
2010-03-31,ADP,1,ADP
2010-03-31,ADSK,1,ADSK
2010-03-31,ALTR,1,ALTR
2010-03-31,AMAT,1,AMAT
2010-03-31,AMGN,1,AMGN
2010-03-31,AMZN,1,AMZN
2010-03-31,APOL,1,APOL
2010-03-31,ATVI,1,ATVI
2010-03-31,BBBY,1,BBBY
2010-03-31,BIDU,1,BIDU
2010-03-31,BIIB,1,BIIB
2010-03-31,BMC,1,BMC
2010-03-31,BRCM,1,BRCM
2010-03-31,CA,1,CA
2010-03-31,CELG,1,CELG
2010-03-31,CEPH,1,CEPH
2010-03-31,CERN,1,CERN
2010-03-31,CHKP,1,CHKP
2010-03-31,CHRW,1,CHRW
2010-03-31,CMCSA,1,CMCSA
2010-03-31,COST,1,COST
2010-03-31,CSCO,1,CSCO
2010-03-31,CTAS,1,CTAS
2010-03-31,CTSH,1,CTSH
2010-03-31,CTXS,1,CTXS
2010-03-31,DELL,1,DELL
2010-03-31,DISH,1,DISH
2010-03-31,DTV,1,DTV
2010-03-31,EA,1,EA
2010-03-31,EBAY,1,EBAY
2010-03-31,ESRX,1,ESRX
2010-03-31,EXPD,1,EXPD
2010-03-31,EXPE,1,EXPE
2010-03-31,FAST,1,FAST
2010-03-31,FB,1,META
2010-03-31,FISV,1,FISV
2010-03-31,FLEX,1,FLEX
2010-03-31,FLIR,1,FLIR
2010-03-31,FSLR,1,FSLR
2010-03-31,FWLT,1,FWLT
2010-03-31,GENZ,1,GENZ
2010-03-31,GILD,1,GILD
2010-03-31,GOOG,1,GOOGL
2010-03-31,GRMN,1,GRMN
2010-03-31,HOLX,1,HOLX
2010-03-31,HSIC,1,HSIC
2010-03-31,ILMN,1,ILMN
2010-03-31,INTC,1,INTC
2010-03-31,INTU,1,INTU
2010-03-31,ISRG,1,ISRG
2010-03-31,JBHT,1,JBHT
2010-03-31,JOYG,1,JOYG
2010-03-31,KLAC,1,KLAC
2010-03-31,LIFE,1,LIFE
2010-03-31,LLTC,1,LLTC
2010-03-31,LOGI,1,LOGI
2010-03-31,LRCX,1,LRCX
2010-03-31,MAT,1,MAT
2010-03-31,MCHP,1,MCHP
2010-03-31,MICC,1,MICC
2010-03-31,MRVL,1,MRVL
2010-03-31,MSFT,1,MSFT
2010-03-31,MWW,1,MWW
2010-03-31,MXIM,1,MXIM
2010-03-31,MYL,1,MYL
2010-03-31,NIHD,1,NIHD
2010-03-31,NTAP,1,NTAP
2010-03-31,NVDA,1,NVDA
2010-03-31,NWSA,1,FOXA
2010-03-31,ORCL,1,ORCL
2010-03-31,ORLY,1,ORLY
2010-03-31,PAYX,1,PAYX
2010-03-31,PCAR,1,PCAR
2010-03-31,PCLN,1,BKNG
2010-03-31,PDCO,1,PDCO
2010-03-31,QCOM,1,QCOM
2010-03-31,QGEN,1,QGEN
2010-03-31,QRTEA,1,QRTEA
2010-03-31,RIMM,1,RIMM
2010-03-31,ROST,1,ROST
2010-03-31,SBUX,1,SBUX
2010-03-31,SHLD,1,SHLD
2010-03-31,SIAL,1,SIAL
2010-03-31,SNDK,1,SNDK
2010-03-31,SPLS,1,SPLS
2010-03-31,SRCL,1,SRCL
2010-03-31,SYMC,1,NLOK
2010-03-31,URBN,1,URBN
2010-03-31,VIAB,1,VIAB
2010-03-31,VMED,1,VMED
2010-03-31,VOD,1,VOD
2010-03-31,VRSN,1,VRSN
2010-03-31,VRTX,1,VRTX
2010-03-31,WCRX,1,WCRX
2010-03-31,WYNN,1,WYNN
2010-03-31,XLNX,1,XLNX
2010-03-31,XRAY,1,XRAY
2010-03-31,YHOO,1,YHOO
2010-04-30,AAPL,1,AAPL
2010-04-30,ADBE,1,ADBE
2010-04-30,ADP,1,ADP
2010-04-30,ADSK,1,ADSK
2010-04-30,ALTR,1,ALTR
2010-04-30,AMAT,1,AMAT
2010-04-30,AMGN,1,AMGN
2010-04-30,AMZN,1,AMZN
2010-04-30,APOL,1,APOL
2010-04-30,ATVI,1,ATVI
2010-04-30,BBBY,1,BBBY
2010-04-30,BIDU,1,BIDU
2010-04-30,BIIB,1,BIIB
2010-04-30,BMC,1,BMC
2010-04-30,BRCM,1,BRCM
2010-04-30,CA,1,CA
2010-04-30,CELG,1,CELG
2010-04-30,CEPH,1,CEPH
2010-04-30,CERN,1,CERN
2010-04-30,CHKP,1,CHKP
2010-04-30,CHRW,1,CHRW
2010-04-30,CMCSA,1,CMCSA
2010-04-30,COST,1,COST
2010-04-30,CSCO,1,CSCO
2010-04-30,CTAS,1,CTAS
2010-04-30,CTSH,1,CTSH
2010-04-30,CTXS,1,CTXS
2010-04-30,DELL,1,DELL
2010-04-30,DISH,1,DISH
2010-04-30,DTV,1,DTV
2010-04-30,EA,1,EA
2010-04-30,EBAY,1,EBAY
2010-04-30,ESRX,1,ESRX
2010-04-30,EXPD,1,EXPD
2010-04-30,EXPE,1,EXPE
2010-04-30,FAST,1,FAST
2010-04-30,FB,1,META
2010-04-30,FISV,1,FISV
2010-04-30,FLEX,1,FLEX
2010-04-30,FLIR,1,FLIR
2010-04-30,FSLR,1,FSLR
2010-04-30,FWLT,1,FWLT
2010-04-30,GENZ,1,GENZ
2010-04-30,GILD,1,GILD
2010-04-30,GOOG,1,GOOGL
2010-04-30,GRMN,1,GRMN
2010-04-30,HOLX,1,HOLX
2010-04-30,HSIC,1,HSIC
2010-04-30,ILMN,1,ILMN
2010-04-30,INTC,1,INTC
2010-04-30,INTU,1,INTU
2010-04-30,ISRG,1,ISRG
2010-04-30,JBHT,1,JBHT
2010-04-30,JOYG,1,JOYG
2010-04-30,KLAC,1,KLAC
2010-04-30,LIFE,1,LIFE
2010-04-30,LLTC,1,LLTC
2010-04-30,LOGI,1,LOGI
2010-04-30,LRCX,1,LRCX
2010-04-30,MAT,1,MAT
2010-04-30,MCHP,1,MCHP
2010-04-30,MICC,1,MICC
2010-04-30,MRVL,1,MRVL
2010-04-30,MSFT,1,MSFT
2010-04-30,MWW,1,MWW
2010-04-30,MXIM,1,MXIM
2010-04-30,MYL,1,MYL
2010-04-30,NIHD,1,NIHD
2010-04-30,NTAP,1,NTAP
2010-04-30,NVDA,1,NVDA
2010-04-30,NWSA,1,FOXA
2010-04-30,ORCL,1,ORCL
2010-04-30,ORLY,1,ORLY
2010-04-30,PAYX,1,PAYX
2010-04-30,PCAR,1,PCAR
2010-04-30,PCLN,1,BKNG
2010-04-30,PDCO,1,PDCO
2010-04-30,QCOM,1,QCOM
2010-04-30,QGEN,1,QGEN
2010-04-30,QRTEA,1,QRTEA
2010-04-30,RIMM,1,RIMM
2010-04-30,ROST,1,ROST
2010-04-30,SBUX,1,SBUX
2010-04-30,SHLD,1,SHLD
2010-04-30,SIAL,1,SIAL
2010-04-30,SNDK,1,SNDK
2010-04-30,SPLS,1,SPLS
2010-04-30,SRCL,1,SRCL
2010-04-30,SYMC,1,NLOK
2010-04-30,URBN,1,URBN
2010-04-30,VIAB,1,VIAB
2010-04-30,VMED,1,VMED
2010-04-30,VOD,1,VOD
2010-04-30,VRSN,1,VRSN
2010-04-30,VRTX,1,VRTX
2010-04-30,WCRX,1,WCRX
2010-04-30,WYNN,1,WYNN
2010-04-30,XLNX,1,XLNX
2010-04-30,XRAY,1,XRAY
2010-04-30,YHOO,1,YHOO
2010-05-31,AAPL,1,AAPL
2010-05-31,ADBE,1,ADBE
2010-05-31,ADP,1,ADP
2010-05-31,ADSK,1,ADSK
2010-05-31,ALTR,1,ALTR
2010-05-31,AMAT,1,AMAT
2010-05-31,AMGN,1,AMGN
2010-05-31,AMZN,1,AMZN
2010-05-31,APOL,1,APOL
2010-05-31,ATVI,1,ATVI
2010-05-31,BBBY,1,BBBY
2010-05-31,BIDU,1,BIDU
2010-05-31,BIIB,1,BIIB
2010-05-31,BMC,1,BMC
2010-05-31,BRCM,1,BRCM
2010-05-31,CA,1,CA
2010-05-31,CELG,1,CELG
2010-05-31,CEPH,1,CEPH
2010-05-31,CERN,1,CERN
2010-05-31,CHKP,1,CHKP
2010-05-31,CHRW,1,CHRW
2010-05-31,CMCSA,1,CMCSA
2010-05-31,COST,1,COST
2010-05-31,CSCO,1,CSCO
2010-05-31,CTAS,1,CTAS
2010-05-31,CTSH,1,CTSH
2010-05-31,CTXS,1,CTXS
2010-05-31,DELL,1,DELL
2010-05-31,DISH,1,DISH
2010-05-31,DTV,1,DTV
2010-05-31,EA,1,EA
2010-05-31,EBAY,1,EBAY
2010-05-31,ESRX,1,ESRX
2010-05-31,EXPD,1,EXPD
2010-05-31,EXPE,1,EXPE
2010-05-31,FAST,1,FAST
2010-05-31,FB,1,META
2010-05-31,FISV,1,FISV
2010-05-31,FLEX,1,FLEX
2010-05-31,FLIR,1,FLIR
2010-05-31,FSLR,1,FSLR
2010-05-31,FWLT,1,FWLT
2010-05-31,GENZ,1,GENZ
2010-05-31,GILD,1,GILD
2010-05-31,GOOG,1,GOOGL
2010-05-31,GRMN,1,GRMN
2010-05-31,HOLX,1,HOLX
2010-05-31,HSIC,1,HSIC
2010-05-31,ILMN,1,ILMN
2010-05-31,INTC,1,INTC
2010-05-31,INTU,1,INTU
2010-05-31,ISRG,1,ISRG
2010-05-31,JBHT,1,JBHT
2010-05-31,JOYG,1,JOYG
2010-05-31,KLAC,1,KLAC
2010-05-31,LIFE,1,LIFE
2010-05-31,LLTC,1,LLTC
2010-05-31,LOGI,1,LOGI
2010-05-31,LRCX,1,LRCX
2010-05-31,MAT,1,MAT
2010-05-31,MCHP,1,MCHP
2010-05-31,MICC,1,MICC
2010-05-31,MRVL,1,MRVL
2010-05-31,MSFT,1,MSFT
2010-05-31,MWW,1,MWW
2010-05-31,MXIM,1,MXIM
2010-05-31,MYL,1,MYL
2010-05-31,NIHD,1,NIHD
2010-05-31,NTAP,1,NTAP
2010-05-31,NVDA,1,NVDA
2010-05-31,NWSA,1,FOXA
2010-05-31,ORCL,1,ORCL
2010-05-31,ORLY,1,ORLY
2010-05-31,PAYX,1,PAYX
2010-05-31,PCAR,1,PCAR
2010-05-31,PCLN,1,BKNG
2010-05-31,PDCO,1,PDCO
2010-05-31,QCOM,1,QCOM
2010-05-31,QGEN,1,QGEN
2010-05-31,QRTEA,1,QRTEA
2010-05-31,RIMM,1,RIMM
2010-05-31,ROST,1,ROST
2010-05-31,SBUX,1,SBUX
2010-05-31,SHLD,1,SHLD
2010-05-31,SIAL,1,SIAL
2010-05-31,SNDK,1,SNDK
2010-05-31,SPLS,1,SPLS
2010-05-31,SRCL,1,SRCL
2010-05-31,SYMC,1,NLOK
2010-05-31,URBN,1,URBN
2010-05-31,VIAB,1,VIAB
2010-05-31,VMED,1,VMED
2010-05-31,VOD,1,VOD
2010-05-31,VRSN,1,VRSN
2010-05-31,VRTX,1,VRTX
2010-05-31,WCRX,1,WCRX
2010-05-31,WYNN,1,WYNN
2010-05-31,XLNX,1,XLNX
2010-05-31,XRAY,1,XRAY
2010-05-31,YHOO,1,YHOO
2010-06-30,AAPL,1,AAPL
2010-06-30,ADBE,1,ADBE
2010-06-30,ADP,1,ADP
2010-06-30,ADSK,1,ADSK
2010-06-30,ALTR,1,ALTR
2010-06-30,AMAT,1,AMAT
2010-06-30,AMGN,1,AMGN
2010-06-30,AMZN,1,AMZN
2010-06-30,APOL,1,APOL
2010-06-30,ATVI,1,ATVI
2010-06-30,BBBY,1,BBBY
2010-06-30,BIDU,1,BIDU
2010-06-30,BIIB,1,BIIB
2010-06-30,BMC,1,BMC
2010-06-30,BRCM,1,BRCM
2010-06-30,CA,1,CA
2010-06-30,CELG,1,CELG
2010-06-30,CEPH,1,CEPH
2010-06-30,CERN,1,CERN
2010-06-30,CHKP,1,CHKP
2010-06-30,CHRW,1,CHRW
2010-06-30,CMCSA,1,CMCSA
2010-06-30,COST,1,COST
2010-06-30,CSCO,1,CSCO
2010-06-30,CTAS,1,CTAS
2010-06-30,CTSH,1,CTSH
2010-06-30,CTXS,1,CTXS
2010-06-30,DELL,1,DELL
2010-06-30,DISH,1,DISH
2010-06-30,DTV,1,DTV
2010-06-30,EA,1,EA
2010-06-30,EBAY,1,EBAY
2010-06-30,ESRX,1,ESRX
2010-06-30,EXPD,1,EXPD
2010-06-30,EXPE,1,EXPE
2010-06-30,FAST,1,FAST
2010-06-30,FB,1,META
2010-06-30,FISV,1,FISV
2010-06-30,FLEX,1,FLEX
2010-06-30,FLIR,1,FLIR
2010-06-30,FSLR,1,FSLR
2010-06-30,FWLT,1,FWLT
2010-06-30,GENZ,1,GENZ
2010-06-30,GILD,1,GILD
2010-06-30,GOOG,1,GOOGL
2010-06-30,GRMN,1,GRMN
2010-06-30,HOLX,1,HOLX
2010-06-30,HSIC,1,HSIC
2010-06-30,ILMN,1,ILMN
2010-06-30,INTC,1,INTC
2010-06-30,INTU,1,INTU
2010-06-30,ISRG,1,ISRG
2010-06-30,JBHT,1,JBHT
2010-06-30,JOYG,1,JOYG
2010-06-30,KLAC,1,KLAC
2010-06-30,LIFE,1,LIFE
2010-06-30,LLTC,1,LLTC
2010-06-30,LOGI,1,LOGI
2010-06-30,LRCX,1,LRCX
2010-06-30,MAT,1,MAT
2010-06-30,MCHP,1,MCHP
2010-06-30,MICC,1,MICC
2010-06-30,MRVL,1,MRVL
2010-06-30,MSFT,1,MSFT
2010-06-30,MWW,1,MWW
2010-06-30,MXIM,1,MXIM
2010-06-30,MYL,1,MYL
2010-06-30,NIHD,1,NIHD
2010-06-30,NTAP,1,NTAP
2010-06-30,NVDA,1,NVDA
2010-06-30,NWSA,1,FOXA
2010-06-30,ORCL,1,ORCL
2010-06-30,ORLY,1,ORLY
2010-06-30,PAYX,1,PAYX
2010-06-30,PCAR,1,PCAR
2010-06-30,PCLN,1,BKNG
2010-06-30,PDCO,1,PDCO
2010-06-30,QCOM,1,QCOM
2010-06-30,QGEN,1,QGEN
2010-06-30,QRTEA,1,QRTEA
2010-06-30,RIMM,1,RIMM
2010-06-30,ROST,1,ROST
2010-06-30,SBUX,1,SBUX
2010-06-30,SHLD,1,SHLD
2010-06-30,SIAL,1,SIAL
2010-06-30,SNDK,1,SNDK
2010-06-30,SPLS,1,SPLS
2010-06-30,SRCL,1,SRCL
2010-06-30,SYMC,1,NLOK
2010-06-30,URBN,1,URBN
2010-06-30,VIAB,1,VIAB
2010-06-30,VMED,1,VMED
2010-06-30,VOD,1,VOD
2010-06-30,VRSN,1,VRSN
2010-06-30,VRTX,1,VRTX
2010-06-30,WCRX,1,WCRX
2010-06-30,WYNN,1,WYNN
2010-06-30,XLNX,1,XLNX
2010-06-30,XRAY,1,XRAY
2010-06-30,YHOO,1,YHOO
2010-07-31,AAPL,1,AAPL
2010-07-31,ADBE,1,ADBE
2010-07-31,ADP,1,ADP
2010-07-31,ADSK,1,ADSK
2010-07-31,ALTR,1,ALTR
2010-07-31,AMAT,1,AMAT
2010-07-31,AMGN,1,AMGN
2010-07-31,AMZN,1,AMZN
2010-07-31,APOL,1,APOL
2010-07-31,ATVI,1,ATVI
2010-07-31,BBBY,1,BBBY
2010-07-31,BIDU,1,BIDU
2010-07-31,BIIB,1,BIIB
2010-07-31,BMC,1,BMC
2010-07-31,BRCM,1,BRCM
2010-07-31,CA,1,CA
2010-07-31,CELG,1,CELG
2010-07-31,CEPH,1,CEPH
2010-07-31,CERN,1,CERN
2010-07-31,CHKP,1,CHKP
2010-07-31,CHRW,1,CHRW
2010-07-31,CMCSA,1,CMCSA
2010-07-31,COST,1,COST
2010-07-31,CSCO,1,CSCO
2010-07-31,CTAS,1,CTAS
2010-07-31,CTSH,1,CTSH
2010-07-31,CTXS,1,CTXS
2010-07-31,DELL,1,DELL
2010-07-31,DISH,1,DISH
2010-07-31,DTV,1,DTV
2010-07-31,EA,1,EA
2010-07-31,EBAY,1,EBAY
2010-07-31,ESRX,1,ESRX
2010-07-31,EXPD,1,EXPD
2010-07-31,EXPE,1,EXPE
2010-07-31,FAST,1,FAST
2010-07-31,FB,1,META
2010-07-31,FISV,1,FISV
2010-07-31,FLEX,1,FLEX
2010-07-31,FLIR,1,FLIR
2010-07-31,FSLR,1,FSLR
2010-07-31,FWLT,1,FWLT
2010-07-31,GENZ,1,GENZ
2010-07-31,GILD,1,GILD
2010-07-31,GOOG,1,GOOGL
2010-07-31,GRMN,1,GRMN
2010-07-31,HOLX,1,HOLX
2010-07-31,HSIC,1,HSIC
2010-07-31,ILMN,1,ILMN
2010-07-31,INTC,1,INTC
2010-07-31,INTU,1,INTU
2010-07-31,ISRG,1,ISRG
2010-07-31,JBHT,1,JBHT
2010-07-31,JOYG,1,JOYG
2010-07-31,KLAC,1,KLAC
2010-07-31,LIFE,1,LIFE
2010-07-31,LLTC,1,LLTC
2010-07-31,LOGI,1,LOGI
2010-07-31,LRCX,1,LRCX
2010-07-31,MAT,1,MAT
2010-07-31,MCHP,1,MCHP
2010-07-31,MICC,1,MICC
2010-07-31,MRVL,1,MRVL
2010-07-31,MSFT,1,MSFT
2010-07-31,MWW,1,MWW
2010-07-31,MXIM,1,MXIM
2010-07-31,MYL,1,MYL
2010-07-31,NIHD,1,NIHD
2010-07-31,NTAP,1,NTAP
2010-07-31,NVDA,1,NVDA
2010-07-31,NWSA,1,FOXA
2010-07-31,ORCL,1,ORCL
2010-07-31,ORLY,1,ORLY
2010-07-31,PAYX,1,PAYX
2010-07-31,PCAR,1,PCAR
2010-07-31,PCLN,1,BKNG
2010-07-31,PDCO,1,PDCO
2010-07-31,QCOM,1,QCOM
2010-07-31,QGEN,1,QGEN
2010-07-31,QRTEA,1,QRTEA
2010-07-31,RIMM,1,RIMM
2010-07-31,ROST,1,ROST
2010-07-31,SBUX,1,SBUX
2010-07-31,SHLD,1,SHLD
2010-07-31,SIAL,1,SIAL
2010-07-31,SNDK,1,SNDK
2010-07-31,SPLS,1,SPLS
2010-07-31,SRCL,1,SRCL
2010-07-31,SYMC,1,NLOK
2010-07-31,URBN,1,URBN
2010-07-31,VIAB,1,VIAB
2010-07-31,VMED,1,VMED
2010-07-31,VOD,1,VOD
2010-07-31,VRSN,1,VRSN
2010-07-31,VRTX,1,VRTX
2010-07-31,WCRX,1,WCRX
2010-07-31,WYNN,1,WYNN
2010-07-31,XLNX,1,XLNX
2010-07-31,XRAY,1,XRAY
2010-07-31,YHOO,1,YHOO
2010-08-31,AAPL,1,AAPL
2010-08-31,ADBE,1,ADBE
2010-08-31,ADP,1,ADP
2010-08-31,ADSK,1,ADSK
2010-08-31,ALTR,1,ALTR
2010-08-31,AMAT,1,AMAT
2010-08-31,AMGN,1,AMGN
2010-08-31,AMZN,1,AMZN
2010-08-31,APOL,1,APOL
2010-08-31,ATVI,1,ATVI
2010-08-31,BBBY,1,BBBY
2010-08-31,BIDU,1,BIDU
2010-08-31,BIIB,1,BIIB
2010-08-31,BMC,1,BMC
2010-08-31,BRCM,1,BRCM
2010-08-31,CA,1,CA
2010-08-31,CELG,1,CELG
2010-08-31,CEPH,1,CEPH
2010-08-31,CERN,1,CERN
2010-08-31,CHKP,1,CHKP
2010-08-31,CHRW,1,CHRW
2010-08-31,CMCSA,1,CMCSA
2010-08-31,COST,1,COST
2010-08-31,CSCO,1,CSCO
2010-08-31,CTAS,1,CTAS
2010-08-31,CTSH,1,CTSH
2010-08-31,CTXS,1,CTXS
2010-08-31,DELL,1,DELL
2010-08-31,DISH,1,DISH
2010-08-31,DTV,1,DTV
2010-08-31,EA,1,EA
2010-08-31,EBAY,1,EBAY
2010-08-31,ESRX,1,ESRX
2010-08-31,EXPD,1,EXPD
2010-08-31,EXPE,1,EXPE
2010-08-31,FAST,1,FAST
2010-08-31,FB,1,META
2010-08-31,FISV,1,FISV
2010-08-31,FLEX,1,FLEX
2010-08-31,FLIR,1,FLIR
2010-08-31,FSLR,1,FSLR
2010-08-31,FWLT,1,FWLT
2010-08-31,GENZ,1,GENZ
2010-08-31,GILD,1,GILD
2010-08-31,GOOG,1,GOOGL
2010-08-31,GRMN,1,GRMN
2010-08-31,HOLX,1,HOLX
2010-08-31,HSIC,1,HSIC
2010-08-31,ILMN,1,ILMN
2010-08-31,INTC,1,INTC
2010-08-31,INTU,1,INTU
2010-08-31,ISRG,1,ISRG
2010-08-31,JBHT,1,JBHT
2010-08-31,JOYG,1,JOYG
2010-08-31,KLAC,1,KLAC
2010-08-31,LIFE,1,LIFE
2010-08-31,LLTC,1,LLTC
2010-08-31,LOGI,1,LOGI
2010-08-31,LRCX,1,LRCX
2010-08-31,MAT,1,MAT
2010-08-31,MCHP,1,MCHP
2010-08-31,MICC,1,MICC
2010-08-31,MRVL,1,MRVL
2010-08-31,MSFT,1,MSFT
2010-08-31,MWW,1,MWW
2010-08-31,MXIM,1,MXIM
2010-08-31,MYL,1,MYL
2010-08-31,NIHD,1,NIHD
2010-08-31,NTAP,1,NTAP
2010-08-31,NVDA,1,NVDA
2010-08-31,NWSA,1,FOXA
2010-08-31,ORCL,1,ORCL
2010-08-31,ORLY,1,ORLY
2010-08-31,PAYX,1,PAYX
2010-08-31,PCAR,1,PCAR
2010-08-31,PCLN,1,BKNG
2010-08-31,PDCO,1,PDCO
2010-08-31,QCOM,1,QCOM
2010-08-31,QGEN,1,QGEN
2010-08-31,QRTEA,1,QRTEA
2010-08-31,RIMM,1,RIMM
2010-08-31,ROST,1,ROST
2010-08-31,SBUX,1,SBUX
2010-08-31,SHLD,1,SHLD
2010-08-31,SIAL,1,SIAL
2010-08-31,SNDK,1,SNDK
2010-08-31,SPLS,1,SPLS
2010-08-31,SRCL,1,SRCL
2010-08-31,SYMC,1,NLOK
2010-08-31,URBN,1,URBN
2010-08-31,VIAB,1,VIAB
2010-08-31,VMED,1,VMED
2010-08-31,VOD,1,VOD
2010-08-31,VRSN,1,VRSN
2010-08-31,VRTX,1,VRTX
2010-08-31,WCRX,1,WCRX
2010-08-31,WYNN,1,WYNN
2010-08-31,XLNX,1,XLNX
2010-08-31,XRAY,1,XRAY
2010-08-31,YHOO,1,YHOO
2010-09-30,AAPL,1,AAPL
2010-09-30,ADBE,1,ADBE
2010-09-30,ADP,1,ADP
2010-09-30,ADSK,1,ADSK
2010-09-30,ALTR,1,ALTR
2010-09-30,AMAT,1,AMAT
2010-09-30,AMGN,1,AMGN
2010-09-30,AMZN,1,AMZN
2010-09-30,APOL,1,APOL
2010-09-30,ATVI,1,ATVI
2010-09-30,BBBY,1,BBBY
2010-09-30,BIDU,1,BIDU
2010-09-30,BIIB,1,BIIB
2010-09-30,BMC,1,BMC
2010-09-30,BRCM,1,BRCM
2010-09-30,CA,1,CA
2010-09-30,CELG,1,CELG
2010-09-30,CEPH,1,CEPH
2010-09-30,CERN,1,CERN
2010-09-30,CHKP,1,CHKP
2010-09-30,CHRW,1,CHRW
2010-09-30,CMCSA,1,CMCSA
2010-09-30,COST,1,COST
2010-09-30,CSCO,1,CSCO
2010-09-30,CTAS,1,CTAS
2010-09-30,CTSH,1,CTSH
2010-09-30,CTXS,1,CTXS
2010-09-30,DELL,1,DELL
2010-09-30,DISH,1,DISH
2010-09-30,DTV,1,DTV
2010-09-30,EA,1,EA
2010-09-30,EBAY,1,EBAY
2010-09-30,ESRX,1,ESRX
2010-09-30,EXPD,1,EXPD
2010-09-30,EXPE,1,EXPE
2010-09-30,FAST,1,FAST
2010-09-30,FB,1,META
2010-09-30,FISV,1,FISV
2010-09-30,FLEX,1,FLEX
2010-09-30,FLIR,1,FLIR
2010-09-30,FSLR,1,FSLR
2010-09-30,FWLT,1,FWLT
2010-09-30,GENZ,1,GENZ
2010-09-30,GILD,1,GILD
2010-09-30,GOOG,1,GOOGL
2010-09-30,GRMN,1,GRMN
2010-09-30,HOLX,1,HOLX
2010-09-30,HSIC,1,HSIC
2010-09-30,ILMN,1,ILMN
2010-09-30,INTC,1,INTC
2010-09-30,INTU,1,INTU
2010-09-30,ISRG,1,ISRG
2010-09-30,JBHT,1,JBHT
2010-09-30,JOYG,1,JOYG
2010-09-30,KLAC,1,KLAC
2010-09-30,LIFE,1,LIFE
2010-09-30,LLTC,1,LLTC
2010-09-30,LOGI,1,LOGI
2010-09-30,LRCX,1,LRCX
2010-09-30,MAT,1,MAT
2010-09-30,MCHP,1,MCHP
2010-09-30,MICC,1,MICC
2010-09-30,MRVL,1,MRVL
2010-09-30,MSFT,1,MSFT
2010-09-30,MWW,1,MWW
2010-09-30,MXIM,1,MXIM
2010-09-30,MYL,1,MYL
2010-09-30,NIHD,1,NIHD
2010-09-30,NTAP,1,NTAP
2010-09-30,NVDA,1,NVDA
2010-09-30,NWSA,1,FOXA
2010-09-30,ORCL,1,ORCL
2010-09-30,ORLY,1,ORLY
2010-09-30,PAYX,1,PAYX
2010-09-30,PCAR,1,PCAR
2010-09-30,PCLN,1,BKNG
2010-09-30,PDCO,1,PDCO
2010-09-30,QCOM,1,QCOM
2010-09-30,QGEN,1,QGEN
2010-09-30,QRTEA,1,QRTEA
2010-09-30,RIMM,1,RIMM
2010-09-30,ROST,1,ROST
2010-09-30,SBUX,1,SBUX
2010-09-30,SHLD,1,SHLD
2010-09-30,SIAL,1,SIAL
2010-09-30,SNDK,1,SNDK
2010-09-30,SPLS,1,SPLS
2010-09-30,SRCL,1,SRCL
2010-09-30,SYMC,1,NLOK
2010-09-30,URBN,1,URBN
2010-09-30,VIAB,1,VIAB
2010-09-30,VMED,1,VMED
2010-09-30,VOD,1,VOD
2010-09-30,VRSN,1,VRSN
2010-09-30,VRTX,1,VRTX
2010-09-30,WCRX,1,WCRX
2010-09-30,WYNN,1,WYNN
2010-09-30,XLNX,1,XLNX
2010-09-30,XRAY,1,XRAY
2010-09-30,YHOO,1,YHOO
2010-10-31,AAPL,1,AAPL
2010-10-31,ADBE,1,ADBE
2010-10-31,ADP,1,ADP
2010-10-31,ADSK,1,ADSK
2010-10-31,ALTR,1,ALTR
2010-10-31,AMAT,1,AMAT
2010-10-31,AMGN,1,AMGN
2010-10-31,AMZN,1,AMZN
2010-10-31,APOL,1,APOL
2010-10-31,ATVI,1,ATVI
2010-10-31,BBBY,1,BBBY
2010-10-31,BIDU,1,BIDU
2010-10-31,BIIB,1,BIIB
2010-10-31,BMC,1,BMC
2010-10-31,BRCM,1,BRCM
2010-10-31,CA,1,CA
2010-10-31,CELG,1,CELG
2010-10-31,CEPH,1,CEPH
2010-10-31,CERN,1,CERN
2010-10-31,CHKP,1,CHKP
2010-10-31,CHRW,1,CHRW
2010-10-31,CMCSA,1,CMCSA
2010-10-31,COST,1,COST
2010-10-31,CSCO,1,CSCO
2010-10-31,CTAS,1,CTAS
2010-10-31,CTSH,1,CTSH
2010-10-31,CTXS,1,CTXS
2010-10-31,DELL,1,DELL
2010-10-31,DISH,1,DISH
2010-10-31,DTV,1,DTV
2010-10-31,EA,1,EA
2010-10-31,EBAY,1,EBAY
2010-10-31,ESRX,1,ESRX
2010-10-31,EXPD,1,EXPD
2010-10-31,EXPE,1,EXPE
2010-10-31,FAST,1,FAST
2010-10-31,FB,1,META
2010-10-31,FISV,1,FISV
2010-10-31,FLEX,1,FLEX
2010-10-31,FLIR,1,FLIR
2010-10-31,FSLR,1,FSLR
2010-10-31,FWLT,1,FWLT
2010-10-31,GENZ,1,GENZ
2010-10-31,GILD,1,GILD
2010-10-31,GOOG,1,GOOGL
2010-10-31,GRMN,1,GRMN
2010-10-31,HOLX,1,HOLX
2010-10-31,HSIC,1,HSIC
2010-10-31,ILMN,1,ILMN
2010-10-31,INTC,1,INTC
2010-10-31,INTU,1,INTU
2010-10-31,ISRG,1,ISRG
2010-10-31,JBHT,1,JBHT
2010-10-31,JOYG,1,JOYG
2010-10-31,KLAC,1,KLAC
2010-10-31,LIFE,1,LIFE
2010-10-31,LLTC,1,LLTC
2010-10-31,LOGI,1,LOGI
2010-10-31,LRCX,1,LRCX
2010-10-31,MAT,1,MAT
2010-10-31,MCHP,1,MCHP
2010-10-31,MICC,1,MICC
2010-10-31,MRVL,1,MRVL
2010-10-31,MSFT,1,MSFT
2010-10-31,MWW,1,MWW
2010-10-31,MXIM,1,MXIM
2010-10-31,MYL,1,MYL
2010-10-31,NIHD,1,NIHD
2010-10-31,NTAP,1,NTAP
2010-10-31,NVDA,1,NVDA
2010-10-31,NWSA,1,FOXA
2010-10-31,ORCL,1,ORCL
2010-10-31,ORLY,1,ORLY
2010-10-31,PAYX,1,PAYX
2010-10-31,PCAR,1,PCAR
2010-10-31,PCLN,1,BKNG
2010-10-31,PDCO,1,PDCO
2010-10-31,QCOM,1,QCOM
2010-10-31,QGEN,1,QGEN
2010-10-31,QRTEA,1,QRTEA
2010-10-31,RIMM,1,RIMM
2010-10-31,ROST,1,ROST
2010-10-31,SBUX,1,SBUX
2010-10-31,SHLD,1,SHLD
2010-10-31,SIAL,1,SIAL
2010-10-31,SNDK,1,SNDK
2010-10-31,SPLS,1,SPLS
2010-10-31,SRCL,1,SRCL
2010-10-31,SYMC,1,NLOK
2010-10-31,URBN,1,URBN
2010-10-31,VIAB,1,VIAB
2010-10-31,VMED,1,VMED
2010-10-31,VOD,1,VOD
2010-10-31,VRSN,1,VRSN
2010-10-31,VRTX,1,VRTX
2010-10-31,WCRX,1,WCRX
2010-10-31,WYNN,1,WYNN
2010-10-31,XLNX,1,XLNX
2010-10-31,XRAY,1,XRAY
2010-10-31,YHOO,1,YHOO
2010-11-30,AAPL,1,AAPL
2010-11-30,ADBE,1,ADBE
2010-11-30,ADP,1,ADP
2010-11-30,ADSK,1,ADSK
2010-11-30,ALTR,1,ALTR
2010-11-30,AMAT,1,AMAT
2010-11-30,AMGN,1,AMGN
2010-11-30,AMZN,1,AMZN
2010-11-30,APOL,1,APOL
2010-11-30,ATVI,1,ATVI
2010-11-30,BBBY,1,BBBY
2010-11-30,BIDU,1,BIDU
2010-11-30,BIIB,1,BIIB
2010-11-30,BMC,1,BMC
2010-11-30,BRCM,1,BRCM
2010-11-30,CA,1,CA
2010-11-30,CELG,1,CELG
2010-11-30,CEPH,1,CEPH
2010-11-30,CERN,1,CERN
2010-11-30,CHKP,1,CHKP
2010-11-30,CHRW,1,CHRW
2010-11-30,CMCSA,1,CMCSA
2010-11-30,COST,1,COST
2010-11-30,CSCO,1,CSCO
2010-11-30,CTAS,1,CTAS
2010-11-30,CTSH,1,CTSH
2010-11-30,CTXS,1,CTXS
2010-11-30,DELL,1,DELL
2010-11-30,DISH,1,DISH
2010-11-30,DTV,1,DTV
2010-11-30,EA,1,EA
2010-11-30,EBAY,1,EBAY
2010-11-30,ESRX,1,ESRX
2010-11-30,EXPD,1,EXPD
2010-11-30,EXPE,1,EXPE
2010-11-30,FAST,1,FAST
2010-11-30,FB,1,META
2010-11-30,FISV,1,FISV
2010-11-30,FLEX,1,FLEX
2010-11-30,FLIR,1,FLIR
2010-11-30,FSLR,1,FSLR
2010-11-30,FWLT,1,FWLT
2010-11-30,GENZ,1,GENZ
2010-11-30,GILD,1,GILD
2010-11-30,GOOG,1,GOOGL
2010-11-30,GRMN,1,GRMN
2010-11-30,HOLX,1,HOLX
2010-11-30,HSIC,1,HSIC
2010-11-30,ILMN,1,ILMN
2010-11-30,INTC,1,INTC
2010-11-30,INTU,1,INTU
2010-11-30,ISRG,1,ISRG
2010-11-30,JBHT,1,JBHT
2010-11-30,JOYG,1,JOYG
2010-11-30,KLAC,1,KLAC
2010-11-30,LIFE,1,LIFE
2010-11-30,LLTC,1,LLTC
2010-11-30,LOGI,1,LOGI
2010-11-30,LRCX,1,LRCX
2010-11-30,MAT,1,MAT
2010-11-30,MCHP,1,MCHP
2010-11-30,MICC,1,MICC
2010-11-30,MRVL,1,MRVL
2010-11-30,MSFT,1,MSFT
2010-11-30,MWW,1,MWW
2010-11-30,MXIM,1,MXIM
2010-11-30,MYL,1,MYL
2010-11-30,NIHD,1,NIHD
2010-11-30,NTAP,1,NTAP
2010-11-30,NVDA,1,NVDA
2010-11-30,NWSA,1,FOXA
2010-11-30,ORCL,1,ORCL
2010-11-30,ORLY,1,ORLY
2010-11-30,PAYX,1,PAYX
2010-11-30,PCAR,1,PCAR
2010-11-30,PCLN,1,BKNG
2010-11-30,PDCO,1,PDCO
2010-11-30,QCOM,1,QCOM
2010-11-30,QGEN,1,QGEN
2010-11-30,QRTEA,1,QRTEA
2010-11-30,RIMM,1,RIMM
2010-11-30,ROST,1,ROST
2010-11-30,SBUX,1,SBUX
2010-11-30,SHLD,1,SHLD
2010-11-30,SIAL,1,SIAL
2010-11-30,SNDK,1,SNDK
2010-11-30,SPLS,1,SPLS
2010-11-30,SRCL,1,SRCL
2010-11-30,SYMC,1,NLOK
2010-11-30,URBN,1,URBN
2010-11-30,VIAB,1,VIAB
2010-11-30,VMED,1,VMED
2010-11-30,VOD,1,VOD
2010-11-30,VRSN,1,VRSN
2010-11-30,VRTX,1,VRTX
2010-11-30,WCRX,1,WCRX
2010-11-30,WYNN,1,WYNN
2010-11-30,XLNX,1,XLNX
2010-11-30,XRAY,1,XRAY
2010-11-30,YHOO,1,YHOO
2010-12-31,AAPL,1,AAPL
2010-12-31,ADBE,1,ADBE
2010-12-31,ADP,1,ADP
2010-12-31,ADSK,1,ADSK
2010-12-31,AKAM,1,AKAM
2010-12-31,ALTR,1,ALTR
2010-12-31,AMAT,1,AMAT
2010-12-31,AMGN,1,AMGN
2010-12-31,AMZN,1,AMZN
2010-12-31,APOL,1,APOL
2010-12-31,ATVI,1,ATVI
2010-12-31,BBBY,1,BBBY
2010-12-31,BIDU,1,BIDU
2010-12-31,BIIB,1,BIIB
2010-12-31,BMC,1,BMC
2010-12-31,BRCM,1,BRCM
2010-12-31,CA,1,CA
2010-12-31,CELG,1,CELG
2010-12-31,CEPH,1,CEPH
2010-12-31,CERN,1,CERN
2010-12-31,CHKP,1,CHKP
2010-12-31,CHRW,1,CHRW
2010-12-31,CMCSA,1,CMCSA
2010-12-31,COST,1,COST
2010-12-31,CSCO,1,CSCO
2010-12-31,CTRP,1,TCOM
2010-12-31,CTSH,1,CTSH
2010-12-31,CTXS,1,CTXS
2010-12-31,DELL,1,DELL
2010-12-31,DLTR,1,DLTR
2010-12-31,DTV,1,DTV
2010-12-31,EA,1,EA
2010-12-31,EBAY,1,EBAY
2010-12-31,ESRX,1,ESRX
2010-12-31,EXPD,1,EXPD
2010-12-31,EXPE,1,EXPE
2010-12-31,FAST,1,FAST
2010-12-31,FB,1,META
2010-12-31,FFIV,1,FFIV
2010-12-31,FISV,1,FISV
2010-12-31,FLEX,1,FLEX
2010-12-31,FLIR,1,FLIR
2010-12-31,FSLR,1,FSLR
2010-12-31,GENZ,1,GENZ
2010-12-31,GILD,1,GILD
2010-12-31,GOOG,1,GOOGL
2010-12-31,GRMN,1,GRMN
2010-12-31,HSIC,1,HSIC
2010-12-31,ILMN,1,ILMN
2010-12-31,INTC,1,INTC
2010-12-31,INTU,1,INTU
2010-12-31,ISRG,1,ISRG
2010-12-31,JOYG,1,JOYG
2010-12-31,KLAC,1,KLAC
2010-12-31,LIFE,1,LIFE
2010-12-31,LLTC,1,LLTC
2010-12-31,LRCX,1,LRCX
2010-12-31,MAT,1,MAT
2010-12-31,MCHP,1,MCHP
2010-12-31,MICC,1,MICC
2010-12-31,MRVL,1,MRVL
2010-12-31,MSFT,1,MSFT
2010-12-31,MU,1,MU
2010-12-31,MWW,1,MWW
2010-12-31,MXIM,1,MXIM
2010-12-31,MYL,1,MYL
2010-12-31,NFLX,1,NFLX
2010-12-31,NIHD,1,NIHD
2010-12-31,NTAP,1,NTAP
2010-12-31,NVDA,1,NVDA
2010-12-31,NWSA,1,FOXA
2010-12-31,ORCL,1,ORCL
2010-12-31,ORLY,1,ORLY
2010-12-31,PAYX,1,PAYX
2010-12-31,PCAR,1,PCAR
2010-12-31,PCLN,1,BKNG
2010-12-31,QCOM,1,QCOM
2010-12-31,QGEN,1,QGEN
2010-12-31,QRTEA,1,QRTEA
2010-12-31,RIMM,1,RIMM
2010-12-31,ROST,1,ROST
2010-12-31,SBUX,1,SBUX
2010-12-31,SHLD,1,SHLD
2010-12-31,SIAL,1,SIAL
2010-12-31,SNDK,1,SNDK
2010-12-31,SPLS,1,SPLS
2010-12-31,SRCL,1,SRCL
2010-12-31,SYMC,1,NLOK
2010-12-31,URBN,1,URBN
2010-12-31,VIAB,1,VIAB
2010-12-31,VMED,1,VMED
2010-12-31,VOD,1,VOD
2010-12-31,VRSN,1,VRSN
2010-12-31,VRTX,1,VRTX
2010-12-31,WCRX,1,WCRX
2010-12-31,WFM,1,WFM
2010-12-31,WYNN,1,WYNN
2010-12-31,XLNX,1,XLNX
2010-12-31,XRAY,1,XRAY
2010-12-31,YHOO,1,YHOO
2011-01-31,AAPL,1,AAPL
2011-01-31,ADBE,1,ADBE
2011-01-31,ADP,1,ADP
2011-01-31,ADSK,1,ADSK
2011-01-31,AKAM,1,AKAM
2011-01-31,ALTR,1,ALTR
2011-01-31,AMAT,1,AMAT
2011-01-31,AMGN,1,AMGN
2011-01-31,AMZN,1,AMZN
2011-01-31,APOL,1,APOL
2011-01-31,ATVI,1,ATVI
2011-01-31,BBBY,1,BBBY
2011-01-31,BIDU,1,BIDU
2011-01-31,BIIB,1,BIIB
2011-01-31,BMC,1,BMC
2011-01-31,BRCM,1,BRCM
2011-01-31,CA,1,CA
2011-01-31,CELG,1,CELG
2011-01-31,CEPH,1,CEPH
2011-01-31,CERN,1,CERN
2011-01-31,CHKP,1,CHKP
2011-01-31,CHRW,1,CHRW
2011-01-31,CMCSA,1,CMCSA
2011-01-31,COST,1,COST
2011-01-31,CSCO,1,CSCO
2011-01-31,CTRP,1,TCOM
2011-01-31,CTSH,1,CTSH
2011-01-31,CTXS,1,CTXS
2011-01-31,DELL,1,DELL
2011-01-31,DLTR,1,DLTR
2011-01-31,DTV,1,DTV
2011-01-31,EA,1,EA
2011-01-31,EBAY,1,EBAY
2011-01-31,ESRX,1,ESRX
2011-01-31,EXPD,1,EXPD
2011-01-31,EXPE,1,EXPE
2011-01-31,FAST,1,FAST
2011-01-31,FB,1,META
2011-01-31,FFIV,1,FFIV
2011-01-31,FISV,1,FISV
2011-01-31,FLEX,1,FLEX
2011-01-31,FLIR,1,FLIR
2011-01-31,FSLR,1,FSLR
2011-01-31,GENZ,1,GENZ
2011-01-31,GILD,1,GILD
2011-01-31,GOOG,1,GOOGL
2011-01-31,GRMN,1,GRMN
2011-01-31,HSIC,1,HSIC
2011-01-31,ILMN,1,ILMN
2011-01-31,INTC,1,INTC
2011-01-31,INTU,1,INTU
2011-01-31,ISRG,1,ISRG
2011-01-31,JOYG,1,JOYG
2011-01-31,KLAC,1,KLAC
2011-01-31,LIFE,1,LIFE
2011-01-31,LLTC,1,LLTC
2011-01-31,LRCX,1,LRCX
2011-01-31,MAT,1,MAT
2011-01-31,MCHP,1,MCHP
2011-01-31,MICC,1,MICC
2011-01-31,MRVL,1,MRVL
2011-01-31,MSFT,1,MSFT
2011-01-31,MU,1,MU
2011-01-31,MWW,1,MWW
2011-01-31,MXIM,1,MXIM
2011-01-31,MYL,1,MYL
2011-01-31,NFLX,1,NFLX
2011-01-31,NIHD,1,NIHD
2011-01-31,NTAP,1,NTAP
2011-01-31,NVDA,1,NVDA
2011-01-31,NWSA,1,FOXA
2011-01-31,ORCL,1,ORCL
2011-01-31,ORLY,1,ORLY
2011-01-31,PAYX,1,PAYX
2011-01-31,PCAR,1,PCAR
2011-01-31,PCLN,1,BKNG
2011-01-31,QCOM,1,QCOM
2011-01-31,QGEN,1,QGEN
2011-01-31,QRTEA,1,QRTEA
2011-01-31,RIMM,1,RIMM
2011-01-31,ROST,1,ROST
2011-01-31,SBUX,1,SBUX
2011-01-31,SHLD,1,SHLD
2011-01-31,SIAL,1,SIAL
2011-01-31,SNDK,1,SNDK
2011-01-31,SPLS,1,SPLS
2011-01-31,SRCL,1,SRCL
2011-01-31,SYMC,1,NLOK
2011-01-31,URBN,1,URBN
2011-01-31,VIAB,1,VIAB
2011-01-31,VMED,1,VMED
2011-01-31,VOD,1,VOD
2011-01-31,VRSN,1,VRSN
2011-01-31,VRTX,1,VRTX
2011-01-31,WCRX,1,WCRX
2011-01-31,WFM,1,WFM
2011-01-31,WYNN,1,WYNN
2011-01-31,XLNX,1,XLNX
2011-01-31,XRAY,1,XRAY
2011-01-31,YHOO,1,YHOO
2011-02-28,AAPL,1,AAPL
2011-02-28,ADBE,1,ADBE
2011-02-28,ADP,1,ADP
2011-02-28,ADSK,1,ADSK
2011-02-28,AKAM,1,AKAM
2011-02-28,ALTR,1,ALTR
2011-02-28,AMAT,1,AMAT
2011-02-28,AMGN,1,AMGN
2011-02-28,AMZN,1,AMZN
2011-02-28,APOL,1,APOL
2011-02-28,ATVI,1,ATVI
2011-02-28,BBBY,1,BBBY
2011-02-28,BIDU,1,BIDU
2011-02-28,BIIB,1,BIIB
2011-02-28,BMC,1,BMC
2011-02-28,BRCM,1,BRCM
2011-02-28,CA,1,CA
2011-02-28,CELG,1,CELG
2011-02-28,CEPH,1,CEPH
2011-02-28,CERN,1,CERN
2011-02-28,CHKP,1,CHKP
2011-02-28,CHRW,1,CHRW
2011-02-28,CMCSA,1,CMCSA
2011-02-28,COST,1,COST
2011-02-28,CSCO,1,CSCO
2011-02-28,CTRP,1,TCOM
2011-02-28,CTSH,1,CTSH
2011-02-28,CTXS,1,CTXS
2011-02-28,DELL,1,DELL
2011-02-28,DLTR,1,DLTR
2011-02-28,DTV,1,DTV
2011-02-28,EA,1,EA
2011-02-28,EBAY,1,EBAY
2011-02-28,ESRX,1,ESRX
2011-02-28,EXPD,1,EXPD
2011-02-28,EXPE,1,EXPE
2011-02-28,FAST,1,FAST
2011-02-28,FB,1,META
2011-02-28,FFIV,1,FFIV
2011-02-28,FISV,1,FISV
2011-02-28,FLEX,1,FLEX
2011-02-28,FLIR,1,FLIR
2011-02-28,FSLR,1,FSLR
2011-02-28,GENZ,1,GENZ
2011-02-28,GILD,1,GILD
2011-02-28,GOOG,1,GOOGL
2011-02-28,GRMN,1,GRMN
2011-02-28,HSIC,1,HSIC
2011-02-28,ILMN,1,ILMN
2011-02-28,INTC,1,INTC
2011-02-28,INTU,1,INTU
2011-02-28,ISRG,1,ISRG
2011-02-28,JOYG,1,JOYG
2011-02-28,KLAC,1,KLAC
2011-02-28,LIFE,1,LIFE
2011-02-28,LLTC,1,LLTC
2011-02-28,LRCX,1,LRCX
2011-02-28,MAT,1,MAT
2011-02-28,MCHP,1,MCHP
2011-02-28,MICC,1,MICC
2011-02-28,MRVL,1,MRVL
2011-02-28,MSFT,1,MSFT
2011-02-28,MU,1,MU
2011-02-28,MWW,1,MWW
2011-02-28,MXIM,1,MXIM
2011-02-28,MYL,1,MYL
2011-02-28,NFLX,1,NFLX
2011-02-28,NIHD,1,NIHD
2011-02-28,NTAP,1,NTAP
2011-02-28,NVDA,1,NVDA
2011-02-28,NWSA,1,FOXA
2011-02-28,ORCL,1,ORCL
2011-02-28,ORLY,1,ORLY
2011-02-28,PAYX,1,PAYX
2011-02-28,PCAR,1,PCAR
2011-02-28,PCLN,1,BKNG
2011-02-28,QCOM,1,QCOM
2011-02-28,QGEN,1,QGEN
2011-02-28,QRTEA,1,QRTEA
2011-02-28,RIMM,1,RIMM
2011-02-28,ROST,1,ROST
2011-02-28,SBUX,1,SBUX
2011-02-28,SHLD,1,SHLD
2011-02-28,SIAL,1,SIAL
2011-02-28,SNDK,1,SNDK
2011-02-28,SPLS,1,SPLS
2011-02-28,SRCL,1,SRCL
2011-02-28,SYMC,1,NLOK
2011-02-28,URBN,1,URBN
2011-02-28,VIAB,1,VIAB
2011-02-28,VMED,1,VMED
2011-02-28,VOD,1,VOD
2011-02-28,VRSN,1,VRSN
2011-02-28,VRTX,1,VRTX
2011-02-28,WCRX,1,WCRX
2011-02-28,WFM,1,WFM
2011-02-28,WYNN,1,WYNN
2011-02-28,XLNX,1,XLNX
2011-02-28,XRAY,1,XRAY
2011-02-28,YHOO,1,YHOO
2011-03-31,AAPL,1,AAPL
2011-03-31,ADBE,1,ADBE
2011-03-31,ADP,1,ADP
2011-03-31,ADSK,1,ADSK
2011-03-31,AKAM,1,AKAM
2011-03-31,ALTR,1,ALTR
2011-03-31,AMAT,1,AMAT
2011-03-31,AMGN,1,AMGN
2011-03-31,AMZN,1,AMZN
2011-03-31,APOL,1,APOL
2011-03-31,ATVI,1,ATVI
2011-03-31,BBBY,1,BBBY
2011-03-31,BIDU,1,BIDU
2011-03-31,BIIB,1,BIIB
2011-03-31,BMC,1,BMC
2011-03-31,BRCM,1,BRCM
2011-03-31,CA,1,CA
2011-03-31,CELG,1,CELG
2011-03-31,CEPH,1,CEPH
2011-03-31,CERN,1,CERN
2011-03-31,CHKP,1,CHKP
2011-03-31,CHRW,1,CHRW
2011-03-31,CMCSA,1,CMCSA
2011-03-31,COST,1,COST
2011-03-31,CSCO,1,CSCO
2011-03-31,CTRP,1,TCOM
2011-03-31,CTSH,1,CTSH
2011-03-31,CTXS,1,CTXS
2011-03-31,DELL,1,DELL
2011-03-31,DLTR,1,DLTR
2011-03-31,DTV,1,DTV
2011-03-31,EA,1,EA
2011-03-31,EBAY,1,EBAY
2011-03-31,ESRX,1,ESRX
2011-03-31,EXPD,1,EXPD
2011-03-31,EXPE,1,EXPE
2011-03-31,FAST,1,FAST
2011-03-31,FB,1,META
2011-03-31,FFIV,1,FFIV
2011-03-31,FISV,1,FISV
2011-03-31,FLEX,1,FLEX
2011-03-31,FLIR,1,FLIR
2011-03-31,FSLR,1,FSLR
2011-03-31,GENZ,1,GENZ
2011-03-31,GILD,1,GILD
2011-03-31,GOOG,1,GOOGL
2011-03-31,GRMN,1,GRMN
2011-03-31,HSIC,1,HSIC
2011-03-31,ILMN,1,ILMN
2011-03-31,INTC,1,INTC
2011-03-31,INTU,1,INTU
2011-03-31,ISRG,1,ISRG
2011-03-31,JOYG,1,JOYG
2011-03-31,KLAC,1,KLAC
2011-03-31,LIFE,1,LIFE
2011-03-31,LLTC,1,LLTC
2011-03-31,LRCX,1,LRCX
2011-03-31,MAT,1,MAT
2011-03-31,MCHP,1,MCHP
2011-03-31,MICC,1,MICC
2011-03-31,MRVL,1,MRVL
2011-03-31,MSFT,1,MSFT
2011-03-31,MU,1,MU
2011-03-31,MWW,1,MWW
2011-03-31,MXIM,1,MXIM
2011-03-31,MYL,1,MYL
2011-03-31,NFLX,1,NFLX
2011-03-31,NIHD,1,NIHD
2011-03-31,NTAP,1,NTAP
2011-03-31,NVDA,1,NVDA
2011-03-31,NWSA,1,FOXA
2011-03-31,ORCL,1,ORCL
2011-03-31,ORLY,1,ORLY
2011-03-31,PAYX,1,PAYX
2011-03-31,PCAR,1,PCAR
2011-03-31,PCLN,1,BKNG
2011-03-31,QCOM,1,QCOM
2011-03-31,QGEN,1,QGEN
2011-03-31,QRTEA,1,QRTEA
2011-03-31,RIMM,1,RIMM
2011-03-31,ROST,1,ROST
2011-03-31,SBUX,1,SBUX
2011-03-31,SHLD,1,SHLD
2011-03-31,SIAL,1,SIAL
2011-03-31,SNDK,1,SNDK
2011-03-31,SPLS,1,SPLS
2011-03-31,SRCL,1,SRCL
2011-03-31,SYMC,1,NLOK
2011-03-31,URBN,1,URBN
2011-03-31,VIAB,1,VIAB
2011-03-31,VMED,1,VMED
2011-03-31,VOD,1,VOD
2011-03-31,VRSN,1,VRSN
2011-03-31,VRTX,1,VRTX
2011-03-31,WCRX,1,WCRX
2011-03-31,WFM,1,WFM
2011-03-31,WYNN,1,WYNN
2011-03-31,XLNX,1,XLNX
2011-03-31,XRAY,1,XRAY
2011-03-31,YHOO,1,YHOO
2011-04-30,AAPL,1,AAPL
2011-04-30,ADBE,1,ADBE
2011-04-30,ADP,1,ADP
2011-04-30,ADSK,1,ADSK
2011-04-30,AKAM,1,AKAM
2011-04-30,ALTR,1,ALTR
2011-04-30,ALXN,1,ALXN
2011-04-30,AMAT,1,AMAT
2011-04-30,AMGN,1,AMGN
2011-04-30,AMZN,1,AMZN
2011-04-30,APOL,1,APOL
2011-04-30,ATVI,1,ATVI
2011-04-30,BBBY,1,BBBY
2011-04-30,BIDU,1,BIDU
2011-04-30,BIIB,1,BIIB
2011-04-30,BMC,1,BMC
2011-04-30,BRCM,1,BRCM
2011-04-30,CA,1,CA
2011-04-30,CELG,1,CELG
2011-04-30,CEPH,1,CEPH
2011-04-30,CERN,1,CERN
2011-04-30,CHKP,1,CHKP
2011-04-30,CHRW,1,CHRW
2011-04-30,CMCSA,1,CMCSA
2011-04-30,COST,1,COST
2011-04-30,CSCO,1,CSCO
2011-04-30,CTRP,1,TCOM
2011-04-30,CTSH,1,CTSH
2011-04-30,CTXS,1,CTXS
2011-04-30,DELL,1,DELL
2011-04-30,DLTR,1,DLTR
2011-04-30,DTV,1,DTV
2011-04-30,EA,1,EA
2011-04-30,EBAY,1,EBAY
2011-04-30,ESRX,1,ESRX
2011-04-30,EXPD,1,EXPD
2011-04-30,EXPE,1,EXPE
2011-04-30,FAST,1,FAST
2011-04-30,FB,1,META
2011-04-30,FFIV,1,FFIV
2011-04-30,FISV,1,FISV
2011-04-30,FLEX,1,FLEX
2011-04-30,FLIR,1,FLIR
2011-04-30,FSLR,1,FSLR
2011-04-30,GILD,1,GILD
2011-04-30,GOOG,1,GOOGL
2011-04-30,GRMN,1,GRMN
2011-04-30,HSIC,1,HSIC
2011-04-30,ILMN,1,ILMN
2011-04-30,INTC,1,INTC
2011-04-30,INTU,1,INTU
2011-04-30,ISRG,1,ISRG
2011-04-30,JOYG,1,JOYG
2011-04-30,KLAC,1,KLAC
2011-04-30,LIFE,1,LIFE
2011-04-30,LLTC,1,LLTC
2011-04-30,LRCX,1,LRCX
2011-04-30,MAT,1,MAT
2011-04-30,MCHP,1,MCHP
2011-04-30,MICC,1,MICC
2011-04-30,MRVL,1,MRVL
2011-04-30,MSFT,1,MSFT
2011-04-30,MU,1,MU
2011-04-30,MWW,1,MWW
2011-04-30,MXIM,1,MXIM
2011-04-30,MYL,1,MYL
2011-04-30,NFLX,1,NFLX
2011-04-30,NIHD,1,NIHD
2011-04-30,NTAP,1,NTAP
2011-04-30,NVDA,1,NVDA
2011-04-30,NWSA,1,FOXA
2011-04-30,ORCL,1,ORCL
2011-04-30,ORLY,1,ORLY
2011-04-30,PAYX,1,PAYX
2011-04-30,PCAR,1,PCAR
2011-04-30,PCLN,1,BKNG
2011-04-30,QCOM,1,QCOM
2011-04-30,QGEN,1,QGEN
2011-04-30,QRTEA,1,QRTEA
2011-04-30,RIMM,1,RIMM
2011-04-30,ROST,1,ROST
2011-04-30,SBUX,1,SBUX
2011-04-30,SHLD,1,SHLD
2011-04-30,SIAL,1,SIAL
2011-04-30,SNDK,1,SNDK
2011-04-30,SPLS,1,SPLS
2011-04-30,SRCL,1,SRCL
2011-04-30,SYMC,1,NLOK
2011-04-30,URBN,1,URBN
2011-04-30,VIAB,1,VIAB
2011-04-30,VMED,1,VMED
2011-04-30,VOD,1,VOD
2011-04-30,VRSN,1,VRSN
2011-04-30,VRTX,1,VRTX
2011-04-30,WCRX,1,WCRX
2011-04-30,WFM,1,WFM
2011-04-30,WYNN,1,WYNN
2011-04-30,XLNX,1,XLNX
2011-04-30,XRAY,1,XRAY
2011-04-30,YHOO,1,YHOO
2011-05-31,AAPL,1,AAPL
2011-05-31,ADBE,1,ADBE
2011-05-31,ADP,1,ADP
2011-05-31,ADSK,1,ADSK
2011-05-31,AKAM,1,AKAM
2011-05-31,ALTR,1,ALTR
2011-05-31,ALXN,1,ALXN
2011-05-31,AMAT,1,AMAT
2011-05-31,AMGN,1,AMGN
2011-05-31,AMZN,1,AMZN
2011-05-31,APOL,1,APOL
2011-05-31,ATVI,1,ATVI
2011-05-31,BBBY,1,BBBY
2011-05-31,BIDU,1,BIDU
2011-05-31,BIIB,1,BIIB
2011-05-31,BMC,1,BMC
2011-05-31,BRCM,1,BRCM
2011-05-31,CA,1,CA
2011-05-31,CELG,1,CELG
2011-05-31,CEPH,1,CEPH
2011-05-31,CERN,1,CERN
2011-05-31,CHKP,1,CHKP
2011-05-31,CHRW,1,CHRW
2011-05-31,CMCSA,1,CMCSA
2011-05-31,COST,1,COST
2011-05-31,CSCO,1,CSCO
2011-05-31,CTRP,1,TCOM
2011-05-31,CTSH,1,CTSH
2011-05-31,CTXS,1,CTXS
2011-05-31,DELL,1,DELL
2011-05-31,DLTR,1,DLTR
2011-05-31,DTV,1,DTV
2011-05-31,EA,1,EA
2011-05-31,EBAY,1,EBAY
2011-05-31,ESRX,1,ESRX
2011-05-31,EXPD,1,EXPD
2011-05-31,EXPE,1,EXPE
2011-05-31,FAST,1,FAST
2011-05-31,FB,1,META
2011-05-31,FFIV,1,FFIV
2011-05-31,FISV,1,FISV
2011-05-31,FLEX,1,FLEX
2011-05-31,FLIR,1,FLIR
2011-05-31,FSLR,1,FSLR
2011-05-31,GILD,1,GILD
2011-05-31,GMCR,1,GMCR
2011-05-31,GOOG,1,GOOGL
2011-05-31,GRMN,1,GRMN
2011-05-31,HSIC,1,HSIC
2011-05-31,ILMN,1,ILMN
2011-05-31,INTC,1,INTC
2011-05-31,INTU,1,INTU
2011-05-31,ISRG,1,ISRG
2011-05-31,JOYG,1,JOYG
2011-05-31,KLAC,1,KLAC
2011-05-31,LIFE,1,LIFE
2011-05-31,LLTC,1,LLTC
2011-05-31,LRCX,1,LRCX
2011-05-31,MAT,1,MAT
2011-05-31,MCHP,1,MCHP
2011-05-31,MRVL,1,MRVL
2011-05-31,MSFT,1,MSFT
2011-05-31,MU,1,MU
2011-05-31,MWW,1,MWW
2011-05-31,MXIM,1,MXIM
2011-05-31,MYL,1,MYL
2011-05-31,NFLX,1,NFLX
2011-05-31,NIHD,1,NIHD
2011-05-31,NTAP,1,NTAP
2011-05-31,NVDA,1,NVDA
2011-05-31,NWSA,1,FOXA
2011-05-31,ORCL,1,ORCL
2011-05-31,ORLY,1,ORLY
2011-05-31,PAYX,1,PAYX
2011-05-31,PCAR,1,PCAR
2011-05-31,PCLN,1,BKNG
2011-05-31,QCOM,1,QCOM
2011-05-31,QGEN,1,QGEN
2011-05-31,QRTEA,1,QRTEA
2011-05-31,RIMM,1,RIMM
2011-05-31,ROST,1,ROST
2011-05-31,SBUX,1,SBUX
2011-05-31,SHLD,1,SHLD
2011-05-31,SIAL,1,SIAL
2011-05-31,SNDK,1,SNDK
2011-05-31,SPLS,1,SPLS
2011-05-31,SRCL,1,SRCL
2011-05-31,SYMC,1,NLOK
2011-05-31,URBN,1,URBN
2011-05-31,VIAB,1,VIAB
2011-05-31,VMED,1,VMED
2011-05-31,VOD,1,VOD
2011-05-31,VRSN,1,VRSN
2011-05-31,VRTX,1,VRTX
2011-05-31,WCRX,1,WCRX
2011-05-31,WFM,1,WFM
2011-05-31,WYNN,1,WYNN
2011-05-31,XLNX,1,XLNX
2011-05-31,XRAY,1,XRAY
2011-05-31,YHOO,1,YHOO
2011-06-30,AAPL,1,AAPL
2011-06-30,ADBE,1,ADBE
2011-06-30,ADP,1,ADP
2011-06-30,ADSK,1,ADSK
2011-06-30,AKAM,1,AKAM
2011-06-30,ALTR,1,ALTR
2011-06-30,ALXN,1,ALXN
2011-06-30,AMAT,1,AMAT
2011-06-30,AMGN,1,AMGN
2011-06-30,AMZN,1,AMZN
2011-06-30,APOL,1,APOL
2011-06-30,ATVI,1,ATVI
2011-06-30,BBBY,1,BBBY
2011-06-30,BIDU,1,BIDU
2011-06-30,BIIB,1,BIIB
2011-06-30,BMC,1,BMC
2011-06-30,BRCM,1,BRCM
2011-06-30,CA,1,CA
2011-06-30,CELG,1,CELG
2011-06-30,CEPH,1,CEPH
2011-06-30,CERN,1,CERN
2011-06-30,CHKP,1,CHKP
2011-06-30,CHRW,1,CHRW
2011-06-30,CMCSA,1,CMCSA
2011-06-30,COST,1,COST
2011-06-30,CSCO,1,CSCO
2011-06-30,CTRP,1,TCOM
2011-06-30,CTSH,1,CTSH
2011-06-30,CTXS,1,CTXS
2011-06-30,DELL,1,DELL
2011-06-30,DLTR,1,DLTR
2011-06-30,DTV,1,DTV
2011-06-30,EA,1,EA
2011-06-30,EBAY,1,EBAY
2011-06-30,ESRX,1,ESRX
2011-06-30,EXPD,1,EXPD
2011-06-30,EXPE,1,EXPE
2011-06-30,FAST,1,FAST
2011-06-30,FB,1,META
2011-06-30,FFIV,1,FFIV
2011-06-30,FISV,1,FISV
2011-06-30,FLEX,1,FLEX
2011-06-30,FLIR,1,FLIR
2011-06-30,FSLR,1,FSLR
2011-06-30,GILD,1,GILD
2011-06-30,GMCR,1,GMCR
2011-06-30,GOOG,1,GOOGL
2011-06-30,GRMN,1,GRMN
2011-06-30,HSIC,1,HSIC
2011-06-30,ILMN,1,ILMN
2011-06-30,INTC,1,INTC
2011-06-30,INTU,1,INTU
2011-06-30,ISRG,1,ISRG
2011-06-30,JOYG,1,JOYG
2011-06-30,KLAC,1,KLAC
2011-06-30,LIFE,1,LIFE
2011-06-30,LLTC,1,LLTC
2011-06-30,LRCX,1,LRCX
2011-06-30,MAT,1,MAT
2011-06-30,MCHP,1,MCHP
2011-06-30,MRVL,1,MRVL
2011-06-30,MSFT,1,MSFT
2011-06-30,MU,1,MU
2011-06-30,MWW,1,MWW
2011-06-30,MXIM,1,MXIM
2011-06-30,MYL,1,MYL
2011-06-30,NFLX,1,NFLX
2011-06-30,NIHD,1,NIHD
2011-06-30,NTAP,1,NTAP
2011-06-30,NVDA,1,NVDA
2011-06-30,NWSA,1,FOXA
2011-06-30,ORCL,1,ORCL
2011-06-30,ORLY,1,ORLY
2011-06-30,PAYX,1,PAYX
2011-06-30,PCAR,1,PCAR
2011-06-30,PCLN,1,BKNG
2011-06-30,QCOM,1,QCOM
2011-06-30,QGEN,1,QGEN
2011-06-30,QRTEA,1,QRTEA
2011-06-30,RIMM,1,RIMM
2011-06-30,ROST,1,ROST
2011-06-30,SBUX,1,SBUX
2011-06-30,SHLD,1,SHLD
2011-06-30,SIAL,1,SIAL
2011-06-30,SNDK,1,SNDK
2011-06-30,SPLS,1,SPLS
2011-06-30,SRCL,1,SRCL
2011-06-30,SYMC,1,NLOK
2011-06-30,URBN,1,URBN
2011-06-30,VIAB,1,VIAB
2011-06-30,VMED,1,VMED
2011-06-30,VOD,1,VOD
2011-06-30,VRSN,1,VRSN
2011-06-30,VRTX,1,VRTX
2011-06-30,WCRX,1,WCRX
2011-06-30,WFM,1,WFM
2011-06-30,WYNN,1,WYNN
2011-06-30,XLNX,1,XLNX
2011-06-30,XRAY,1,XRAY
2011-06-30,YHOO,1,YHOO
2011-07-31,AAPL,1,AAPL
2011-07-31,ADBE,1,ADBE
2011-07-31,ADP,1,ADP
2011-07-31,ADSK,1,ADSK
2011-07-31,AKAM,1,AKAM
2011-07-31,ALTR,1,ALTR
2011-07-31,ALXN,1,ALXN
2011-07-31,AMAT,1,AMAT
2011-07-31,AMGN,1,AMGN
2011-07-31,AMZN,1,AMZN
2011-07-31,APOL,1,APOL
2011-07-31,ATVI,1,ATVI
2011-07-31,BBBY,1,BBBY
2011-07-31,BIDU,1,BIDU
2011-07-31,BIIB,1,BIIB
2011-07-31,BMC,1,BMC
2011-07-31,BRCM,1,BRCM
2011-07-31,CA,1,CA
2011-07-31,CELG,1,CELG
2011-07-31,CERN,1,CERN
2011-07-31,CHKP,1,CHKP
2011-07-31,CHRW,1,CHRW
2011-07-31,CMCSA,1,CMCSA
2011-07-31,COST,1,COST
2011-07-31,CSCO,1,CSCO
2011-07-31,CTRP,1,TCOM
2011-07-31,CTSH,1,CTSH
2011-07-31,CTXS,1,CTXS
2011-07-31,DELL,1,DELL
2011-07-31,DLTR,1,DLTR
2011-07-31,DTV,1,DTV
2011-07-31,EA,1,EA
2011-07-31,EBAY,1,EBAY
2011-07-31,ESRX,1,ESRX
2011-07-31,EXPD,1,EXPD
2011-07-31,EXPE,1,EXPE
2011-07-31,FAST,1,FAST
2011-07-31,FB,1,META
2011-07-31,FFIV,1,FFIV
2011-07-31,FISV,1,FISV
2011-07-31,FLEX,1,FLEX
2011-07-31,FLIR,1,FLIR
2011-07-31,FSLR,1,FSLR
2011-07-31,GILD,1,GILD
2011-07-31,GMCR,1,GMCR
2011-07-31,GOOG,1,GOOGL
2011-07-31,GRMN,1,GRMN
2011-07-31,HSIC,1,HSIC
2011-07-31,ILMN,1,ILMN
2011-07-31,INTC,1,INTC
2011-07-31,INTU,1,INTU
2011-07-31,ISRG,1,ISRG
2011-07-31,JOYG,1,JOYG
2011-07-31,KLAC,1,KLAC
2011-07-31,LIFE,1,LIFE
2011-07-31,LLTC,1,LLTC
2011-07-31,LRCX,1,LRCX
2011-07-31,MAT,1,MAT
2011-07-31,MCHP,1,MCHP
2011-07-31,MRVL,1,MRVL
2011-07-31,MSFT,1,MSFT
2011-07-31,MU,1,MU
2011-07-31,MWW,1,MWW
2011-07-31,MXIM,1,MXIM
2011-07-31,MYL,1,MYL
2011-07-31,NFLX,1,NFLX
2011-07-31,NIHD,1,NIHD
2011-07-31,NTAP,1,NTAP
2011-07-31,NVDA,1,NVDA
2011-07-31,NWSA,1,FOXA
2011-07-31,ORCL,1,ORCL
2011-07-31,ORLY,1,ORLY
2011-07-31,PAYX,1,PAYX
2011-07-31,PCAR,1,PCAR
2011-07-31,PCLN,1,BKNG
2011-07-31,QCOM,1,QCOM
2011-07-31,QGEN,1,QGEN
2011-07-31,QRTEA,1,QRTEA
2011-07-31,RIMM,1,RIMM
2011-07-31,ROST,1,ROST
2011-07-31,SBUX,1,SBUX
2011-07-31,SHLD,1,SHLD
2011-07-31,SIAL,1,SIAL
2011-07-31,SIRI,1,SIRI
2011-07-31,SNDK,1,SNDK
2011-07-31,SPLS,1,SPLS
2011-07-31,SRCL,1,SRCL
2011-07-31,SYMC,1,NLOK
2011-07-31,URBN,1,URBN
2011-07-31,VIAB,1,VIAB
2011-07-31,VMED,1,VMED
2011-07-31,VOD,1,VOD
2011-07-31,VRSN,1,VRSN
2011-07-31,VRTX,1,VRTX
2011-07-31,WCRX,1,WCRX
2011-07-31,WFM,1,WFM
2011-07-31,WYNN,1,WYNN
2011-07-31,XLNX,1,XLNX
2011-07-31,XRAY,1,XRAY
2011-07-31,YHOO,1,YHOO
2011-08-31,AAPL,1,AAPL
2011-08-31,ADBE,1,ADBE
2011-08-31,ADP,1,ADP
2011-08-31,ADSK,1,ADSK
2011-08-31,AKAM,1,AKAM
2011-08-31,ALTR,1,ALTR
2011-08-31,ALXN,1,ALXN
2011-08-31,AMAT,1,AMAT
2011-08-31,AMGN,1,AMGN
2011-08-31,AMZN,1,AMZN
2011-08-31,APOL,1,APOL
2011-08-31,ATVI,1,ATVI
2011-08-31,BBBY,1,BBBY
2011-08-31,BIDU,1,BIDU
2011-08-31,BIIB,1,BIIB
2011-08-31,BMC,1,BMC
2011-08-31,BRCM,1,BRCM
2011-08-31,CA,1,CA
2011-08-31,CELG,1,CELG
2011-08-31,CERN,1,CERN
2011-08-31,CHKP,1,CHKP
2011-08-31,CHRW,1,CHRW
2011-08-31,CMCSA,1,CMCSA
2011-08-31,COST,1,COST
2011-08-31,CSCO,1,CSCO
2011-08-31,CTRP,1,TCOM
2011-08-31,CTSH,1,CTSH
2011-08-31,CTXS,1,CTXS
2011-08-31,DELL,1,DELL
2011-08-31,DLTR,1,DLTR
2011-08-31,DTV,1,DTV
2011-08-31,EA,1,EA
2011-08-31,EBAY,1,EBAY
2011-08-31,ESRX,1,ESRX
2011-08-31,EXPD,1,EXPD
2011-08-31,EXPE,1,EXPE
2011-08-31,FAST,1,FAST
2011-08-31,FB,1,META
2011-08-31,FFIV,1,FFIV
2011-08-31,FISV,1,FISV
2011-08-31,FLEX,1,FLEX
2011-08-31,FLIR,1,FLIR
2011-08-31,FSLR,1,FSLR
2011-08-31,GILD,1,GILD
2011-08-31,GMCR,1,GMCR
2011-08-31,GOOG,1,GOOGL
2011-08-31,GRMN,1,GRMN
2011-08-31,HSIC,1,HSIC
2011-08-31,ILMN,1,ILMN
2011-08-31,INTC,1,INTC
2011-08-31,INTU,1,INTU
2011-08-31,ISRG,1,ISRG
2011-08-31,JOYG,1,JOYG
2011-08-31,KLAC,1,KLAC
2011-08-31,LIFE,1,LIFE
2011-08-31,LLTC,1,LLTC
2011-08-31,LRCX,1,LRCX
2011-08-31,MAT,1,MAT
2011-08-31,MCHP,1,MCHP
2011-08-31,MRVL,1,MRVL
2011-08-31,MSFT,1,MSFT
2011-08-31,MU,1,MU
2011-08-31,MWW,1,MWW
2011-08-31,MXIM,1,MXIM
2011-08-31,MYL,1,MYL
2011-08-31,NFLX,1,NFLX
2011-08-31,NIHD,1,NIHD
2011-08-31,NTAP,1,NTAP
2011-08-31,NVDA,1,NVDA
2011-08-31,NWSA,1,FOXA
2011-08-31,ORCL,1,ORCL
2011-08-31,ORLY,1,ORLY
2011-08-31,PAYX,1,PAYX
2011-08-31,PCAR,1,PCAR
2011-08-31,PCLN,1,BKNG
2011-08-31,QCOM,1,QCOM
2011-08-31,QGEN,1,QGEN
2011-08-31,QRTEA,1,QRTEA
2011-08-31,RIMM,1,RIMM
2011-08-31,ROST,1,ROST
2011-08-31,SBUX,1,SBUX
2011-08-31,SHLD,1,SHLD
2011-08-31,SIAL,1,SIAL
2011-08-31,SIRI,1,SIRI
2011-08-31,SNDK,1,SNDK
2011-08-31,SPLS,1,SPLS
2011-08-31,SRCL,1,SRCL
2011-08-31,SYMC,1,NLOK
2011-08-31,URBN,1,URBN
2011-08-31,VIAB,1,VIAB
2011-08-31,VMED,1,VMED
2011-08-31,VOD,1,VOD
2011-08-31,VRSN,1,VRSN
2011-08-31,VRTX,1,VRTX
2011-08-31,WCRX,1,WCRX
2011-08-31,WFM,1,WFM
2011-08-31,WYNN,1,WYNN
2011-08-31,XLNX,1,XLNX
2011-08-31,XRAY,1,XRAY
2011-08-31,YHOO,1,YHOO
2011-09-30,AAPL,1,AAPL
2011-09-30,ADBE,1,ADBE
2011-09-30,ADP,1,ADP
2011-09-30,ADSK,1,ADSK
2011-09-30,AKAM,1,AKAM
2011-09-30,ALTR,1,ALTR
2011-09-30,ALXN,1,ALXN
2011-09-30,AMAT,1,AMAT
2011-09-30,AMGN,1,AMGN
2011-09-30,AMZN,1,AMZN
2011-09-30,APOL,1,APOL
2011-09-30,ATVI,1,ATVI
2011-09-30,BBBY,1,BBBY
2011-09-30,BIDU,1,BIDU
2011-09-30,BIIB,1,BIIB
2011-09-30,BMC,1,BMC
2011-09-30,BRCM,1,BRCM
2011-09-30,CA,1,CA
2011-09-30,CELG,1,CELG
2011-09-30,CERN,1,CERN
2011-09-30,CHKP,1,CHKP
2011-09-30,CHRW,1,CHRW
2011-09-30,CMCSA,1,CMCSA
2011-09-30,COST,1,COST
2011-09-30,CSCO,1,CSCO
2011-09-30,CTRP,1,TCOM
2011-09-30,CTSH,1,CTSH
2011-09-30,CTXS,1,CTXS
2011-09-30,DELL,1,DELL
2011-09-30,DLTR,1,DLTR
2011-09-30,DTV,1,DTV
2011-09-30,EA,1,EA
2011-09-30,EBAY,1,EBAY
2011-09-30,ESRX,1,ESRX
2011-09-30,EXPD,1,EXPD
2011-09-30,EXPE,1,EXPE
2011-09-30,FAST,1,FAST
2011-09-30,FB,1,META
2011-09-30,FFIV,1,FFIV
2011-09-30,FISV,1,FISV
2011-09-30,FLEX,1,FLEX
2011-09-30,FLIR,1,FLIR
2011-09-30,FSLR,1,FSLR
2011-09-30,GILD,1,GILD
2011-09-30,GMCR,1,GMCR
2011-09-30,GOOG,1,GOOGL
2011-09-30,GRMN,1,GRMN
2011-09-30,HSIC,1,HSIC
2011-09-30,ILMN,1,ILMN
2011-09-30,INTC,1,INTC
2011-09-30,INTU,1,INTU
2011-09-30,ISRG,1,ISRG
2011-09-30,JOYG,1,JOYG
2011-09-30,KLAC,1,KLAC
2011-09-30,LIFE,1,LIFE
2011-09-30,LLTC,1,LLTC
2011-09-30,LRCX,1,LRCX
2011-09-30,MAT,1,MAT
2011-09-30,MCHP,1,MCHP
2011-09-30,MRVL,1,MRVL
2011-09-30,MSFT,1,MSFT
2011-09-30,MU,1,MU
2011-09-30,MWW,1,MWW
2011-09-30,MXIM,1,MXIM
2011-09-30,MYL,1,MYL
2011-09-30,NFLX,1,NFLX
2011-09-30,NIHD,1,NIHD
2011-09-30,NTAP,1,NTAP
2011-09-30,NVDA,1,NVDA
2011-09-30,NWSA,1,FOXA
2011-09-30,ORCL,1,ORCL
2011-09-30,ORLY,1,ORLY
2011-09-30,PAYX,1,PAYX
2011-09-30,PCAR,1,PCAR
2011-09-30,PCLN,1,BKNG
2011-09-30,QCOM,1,QCOM
2011-09-30,QGEN,1,QGEN
2011-09-30,QRTEA,1,QRTEA
2011-09-30,RIMM,1,RIMM
2011-09-30,ROST,1,ROST
2011-09-30,SBUX,1,SBUX
2011-09-30,SHLD,1,SHLD
2011-09-30,SIAL,1,SIAL
2011-09-30,SIRI,1,SIRI
2011-09-30,SNDK,1,SNDK
2011-09-30,SPLS,1,SPLS
2011-09-30,SRCL,1,SRCL
2011-09-30,SYMC,1,NLOK
2011-09-30,URBN,1,URBN
2011-09-30,VIAB,1,VIAB
2011-09-30,VMED,1,VMED
2011-09-30,VOD,1,VOD
2011-09-30,VRSN,1,VRSN
2011-09-30,VRTX,1,VRTX
2011-09-30,WCRX,1,WCRX
2011-09-30,WFM,1,WFM
2011-09-30,WYNN,1,WYNN
2011-09-30,XLNX,1,XLNX
2011-09-30,XRAY,1,XRAY
2011-09-30,YHOO,1,YHOO
2011-10-31,AAPL,1,AAPL
2011-10-31,ADBE,1,ADBE
2011-10-31,ADP,1,ADP
2011-10-31,ADSK,1,ADSK
2011-10-31,AKAM,1,AKAM
2011-10-31,ALTR,1,ALTR
2011-10-31,ALXN,1,ALXN
2011-10-31,AMAT,1,AMAT
2011-10-31,AMGN,1,AMGN
2011-10-31,AMZN,1,AMZN
2011-10-31,APOL,1,APOL
2011-10-31,ATVI,1,ATVI
2011-10-31,BBBY,1,BBBY
2011-10-31,BIDU,1,BIDU
2011-10-31,BIIB,1,BIIB
2011-10-31,BMC,1,BMC
2011-10-31,BRCM,1,BRCM
2011-10-31,CA,1,CA
2011-10-31,CELG,1,CELG
2011-10-31,CERN,1,CERN
2011-10-31,CHKP,1,CHKP
2011-10-31,CHRW,1,CHRW
2011-10-31,CMCSA,1,CMCSA
2011-10-31,COST,1,COST
2011-10-31,CSCO,1,CSCO
2011-10-31,CTRP,1,TCOM
2011-10-31,CTSH,1,CTSH
2011-10-31,CTXS,1,CTXS
2011-10-31,DELL,1,DELL
2011-10-31,DLTR,1,DLTR
2011-10-31,DTV,1,DTV
2011-10-31,EA,1,EA
2011-10-31,EBAY,1,EBAY
2011-10-31,ESRX,1,ESRX
2011-10-31,EXPD,1,EXPD
2011-10-31,EXPE,1,EXPE
2011-10-31,FAST,1,FAST
2011-10-31,FB,1,META
2011-10-31,FFIV,1,FFIV
2011-10-31,FISV,1,FISV
2011-10-31,FLEX,1,FLEX
2011-10-31,FLIR,1,FLIR
2011-10-31,FSLR,1,FSLR
2011-10-31,GILD,1,GILD
2011-10-31,GMCR,1,GMCR
2011-10-31,GOOG,1,GOOGL
2011-10-31,GRMN,1,GRMN
2011-10-31,HSIC,1,HSIC
2011-10-31,ILMN,1,ILMN
2011-10-31,INTC,1,INTC
2011-10-31,INTU,1,INTU
2011-10-31,ISRG,1,ISRG
2011-10-31,JOYG,1,JOYG
2011-10-31,KLAC,1,KLAC
2011-10-31,LIFE,1,LIFE
2011-10-31,LLTC,1,LLTC
2011-10-31,LRCX,1,LRCX
2011-10-31,MAT,1,MAT
2011-10-31,MCHP,1,MCHP
2011-10-31,MRVL,1,MRVL
2011-10-31,MSFT,1,MSFT
2011-10-31,MU,1,MU
2011-10-31,MWW,1,MWW
2011-10-31,MXIM,1,MXIM
2011-10-31,MYL,1,MYL
2011-10-31,NFLX,1,NFLX
2011-10-31,NIHD,1,NIHD
2011-10-31,NTAP,1,NTAP
2011-10-31,NVDA,1,NVDA
2011-10-31,NWSA,1,FOXA
2011-10-31,ORCL,1,ORCL
2011-10-31,ORLY,1,ORLY
2011-10-31,PAYX,1,PAYX
2011-10-31,PCAR,1,PCAR
2011-10-31,PCLN,1,BKNG
2011-10-31,QCOM,1,QCOM
2011-10-31,QGEN,1,QGEN
2011-10-31,QRTEA,1,QRTEA
2011-10-31,RIMM,1,RIMM
2011-10-31,ROST,1,ROST
2011-10-31,SBUX,1,SBUX
2011-10-31,SHLD,1,SHLD
2011-10-31,SIAL,1,SIAL
2011-10-31,SIRI,1,SIRI
2011-10-31,SNDK,1,SNDK
2011-10-31,SPLS,1,SPLS
2011-10-31,SRCL,1,SRCL
2011-10-31,SYMC,1,NLOK
2011-10-31,URBN,1,URBN
2011-10-31,VIAB,1,VIAB
2011-10-31,VMED,1,VMED
2011-10-31,VOD,1,VOD
2011-10-31,VRSN,1,VRSN
2011-10-31,VRTX,1,VRTX
2011-10-31,WCRX,1,WCRX
2011-10-31,WFM,1,WFM
2011-10-31,WYNN,1,WYNN
2011-10-31,XLNX,1,XLNX
2011-10-31,XRAY,1,XRAY
2011-10-31,YHOO,1,YHOO
2011-11-30,AAPL,1,AAPL
2011-11-30,ADBE,1,ADBE
2011-11-30,ADP,1,ADP
2011-11-30,ADSK,1,ADSK
2011-11-30,AKAM,1,AKAM
2011-11-30,ALTR,1,ALTR
2011-11-30,ALXN,1,ALXN
2011-11-30,AMAT,1,AMAT
2011-11-30,AMGN,1,AMGN
2011-11-30,AMZN,1,AMZN
2011-11-30,APOL,1,APOL
2011-11-30,ATVI,1,ATVI
2011-11-30,BBBY,1,BBBY
2011-11-30,BIDU,1,BIDU
2011-11-30,BIIB,1,BIIB
2011-11-30,BMC,1,BMC
2011-11-30,BRCM,1,BRCM
2011-11-30,CA,1,CA
2011-11-30,CELG,1,CELG
2011-11-30,CERN,1,CERN
2011-11-30,CHKP,1,CHKP
2011-11-30,CHRW,1,CHRW
2011-11-30,CMCSA,1,CMCSA
2011-11-30,COST,1,COST
2011-11-30,CSCO,1,CSCO
2011-11-30,CTRP,1,TCOM
2011-11-30,CTSH,1,CTSH
2011-11-30,CTXS,1,CTXS
2011-11-30,DELL,1,DELL
2011-11-30,DLTR,1,DLTR
2011-11-30,DTV,1,DTV
2011-11-30,EA,1,EA
2011-11-30,EBAY,1,EBAY
2011-11-30,ESRX,1,ESRX
2011-11-30,EXPD,1,EXPD
2011-11-30,EXPE,1,EXPE
2011-11-30,FAST,1,FAST
2011-11-30,FB,1,META
2011-11-30,FFIV,1,FFIV
2011-11-30,FISV,1,FISV
2011-11-30,FLEX,1,FLEX
2011-11-30,FLIR,1,FLIR
2011-11-30,FSLR,1,FSLR
2011-11-30,GILD,1,GILD
2011-11-30,GMCR,1,GMCR
2011-11-30,GOOG,1,GOOGL
2011-11-30,GRMN,1,GRMN
2011-11-30,HSIC,1,HSIC
2011-11-30,ILMN,1,ILMN
2011-11-30,INTC,1,INTC
2011-11-30,INTU,1,INTU
2011-11-30,ISRG,1,ISRG
2011-11-30,JOYG,1,JOYG
2011-11-30,KLAC,1,KLAC
2011-11-30,LIFE,1,LIFE
2011-11-30,LLTC,1,LLTC
2011-11-30,LRCX,1,LRCX
2011-11-30,MAT,1,MAT
2011-11-30,MCHP,1,MCHP
2011-11-30,MRVL,1,MRVL
2011-11-30,MSFT,1,MSFT
2011-11-30,MU,1,MU
2011-11-30,MWW,1,MWW
2011-11-30,MXIM,1,MXIM
2011-11-30,MYL,1,MYL
2011-11-30,NFLX,1,NFLX
2011-11-30,NIHD,1,NIHD
2011-11-30,NTAP,1,NTAP
2011-11-30,NVDA,1,NVDA
2011-11-30,NWSA,1,FOXA
2011-11-30,ORCL,1,ORCL
2011-11-30,ORLY,1,ORLY
2011-11-30,PAYX,1,PAYX
2011-11-30,PCAR,1,PCAR
2011-11-30,PCLN,1,BKNG
2011-11-30,QCOM,1,QCOM
2011-11-30,QGEN,1,QGEN
2011-11-30,QRTEA,1,QRTEA
2011-11-30,RIMM,1,RIMM
2011-11-30,ROST,1,ROST
2011-11-30,SBUX,1,SBUX
2011-11-30,SHLD,1,SHLD
2011-11-30,SIAL,1,SIAL
2011-11-30,SIRI,1,SIRI
2011-11-30,SNDK,1,SNDK
2011-11-30,SPLS,1,SPLS
2011-11-30,SRCL,1,SRCL
2011-11-30,SYMC,1,NLOK
2011-11-30,URBN,1,URBN
2011-11-30,VIAB,1,VIAB
2011-11-30,VMED,1,VMED
2011-11-30,VOD,1,VOD
2011-11-30,VRSN,1,VRSN
2011-11-30,VRTX,1,VRTX
2011-11-30,WCRX,1,WCRX
2011-11-30,WFM,1,WFM
2011-11-30,WYNN,1,WYNN
2011-11-30,XLNX,1,XLNX
2011-11-30,XRAY,1,XRAY
2011-11-30,YHOO,1,YHOO
2011-12-31,AAPL,1,AAPL
2011-12-31,ADBE,1,ADBE
2011-12-31,ADP,1,ADP
2011-12-31,ADSK,1,ADSK
2011-12-31,AKAM,1,AKAM
2011-12-31,ALTR,1,ALTR
2011-12-31,ALXN,1,ALXN
2011-12-31,AMAT,1,AMAT
2011-12-31,AMGN,1,AMGN
2011-12-31,AMZN,1,AMZN
2011-12-31,APOL,1,APOL
2011-12-31,ATVI,1,ATVI
2011-12-31,AVGO,1,AVGO
2011-12-31,BBBY,1,BBBY
2011-12-31,BIDU,1,BIDU
2011-12-31,BIIB,1,BIIB
2011-12-31,BMC,1,BMC
2011-12-31,BRCM,1,BRCM
2011-12-31,CA,1,CA
2011-12-31,CELG,1,CELG
2011-12-31,CERN,1,CERN
2011-12-31,CHKP,1,CHKP
2011-12-31,CHRW,1,CHRW
2011-12-31,CMCSA,1,CMCSA
2011-12-31,COST,1,COST
2011-12-31,CSCO,1,CSCO
2011-12-31,CTRP,1,TCOM
2011-12-31,CTSH,1,CTSH
2011-12-31,CTXS,1,CTXS
2011-12-31,DELL,1,DELL
2011-12-31,DLTR,1,DLTR
2011-12-31,DTV,1,DTV
2011-12-31,EA,1,EA
2011-12-31,EBAY,1,EBAY
2011-12-31,ESRX,1,ESRX
2011-12-31,EXPD,1,EXPD
2011-12-31,EXPE,1,EXPE
2011-12-31,FAST,1,FAST
2011-12-31,FB,1,META
2011-12-31,FFIV,1,FFIV
2011-12-31,FISV,1,FISV
2011-12-31,FLEX,1,FLEX
2011-12-31,FOSL,1,FOSL
2011-12-31,FSLR,1,FSLR
2011-12-31,GILD,1,GILD
2011-12-31,GMCR,1,GMCR
2011-12-31,GOLD,1,GOLD
2011-12-31,GOOG,1,GOOGL
2011-12-31,GRMN,1,GRMN
2011-12-31,HANS,1,MNST
2011-12-31,HSIC,1,HSIC
2011-12-31,INTC,1,INTC
2011-12-31,INTU,1,INTU
2011-12-31,ISRG,1,ISRG
2011-12-31,KLAC,1,KLAC
2011-12-31,LIFE,1,LIFE
2011-12-31,LLTC,1,LLTC
2011-12-31,LRCX,1,LRCX
2011-12-31,MAT,1,MAT
2011-12-31,MCHP,1,MCHP
2011-12-31,MRVL,1,MRVL
2011-12-31,MSFT,1,MSFT
2011-12-31,MU,1,MU
2011-12-31,MWW,1,MWW
2011-12-31,MXIM,1,MXIM
2011-12-31,MYL,1,MYL
2011-12-31,NFLX,1,NFLX
2011-12-31,NTAP,1,NTAP
2011-12-31,NUAN,1,NUAN
2011-12-31,NVDA,1,NVDA
2011-12-31,NWSA,1,FOXA
2011-12-31,ORCL,1,ORCL
2011-12-31,ORLY,1,ORLY
2011-12-31,PAYX,1,PAYX
2011-12-31,PCAR,1,PCAR
2011-12-31,PCLN,1,BKNG
2011-12-31,PRGO,1,PRGO
2011-12-31,QCOM,1,QCOM
2011-12-31,QRTEA,1,QRTEA
2011-12-31,RIMM,1,RIMM
2011-12-31,ROST,1,ROST
2011-12-31,SBUX,1,SBUX
2011-12-31,SHLD,1,SHLD
2011-12-31,SIAL,1,SIAL
2011-12-31,SIRI,1,SIRI
2011-12-31,SNDK,1,SNDK
2011-12-31,SPLS,1,SPLS
2011-12-31,SRCL,1,SRCL
2011-12-31,SYMC,1,NLOK
2011-12-31,VIAB,1,VIAB
2011-12-31,VMED,1,VMED
2011-12-31,VOD,1,VOD
2011-12-31,VRSN,1,VRSN
2011-12-31,VRTX,1,VRTX
2011-12-31,WCRX,1,WCRX
2011-12-31,WFM,1,WFM
2011-12-31,WYNN,1,WYNN
2011-12-31,XLNX,1,XLNX
2011-12-31,XRAY,1,XRAY
2011-12-31,YHOO,1,YHOO
2012-01-31,AAPL,1,AAPL
2012-01-31,ADBE,1,ADBE
2012-01-31,ADP,1,ADP
2012-01-31,ADSK,1,ADSK
2012-01-31,AKAM,1,AKAM
2012-01-31,ALTR,1,ALTR
2012-01-31,ALXN,1,ALXN
2012-01-31,AMAT,1,AMAT
2012-01-31,AMGN,1,AMGN
2012-01-31,AMZN,1,AMZN
2012-01-31,APOL,1,APOL
2012-01-31,ATVI,1,ATVI
2012-01-31,AVGO,1,AVGO
2012-01-31,BBBY,1,BBBY
2012-01-31,BIDU,1,BIDU
2012-01-31,BIIB,1,BIIB
2012-01-31,BMC,1,BMC
2012-01-31,BRCM,1,BRCM
2012-01-31,CA,1,CA
2012-01-31,CELG,1,CELG
2012-01-31,CERN,1,CERN
2012-01-31,CHKP,1,CHKP
2012-01-31,CHRW,1,CHRW
2012-01-31,CMCSA,1,CMCSA
2012-01-31,COST,1,COST
2012-01-31,CSCO,1,CSCO
2012-01-31,CTRP,1,TCOM
2012-01-31,CTSH,1,CTSH
2012-01-31,CTXS,1,CTXS
2012-01-31,DELL,1,DELL
2012-01-31,DLTR,1,DLTR
2012-01-31,DTV,1,DTV
2012-01-31,EA,1,EA
2012-01-31,EBAY,1,EBAY
2012-01-31,ESRX,1,ESRX
2012-01-31,EXPD,1,EXPD
2012-01-31,EXPE,1,EXPE
2012-01-31,FAST,1,FAST
2012-01-31,FB,1,META
2012-01-31,FFIV,1,FFIV
2012-01-31,FISV,1,FISV
2012-01-31,FLEX,1,FLEX
2012-01-31,FOSL,1,FOSL
2012-01-31,FSLR,1,FSLR
2012-01-31,GILD,1,GILD
2012-01-31,GMCR,1,GMCR
2012-01-31,GOLD,1,GOLD
2012-01-31,GOOG,1,GOOGL
2012-01-31,GRMN,1,GRMN
2012-01-31,HSIC,1,HSIC
2012-01-31,INTC,1,INTC
2012-01-31,INTU,1,INTU
2012-01-31,ISRG,1,ISRG
2012-01-31,KLAC,1,KLAC
2012-01-31,LIFE,1,LIFE
2012-01-31,LLTC,1,LLTC
2012-01-31,LRCX,1,LRCX
2012-01-31,MAT,1,MAT
2012-01-31,MCHP,1,MCHP
2012-01-31,MNST,1,MNST
2012-01-31,MRVL,1,MRVL
2012-01-31,MSFT,1,MSFT
2012-01-31,MU,1,MU
2012-01-31,MWW,1,MWW
2012-01-31,MXIM,1,MXIM
2012-01-31,MYL,1,MYL
2012-01-31,NFLX,1,NFLX
2012-01-31,NTAP,1,NTAP
2012-01-31,NUAN,1,NUAN
2012-01-31,NVDA,1,NVDA
2012-01-31,NWSA,1,FOXA
2012-01-31,ORCL,1,ORCL
2012-01-31,ORLY,1,ORLY
2012-01-31,PAYX,1,PAYX
2012-01-31,PCAR,1,PCAR
2012-01-31,PCLN,1,BKNG
2012-01-31,PRGO,1,PRGO
2012-01-31,QCOM,1,QCOM
2012-01-31,QRTEA,1,QRTEA
2012-01-31,RIMM,1,RIMM
2012-01-31,ROST,1,ROST
2012-01-31,SBUX,1,SBUX
2012-01-31,SHLD,1,SHLD
2012-01-31,SIAL,1,SIAL
2012-01-31,SIRI,1,SIRI
2012-01-31,SNDK,1,SNDK
2012-01-31,SPLS,1,SPLS
2012-01-31,SRCL,1,SRCL
2012-01-31,SYMC,1,NLOK
2012-01-31,VIAB,1,VIAB
2012-01-31,VMED,1,VMED
2012-01-31,VOD,1,VOD
2012-01-31,VRSN,1,VRSN
2012-01-31,VRTX,1,VRTX
2012-01-31,WCRX,1,WCRX
2012-01-31,WFM,1,WFM
2012-01-31,WYNN,1,WYNN
2012-01-31,XLNX,1,XLNX
2012-01-31,XRAY,1,XRAY
2012-01-31,YHOO,1,YHOO
2012-02-29,AAPL,1,AAPL
2012-02-29,ADBE,1,ADBE
2012-02-29,ADP,1,ADP
2012-02-29,ADSK,1,ADSK
2012-02-29,AKAM,1,AKAM
2012-02-29,ALTR,1,ALTR
2012-02-29,ALXN,1,ALXN
2012-02-29,AMAT,1,AMAT
2012-02-29,AMGN,1,AMGN
2012-02-29,AMZN,1,AMZN
2012-02-29,APOL,1,APOL
2012-02-29,ATVI,1,ATVI
2012-02-29,AVGO,1,AVGO
2012-02-29,BBBY,1,BBBY
2012-02-29,BIDU,1,BIDU
2012-02-29,BIIB,1,BIIB
2012-02-29,BMC,1,BMC
2012-02-29,BRCM,1,BRCM
2012-02-29,CA,1,CA
2012-02-29,CELG,1,CELG
2012-02-29,CERN,1,CERN
2012-02-29,CHKP,1,CHKP
2012-02-29,CHRW,1,CHRW
2012-02-29,CMCSA,1,CMCSA
2012-02-29,COST,1,COST
2012-02-29,CSCO,1,CSCO
2012-02-29,CTRP,1,TCOM
2012-02-29,CTSH,1,CTSH
2012-02-29,CTXS,1,CTXS
2012-02-29,DELL,1,DELL
2012-02-29,DLTR,1,DLTR
2012-02-29,DTV,1,DTV
2012-02-29,EA,1,EA
2012-02-29,EBAY,1,EBAY
2012-02-29,ESRX,1,ESRX
2012-02-29,EXPD,1,EXPD
2012-02-29,EXPE,1,EXPE
2012-02-29,FAST,1,FAST
2012-02-29,FB,1,META
2012-02-29,FFIV,1,FFIV
2012-02-29,FISV,1,FISV
2012-02-29,FLEX,1,FLEX
2012-02-29,FOSL,1,FOSL
2012-02-29,FSLR,1,FSLR
2012-02-29,GILD,1,GILD
2012-02-29,GMCR,1,GMCR
2012-02-29,GOLD,1,GOLD
2012-02-29,GOOG,1,GOOGL
2012-02-29,GRMN,1,GRMN
2012-02-29,HSIC,1,HSIC
2012-02-29,INTC,1,INTC
2012-02-29,INTU,1,INTU
2012-02-29,ISRG,1,ISRG
2012-02-29,KLAC,1,KLAC
2012-02-29,LIFE,1,LIFE
2012-02-29,LLTC,1,LLTC
2012-02-29,LRCX,1,LRCX
2012-02-29,MAT,1,MAT
2012-02-29,MCHP,1,MCHP
2012-02-29,MNST,1,MNST
2012-02-29,MRVL,1,MRVL
2012-02-29,MSFT,1,MSFT
2012-02-29,MU,1,MU
2012-02-29,MWW,1,MWW
2012-02-29,MXIM,1,MXIM
2012-02-29,MYL,1,MYL
2012-02-29,NFLX,1,NFLX
2012-02-29,NTAP,1,NTAP
2012-02-29,NUAN,1,NUAN
2012-02-29,NVDA,1,NVDA
2012-02-29,NWSA,1,FOXA
2012-02-29,ORCL,1,ORCL
2012-02-29,ORLY,1,ORLY
2012-02-29,PAYX,1,PAYX
2012-02-29,PCAR,1,PCAR
2012-02-29,PCLN,1,BKNG
2012-02-29,PRGO,1,PRGO
2012-02-29,QCOM,1,QCOM
2012-02-29,QRTEA,1,QRTEA
2012-02-29,RIMM,1,RIMM
2012-02-29,ROST,1,ROST
2012-02-29,SBUX,1,SBUX
2012-02-29,SHLD,1,SHLD
2012-02-29,SIAL,1,SIAL
2012-02-29,SIRI,1,SIRI
2012-02-29,SNDK,1,SNDK
2012-02-29,SPLS,1,SPLS
2012-02-29,SRCL,1,SRCL
2012-02-29,SYMC,1,NLOK
2012-02-29,VIAB,1,VIAB
2012-02-29,VMED,1,VMED
2012-02-29,VOD,1,VOD
2012-02-29,VRSN,1,VRSN
2012-02-29,VRTX,1,VRTX
2012-02-29,WCRX,1,WCRX
2012-02-29,WFM,1,WFM
2012-02-29,WYNN,1,WYNN
2012-02-29,XLNX,1,XLNX
2012-02-29,XRAY,1,XRAY
2012-02-29,YHOO,1,YHOO
2012-03-31,AAPL,1,AAPL
2012-03-31,ADBE,1,ADBE
2012-03-31,ADP,1,ADP
2012-03-31,ADSK,1,ADSK
2012-03-31,AKAM,1,AKAM
2012-03-31,ALTR,1,ALTR
2012-03-31,ALXN,1,ALXN
2012-03-31,AMAT,1,AMAT
2012-03-31,AMGN,1,AMGN
2012-03-31,AMZN,1,AMZN
2012-03-31,APOL,1,APOL
2012-03-31,ATVI,1,ATVI
2012-03-31,AVGO,1,AVGO
2012-03-31,BBBY,1,BBBY
2012-03-31,BIDU,1,BIDU
2012-03-31,BIIB,1,BIIB
2012-03-31,BMC,1,BMC
2012-03-31,BRCM,1,BRCM
2012-03-31,CA,1,CA
2012-03-31,CELG,1,CELG
2012-03-31,CERN,1,CERN
2012-03-31,CHKP,1,CHKP
2012-03-31,CHRW,1,CHRW
2012-03-31,CMCSA,1,CMCSA
2012-03-31,COST,1,COST
2012-03-31,CSCO,1,CSCO
2012-03-31,CTRP,1,TCOM
2012-03-31,CTSH,1,CTSH
2012-03-31,CTXS,1,CTXS
2012-03-31,DELL,1,DELL
2012-03-31,DLTR,1,DLTR
2012-03-31,DTV,1,DTV
2012-03-31,EA,1,EA
2012-03-31,EBAY,1,EBAY
2012-03-31,ESRX,1,ESRX
2012-03-31,EXPD,1,EXPD
2012-03-31,EXPE,1,EXPE
2012-03-31,FAST,1,FAST
2012-03-31,FB,1,META
2012-03-31,FFIV,1,FFIV
2012-03-31,FISV,1,FISV
2012-03-31,FLEX,1,FLEX
2012-03-31,FOSL,1,FOSL
2012-03-31,FSLR,1,FSLR
2012-03-31,GILD,1,GILD
2012-03-31,GMCR,1,GMCR
2012-03-31,GOLD,1,GOLD
2012-03-31,GOOG,1,GOOGL
2012-03-31,GRMN,1,GRMN
2012-03-31,HSIC,1,HSIC
2012-03-31,INTC,1,INTC
2012-03-31,INTU,1,INTU
2012-03-31,ISRG,1,ISRG
2012-03-31,KLAC,1,KLAC
2012-03-31,LIFE,1,LIFE
2012-03-31,LLTC,1,LLTC
2012-03-31,LRCX,1,LRCX
2012-03-31,MAT,1,MAT
2012-03-31,MCHP,1,MCHP
2012-03-31,MNST,1,MNST
2012-03-31,MRVL,1,MRVL
2012-03-31,MSFT,1,MSFT
2012-03-31,MU,1,MU
2012-03-31,MWW,1,MWW
2012-03-31,MXIM,1,MXIM
2012-03-31,MYL,1,MYL
2012-03-31,NFLX,1,NFLX
2012-03-31,NTAP,1,NTAP
2012-03-31,NUAN,1,NUAN
2012-03-31,NVDA,1,NVDA
2012-03-31,NWSA,1,FOXA
2012-03-31,ORCL,1,ORCL
2012-03-31,ORLY,1,ORLY
2012-03-31,PAYX,1,PAYX
2012-03-31,PCAR,1,PCAR
2012-03-31,PCLN,1,BKNG
2012-03-31,PRGO,1,PRGO
2012-03-31,QCOM,1,QCOM
2012-03-31,QRTEA,1,QRTEA
2012-03-31,RIMM,1,RIMM
2012-03-31,ROST,1,ROST
2012-03-31,SBUX,1,SBUX
2012-03-31,SHLD,1,SHLD
2012-03-31,SIAL,1,SIAL
2012-03-31,SIRI,1,SIRI
2012-03-31,SNDK,1,SNDK
2012-03-31,SPLS,1,SPLS
2012-03-31,SRCL,1,SRCL
2012-03-31,SYMC,1,NLOK
2012-03-31,VIAB,1,VIAB
2012-03-31,VMED,1,VMED
2012-03-31,VOD,1,VOD
2012-03-31,VRSN,1,VRSN
2012-03-31,VRTX,1,VRTX
2012-03-31,WCRX,1,WCRX
2012-03-31,WFM,1,WFM
2012-03-31,WYNN,1,WYNN
2012-03-31,XLNX,1,XLNX
2012-03-31,XRAY,1,XRAY
2012-03-31,YHOO,1,YHOO
2012-04-30,AAPL,1,AAPL
2012-04-30,ADBE,1,ADBE
2012-04-30,ADP,1,ADP
2012-04-30,ADSK,1,ADSK
2012-04-30,AKAM,1,AKAM
2012-04-30,ALTR,1,ALTR
2012-04-30,ALXN,1,ALXN
2012-04-30,AMAT,1,AMAT
2012-04-30,AMGN,1,AMGN
2012-04-30,AMZN,1,AMZN
2012-04-30,APOL,1,APOL
2012-04-30,ATVI,1,ATVI
2012-04-30,AVGO,1,AVGO
2012-04-30,BBBY,1,BBBY
2012-04-30,BIDU,1,BIDU
2012-04-30,BIIB,1,BIIB
2012-04-30,BMC,1,BMC
2012-04-30,BRCM,1,BRCM
2012-04-30,CA,1,CA
2012-04-30,CELG,1,CELG
2012-04-30,CERN,1,CERN
2012-04-30,CHKP,1,CHKP
2012-04-30,CHRW,1,CHRW
2012-04-30,CMCSA,1,CMCSA
2012-04-30,COST,1,COST
2012-04-30,CSCO,1,CSCO
2012-04-30,CTRP,1,TCOM
2012-04-30,CTSH,1,CTSH
2012-04-30,CTXS,1,CTXS
2012-04-30,DELL,1,DELL
2012-04-30,DLTR,1,DLTR
2012-04-30,DTV,1,DTV
2012-04-30,EA,1,EA
2012-04-30,EBAY,1,EBAY
2012-04-30,ESRX,1,ESRX
2012-04-30,EXPD,1,EXPD
2012-04-30,EXPE,1,EXPE
2012-04-30,FAST,1,FAST
2012-04-30,FB,1,META
2012-04-30,FFIV,1,FFIV
2012-04-30,FISV,1,FISV
2012-04-30,FLEX,1,FLEX
2012-04-30,FOSL,1,FOSL
2012-04-30,GILD,1,GILD
2012-04-30,GMCR,1,GMCR
2012-04-30,GOLD,1,GOLD
2012-04-30,GOOG,1,GOOGL
2012-04-30,GRMN,1,GRMN
2012-04-30,HSIC,1,HSIC
2012-04-30,INTC,1,INTC
2012-04-30,INTU,1,INTU
2012-04-30,ISRG,1,ISRG
2012-04-30,KLAC,1,KLAC
2012-04-30,LIFE,1,LIFE
2012-04-30,LLTC,1,LLTC
2012-04-30,LRCX,1,LRCX
2012-04-30,MAT,1,MAT
2012-04-30,MCHP,1,MCHP
2012-04-30,MNST,1,MNST
2012-04-30,MRVL,1,MRVL
2012-04-30,MSFT,1,MSFT
2012-04-30,MU,1,MU
2012-04-30,MWW,1,MWW
2012-04-30,MXIM,1,MXIM
2012-04-30,MYL,1,MYL
2012-04-30,NFLX,1,NFLX
2012-04-30,NTAP,1,NTAP
2012-04-30,NUAN,1,NUAN
2012-04-30,NVDA,1,NVDA
2012-04-30,NWSA,1,FOXA
2012-04-30,ORCL,1,ORCL
2012-04-30,ORLY,1,ORLY
2012-04-30,PAYX,1,PAYX
2012-04-30,PCAR,1,PCAR
2012-04-30,PCLN,1,BKNG
2012-04-30,PRGO,1,PRGO
2012-04-30,QCOM,1,QCOM
2012-04-30,QRTEA,1,QRTEA
2012-04-30,RIMM,1,RIMM
2012-04-30,ROST,1,ROST
2012-04-30,SBUX,1,SBUX
2012-04-30,SHLD,1,SHLD
2012-04-30,SIAL,1,SIAL
2012-04-30,SIRI,1,SIRI
2012-04-30,SNDK,1,SNDK
2012-04-30,SPLS,1,SPLS
2012-04-30,SRCL,1,SRCL
2012-04-30,SYMC,1,NLOK
2012-04-30,TXN,1,TXN
2012-04-30,VIAB,1,VIAB
2012-04-30,VMED,1,VMED
2012-04-30,VOD,1,VOD
2012-04-30,VRSN,1,VRSN
2012-04-30,VRTX,1,VRTX
2012-04-30,WCRX,1,WCRX
2012-04-30,WFM,1,WFM
2012-04-30,WYNN,1,WYNN
2012-04-30,XLNX,1,XLNX
2012-04-30,XRAY,1,XRAY
2012-04-30,YHOO,1,YHOO
2012-05-31,AAPL,1,AAPL
2012-05-31,ADBE,1,ADBE
2012-05-31,ADP,1,ADP
2012-05-31,ADSK,1,ADSK
2012-05-31,AKAM,1,AKAM
2012-05-31,ALTR,1,ALTR
2012-05-31,ALXN,1,ALXN
2012-05-31,AMAT,1,AMAT
2012-05-31,AMGN,1,AMGN
2012-05-31,AMZN,1,AMZN
2012-05-31,APOL,1,APOL
2012-05-31,ATVI,1,ATVI
2012-05-31,AVGO,1,AVGO
2012-05-31,BBBY,1,BBBY
2012-05-31,BIDU,1,BIDU
2012-05-31,BIIB,1,BIIB
2012-05-31,BMC,1,BMC
2012-05-31,BRCM,1,BRCM
2012-05-31,CA,1,CA
2012-05-31,CELG,1,CELG
2012-05-31,CERN,1,CERN
2012-05-31,CHKP,1,CHKP
2012-05-31,CHRW,1,CHRW
2012-05-31,CMCSA,1,CMCSA
2012-05-31,COST,1,COST
2012-05-31,CSCO,1,CSCO
2012-05-31,CTRP,1,TCOM
2012-05-31,CTSH,1,CTSH
2012-05-31,CTXS,1,CTXS
2012-05-31,DELL,1,DELL
2012-05-31,DLTR,1,DLTR
2012-05-31,DTV,1,DTV
2012-05-31,EA,1,EA
2012-05-31,EBAY,1,EBAY
2012-05-31,ESRX,1,ESRX
2012-05-31,EXPD,1,EXPD
2012-05-31,EXPE,1,EXPE
2012-05-31,FAST,1,FAST
2012-05-31,FB,1,META
2012-05-31,FFIV,1,FFIV
2012-05-31,FISV,1,FISV
2012-05-31,FLEX,1,FLEX
2012-05-31,FOSL,1,FOSL
2012-05-31,GILD,1,GILD
2012-05-31,GMCR,1,GMCR
2012-05-31,GOLD,1,GOLD
2012-05-31,GOOG,1,GOOGL
2012-05-31,GRMN,1,GRMN
2012-05-31,HSIC,1,HSIC
2012-05-31,INTC,1,INTC
2012-05-31,INTU,1,INTU
2012-05-31,ISRG,1,ISRG
2012-05-31,KLAC,1,KLAC
2012-05-31,LIFE,1,LIFE
2012-05-31,LLTC,1,LLTC
2012-05-31,LRCX,1,LRCX
2012-05-31,MAT,1,MAT
2012-05-31,MCHP,1,MCHP
2012-05-31,MNST,1,MNST
2012-05-31,MRVL,1,MRVL
2012-05-31,MSFT,1,MSFT
2012-05-31,MU,1,MU
2012-05-31,MWW,1,MWW
2012-05-31,MXIM,1,MXIM
2012-05-31,MYL,1,MYL
2012-05-31,NFLX,1,NFLX
2012-05-31,NTAP,1,NTAP
2012-05-31,NUAN,1,NUAN
2012-05-31,NVDA,1,NVDA
2012-05-31,NWSA,1,FOXA
2012-05-31,ORCL,1,ORCL
2012-05-31,ORLY,1,ORLY
2012-05-31,PAYX,1,PAYX
2012-05-31,PCAR,1,PCAR
2012-05-31,PCLN,1,BKNG
2012-05-31,PRGO,1,PRGO
2012-05-31,QCOM,1,QCOM
2012-05-31,QRTEA,1,QRTEA
2012-05-31,RIMM,1,RIMM
2012-05-31,ROST,1,ROST
2012-05-31,SBUX,1,SBUX
2012-05-31,SHLD,1,SHLD
2012-05-31,SIAL,1,SIAL
2012-05-31,SIRI,1,SIRI
2012-05-31,SNDK,1,SNDK
2012-05-31,SPLS,1,SPLS
2012-05-31,SRCL,1,SRCL
2012-05-31,SYMC,1,NLOK
2012-05-31,TXN,1,TXN
2012-05-31,VIAB,1,VIAB
2012-05-31,VMED,1,VMED
2012-05-31,VOD,1,VOD
2012-05-31,VRSN,1,VRSN
2012-05-31,VRTX,1,VRTX
2012-05-31,WCRX,1,WCRX
2012-05-31,WFM,1,WFM
2012-05-31,WYNN,1,WYNN
2012-05-31,XLNX,1,XLNX
2012-05-31,XRAY,1,XRAY
2012-05-31,YHOO,1,YHOO
2012-06-30,AAPL,1,AAPL
2012-06-30,ADBE,1,ADBE
2012-06-30,ADP,1,ADP
2012-06-30,ADSK,1,ADSK
2012-06-30,AKAM,1,AKAM
2012-06-30,ALTR,1,ALTR
2012-06-30,ALXN,1,ALXN
2012-06-30,AMAT,1,AMAT
2012-06-30,AMGN,1,AMGN
2012-06-30,AMZN,1,AMZN
2012-06-30,APOL,1,APOL
2012-06-30,ATVI,1,ATVI
2012-06-30,AVGO,1,AVGO
2012-06-30,BBBY,1,BBBY
2012-06-30,BIDU,1,BIDU
2012-06-30,BIIB,1,BIIB
2012-06-30,BMC,1,BMC
2012-06-30,BRCM,1,BRCM
2012-06-30,CA,1,CA
2012-06-30,CELG,1,CELG
2012-06-30,CERN,1,CERN
2012-06-30,CHKP,1,CHKP
2012-06-30,CHRW,1,CHRW
2012-06-30,CMCSA,1,CMCSA
2012-06-30,COST,1,COST
2012-06-30,CSCO,1,CSCO
2012-06-30,CTRP,1,TCOM
2012-06-30,CTSH,1,CTSH
2012-06-30,CTXS,1,CTXS
2012-06-30,DELL,1,DELL
2012-06-30,DLTR,1,DLTR
2012-06-30,DTV,1,DTV
2012-06-30,EA,1,EA
2012-06-30,EBAY,1,EBAY
2012-06-30,ESRX,1,ESRX
2012-06-30,EXPD,1,EXPD
2012-06-30,EXPE,1,EXPE
2012-06-30,FAST,1,FAST
2012-06-30,FB,1,META
2012-06-30,FFIV,1,FFIV
2012-06-30,FISV,1,FISV
2012-06-30,FLEX,1,FLEX
2012-06-30,FOSL,1,FOSL
2012-06-30,GILD,1,GILD
2012-06-30,GMCR,1,GMCR
2012-06-30,GOLD,1,GOLD
2012-06-30,GOOG,1,GOOGL
2012-06-30,GRMN,1,GRMN
2012-06-30,HSIC,1,HSIC
2012-06-30,INTC,1,INTC
2012-06-30,INTU,1,INTU
2012-06-30,ISRG,1,ISRG
2012-06-30,KLAC,1,KLAC
2012-06-30,LIFE,1,LIFE
2012-06-30,LLTC,1,LLTC
2012-06-30,LRCX,1,LRCX
2012-06-30,MAT,1,MAT
2012-06-30,MCHP,1,MCHP
2012-06-30,MNST,1,MNST
2012-06-30,MRVL,1,MRVL
2012-06-30,MSFT,1,MSFT
2012-06-30,MU,1,MU
2012-06-30,MWW,1,MWW
2012-06-30,MXIM,1,MXIM
2012-06-30,MYL,1,MYL
2012-06-30,NFLX,1,NFLX
2012-06-30,NTAP,1,NTAP
2012-06-30,NUAN,1,NUAN
2012-06-30,NVDA,1,NVDA
2012-06-30,NWSA,1,FOXA
2012-06-30,ORCL,1,ORCL
2012-06-30,ORLY,1,ORLY
2012-06-30,PAYX,1,PAYX
2012-06-30,PCAR,1,PCAR
2012-06-30,PCLN,1,BKNG
2012-06-30,PRGO,1,PRGO
2012-06-30,QCOM,1,QCOM
2012-06-30,QRTEA,1,QRTEA
2012-06-30,RIMM,1,RIMM
2012-06-30,ROST,1,ROST
2012-06-30,SBUX,1,SBUX
2012-06-30,SHLD,1,SHLD
2012-06-30,SIAL,1,SIAL
2012-06-30,SIRI,1,SIRI
2012-06-30,SNDK,1,SNDK
2012-06-30,SPLS,1,SPLS
2012-06-30,SRCL,1,SRCL
2012-06-30,SYMC,1,NLOK
2012-06-30,TXN,1,TXN
2012-06-30,VIAB,1,VIAB
2012-06-30,VMED,1,VMED
2012-06-30,VOD,1,VOD
2012-06-30,VRSN,1,VRSN
2012-06-30,VRTX,1,VRTX
2012-06-30,WCRX,1,WCRX
2012-06-30,WFM,1,WFM
2012-06-30,WYNN,1,WYNN
2012-06-30,XLNX,1,XLNX
2012-06-30,XRAY,1,XRAY
2012-06-30,YHOO,1,YHOO
2012-07-31,AAPL,1,AAPL
2012-07-31,ADBE,1,ADBE
2012-07-31,ADP,1,ADP
2012-07-31,ADSK,1,ADSK
2012-07-31,AKAM,1,AKAM
2012-07-31,ALTR,1,ALTR
2012-07-31,ALXN,1,ALXN
2012-07-31,AMAT,1,AMAT
2012-07-31,AMGN,1,AMGN
2012-07-31,AMZN,1,AMZN
2012-07-31,APOL,1,APOL
2012-07-31,ATVI,1,ATVI
2012-07-31,AVGO,1,AVGO
2012-07-31,BBBY,1,BBBY
2012-07-31,BIDU,1,BIDU
2012-07-31,BIIB,1,BIIB
2012-07-31,BMC,1,BMC
2012-07-31,BRCM,1,BRCM
2012-07-31,CA,1,CA
2012-07-31,CELG,1,CELG
2012-07-31,CERN,1,CERN
2012-07-31,CHKP,1,CHKP
2012-07-31,CHRW,1,CHRW
2012-07-31,CMCSA,1,CMCSA
2012-07-31,COST,1,COST
2012-07-31,CSCO,1,CSCO
2012-07-31,CTSH,1,CTSH
2012-07-31,CTXS,1,CTXS
2012-07-31,DELL,1,DELL
2012-07-31,DLTR,1,DLTR
2012-07-31,DTV,1,DTV
2012-07-31,EA,1,EA
2012-07-31,EBAY,1,EBAY
2012-07-31,ESRX,1,ESRX
2012-07-31,EXPD,1,EXPD
2012-07-31,EXPE,1,EXPE
2012-07-31,FAST,1,FAST
2012-07-31,FB,1,META
2012-07-31,FFIV,1,FFIV
2012-07-31,FISV,1,FISV
2012-07-31,FLEX,1,FLEX
2012-07-31,FOSL,1,FOSL
2012-07-31,GILD,1,GILD
2012-07-31,GMCR,1,GMCR
2012-07-31,GOLD,1,GOLD
2012-07-31,GOOG,1,GOOGL
2012-07-31,GRMN,1,GRMN
2012-07-31,HSIC,1,HSIC
2012-07-31,INTC,1,INTC
2012-07-31,INTU,1,INTU
2012-07-31,ISRG,1,ISRG
2012-07-31,KFT,1,MDLZ
2012-07-31,KLAC,1,KLAC
2012-07-31,LIFE,1,LIFE
2012-07-31,LLTC,1,LLTC
2012-07-31,LRCX,1,LRCX
2012-07-31,MAT,1,MAT
2012-07-31,MCHP,1,MCHP
2012-07-31,MNST,1,MNST
2012-07-31,MRVL,1,MRVL
2012-07-31,MSFT,1,MSFT
2012-07-31,MU,1,MU
2012-07-31,MWW,1,MWW
2012-07-31,MXIM,1,MXIM
2012-07-31,MYL,1,MYL
2012-07-31,NFLX,1,NFLX
2012-07-31,NTAP,1,NTAP
2012-07-31,NUAN,1,NUAN
2012-07-31,NVDA,1,NVDA
2012-07-31,NWSA,1,FOXA
2012-07-31,ORCL,1,ORCL
2012-07-31,ORLY,1,ORLY
2012-07-31,PAYX,1,PAYX
2012-07-31,PCAR,1,PCAR
2012-07-31,PCLN,1,BKNG
2012-07-31,PRGO,1,PRGO
2012-07-31,QCOM,1,QCOM
2012-07-31,QRTEA,1,QRTEA
2012-07-31,RIMM,1,RIMM
2012-07-31,ROST,1,ROST
2012-07-31,SBUX,1,SBUX
2012-07-31,SHLD,1,SHLD
2012-07-31,SIAL,1,SIAL
2012-07-31,SIRI,1,SIRI
2012-07-31,SNDK,1,SNDK
2012-07-31,SPLS,1,SPLS
2012-07-31,SRCL,1,SRCL
2012-07-31,SYMC,1,NLOK
2012-07-31,TXN,1,TXN
2012-07-31,VIAB,1,VIAB
2012-07-31,VMED,1,VMED
2012-07-31,VOD,1,VOD
2012-07-31,VRSN,1,VRSN
2012-07-31,VRTX,1,VRTX
2012-07-31,WCRX,1,WCRX
2012-07-31,WFM,1,WFM
2012-07-31,WYNN,1,WYNN
2012-07-31,XLNX,1,XLNX
2012-07-31,XRAY,1,XRAY
2012-07-31,YHOO,1,YHOO
2012-08-31,AAPL,1,AAPL
2012-08-31,ADBE,1,ADBE
2012-08-31,ADP,1,ADP
2012-08-31,ADSK,1,ADSK
2012-08-31,AKAM,1,AKAM
2012-08-31,ALTR,1,ALTR
2012-08-31,ALXN,1,ALXN
2012-08-31,AMAT,1,AMAT
2012-08-31,AMGN,1,AMGN
2012-08-31,AMZN,1,AMZN
2012-08-31,APOL,1,APOL
2012-08-31,ATVI,1,ATVI
2012-08-31,AVGO,1,AVGO
2012-08-31,BBBY,1,BBBY
2012-08-31,BIDU,1,BIDU
2012-08-31,BIIB,1,BIIB
2012-08-31,BMC,1,BMC
2012-08-31,BRCM,1,BRCM
2012-08-31,CA,1,CA
2012-08-31,CELG,1,CELG
2012-08-31,CERN,1,CERN
2012-08-31,CHKP,1,CHKP
2012-08-31,CHRW,1,CHRW
2012-08-31,CMCSA,1,CMCSA
2012-08-31,COST,1,COST
2012-08-31,CSCO,1,CSCO
2012-08-31,CTSH,1,CTSH
2012-08-31,CTXS,1,CTXS
2012-08-31,DELL,1,DELL
2012-08-31,DLTR,1,DLTR
2012-08-31,DTV,1,DTV
2012-08-31,EA,1,EA
2012-08-31,EBAY,1,EBAY
2012-08-31,ESRX,1,ESRX
2012-08-31,EXPD,1,EXPD
2012-08-31,EXPE,1,EXPE
2012-08-31,FAST,1,FAST
2012-08-31,FB,1,META
2012-08-31,FFIV,1,FFIV
2012-08-31,FISV,1,FISV
2012-08-31,FLEX,1,FLEX
2012-08-31,FOSL,1,FOSL
2012-08-31,GILD,1,GILD
2012-08-31,GMCR,1,GMCR
2012-08-31,GOLD,1,GOLD
2012-08-31,GOOG,1,GOOGL
2012-08-31,GRMN,1,GRMN
2012-08-31,HSIC,1,HSIC
2012-08-31,INTC,1,INTC
2012-08-31,INTU,1,INTU
2012-08-31,ISRG,1,ISRG
2012-08-31,KFT,1,MDLZ
2012-08-31,KLAC,1,KLAC
2012-08-31,LIFE,1,LIFE
2012-08-31,LLTC,1,LLTC
2012-08-31,LRCX,1,LRCX
2012-08-31,MAT,1,MAT
2012-08-31,MCHP,1,MCHP
2012-08-31,MNST,1,MNST
2012-08-31,MRVL,1,MRVL
2012-08-31,MSFT,1,MSFT
2012-08-31,MU,1,MU
2012-08-31,MWW,1,MWW
2012-08-31,MXIM,1,MXIM
2012-08-31,MYL,1,MYL
2012-08-31,NFLX,1,NFLX
2012-08-31,NTAP,1,NTAP
2012-08-31,NUAN,1,NUAN
2012-08-31,NVDA,1,NVDA
2012-08-31,NWSA,1,FOXA
2012-08-31,ORCL,1,ORCL
2012-08-31,ORLY,1,ORLY
2012-08-31,PAYX,1,PAYX
2012-08-31,PCAR,1,PCAR
2012-08-31,PCLN,1,BKNG
2012-08-31,PRGO,1,PRGO
2012-08-31,QCOM,1,QCOM
2012-08-31,QRTEA,1,QRTEA
2012-08-31,RIMM,1,RIMM
2012-08-31,ROST,1,ROST
2012-08-31,SBUX,1,SBUX
2012-08-31,SHLD,1,SHLD
2012-08-31,SIAL,1,SIAL
2012-08-31,SIRI,1,SIRI
2012-08-31,SNDK,1,SNDK
2012-08-31,SPLS,1,SPLS
2012-08-31,SRCL,1,SRCL
2012-08-31,SYMC,1,NLOK
2012-08-31,TXN,1,TXN
2012-08-31,VIAB,1,VIAB
2012-08-31,VMED,1,VMED
2012-08-31,VOD,1,VOD
2012-08-31,VRSN,1,VRSN
2012-08-31,VRTX,1,VRTX
2012-08-31,WCRX,1,WCRX
2012-08-31,WFM,1,WFM
2012-08-31,WYNN,1,WYNN
2012-08-31,XLNX,1,XLNX
2012-08-31,XRAY,1,XRAY
2012-08-31,YHOO,1,YHOO
2012-09-30,AAPL,1,AAPL
2012-09-30,ADBE,1,ADBE
2012-09-30,ADP,1,ADP
2012-09-30,ADSK,1,ADSK
2012-09-30,AKAM,1,AKAM
2012-09-30,ALTR,1,ALTR
2012-09-30,ALXN,1,ALXN
2012-09-30,AMAT,1,AMAT
2012-09-30,AMGN,1,AMGN
2012-09-30,AMZN,1,AMZN
2012-09-30,APOL,1,APOL
2012-09-30,ATVI,1,ATVI
2012-09-30,AVGO,1,AVGO
2012-09-30,BBBY,1,BBBY
2012-09-30,BIDU,1,BIDU
2012-09-30,BIIB,1,BIIB
2012-09-30,BMC,1,BMC
2012-09-30,BRCM,1,BRCM
2012-09-30,CA,1,CA
2012-09-30,CELG,1,CELG
2012-09-30,CERN,1,CERN
2012-09-30,CHKP,1,CHKP
2012-09-30,CHRW,1,CHRW
2012-09-30,CMCSA,1,CMCSA
2012-09-30,COST,1,COST
2012-09-30,CSCO,1,CSCO
2012-09-30,CTSH,1,CTSH
2012-09-30,CTXS,1,CTXS
2012-09-30,DELL,1,DELL
2012-09-30,DLTR,1,DLTR
2012-09-30,DTV,1,DTV
2012-09-30,EA,1,EA
2012-09-30,EBAY,1,EBAY
2012-09-30,ESRX,1,ESRX
2012-09-30,EXPD,1,EXPD
2012-09-30,EXPE,1,EXPE
2012-09-30,FAST,1,FAST
2012-09-30,FB,1,META
2012-09-30,FFIV,1,FFIV
2012-09-30,FISV,1,FISV
2012-09-30,FLEX,1,FLEX
2012-09-30,FOSL,1,FOSL
2012-09-30,GILD,1,GILD
2012-09-30,GMCR,1,GMCR
2012-09-30,GOLD,1,GOLD
2012-09-30,GOOG,1,GOOGL
2012-09-30,GRMN,1,GRMN
2012-09-30,HSIC,1,HSIC
2012-09-30,INTC,1,INTC
2012-09-30,INTU,1,INTU
2012-09-30,ISRG,1,ISRG
2012-09-30,KFT,1,MDLZ
2012-09-30,KLAC,1,KLAC
2012-09-30,LIFE,1,LIFE
2012-09-30,LLTC,1,LLTC
2012-09-30,LRCX,1,LRCX
2012-09-30,MAT,1,MAT
2012-09-30,MCHP,1,MCHP
2012-09-30,MNST,1,MNST
2012-09-30,MRVL,1,MRVL
2012-09-30,MSFT,1,MSFT
2012-09-30,MU,1,MU
2012-09-30,MWW,1,MWW
2012-09-30,MXIM,1,MXIM
2012-09-30,MYL,1,MYL
2012-09-30,NFLX,1,NFLX
2012-09-30,NTAP,1,NTAP
2012-09-30,NUAN,1,NUAN
2012-09-30,NVDA,1,NVDA
2012-09-30,NWSA,1,FOXA
2012-09-30,ORCL,1,ORCL
2012-09-30,ORLY,1,ORLY
2012-09-30,PAYX,1,PAYX
2012-09-30,PCAR,1,PCAR
2012-09-30,PCLN,1,BKNG
2012-09-30,PRGO,1,PRGO
2012-09-30,QCOM,1,QCOM
2012-09-30,QRTEA,1,QRTEA
2012-09-30,RIMM,1,RIMM
2012-09-30,ROST,1,ROST
2012-09-30,SBUX,1,SBUX
2012-09-30,SHLD,1,SHLD
2012-09-30,SIAL,1,SIAL
2012-09-30,SIRI,1,SIRI
2012-09-30,SNDK,1,SNDK
2012-09-30,SPLS,1,SPLS
2012-09-30,SRCL,1,SRCL
2012-09-30,SYMC,1,NLOK
2012-09-30,TXN,1,TXN
2012-09-30,VIAB,1,VIAB
2012-09-30,VMED,1,VMED
2012-09-30,VOD,1,VOD
2012-09-30,VRSN,1,VRSN
2012-09-30,VRTX,1,VRTX
2012-09-30,WCRX,1,WCRX
2012-09-30,WFM,1,WFM
2012-09-30,WYNN,1,WYNN
2012-09-30,XLNX,1,XLNX
2012-09-30,XRAY,1,XRAY
2012-09-30,YHOO,1,YHOO
2012-10-31,AAPL,1,AAPL
2012-10-31,ADBE,1,ADBE
2012-10-31,ADP,1,ADP
2012-10-31,ADSK,1,ADSK
2012-10-31,AKAM,1,AKAM
2012-10-31,ALTR,1,ALTR
2012-10-31,ALXN,1,ALXN
2012-10-31,AMAT,1,AMAT
2012-10-31,AMGN,1,AMGN
2012-10-31,AMZN,1,AMZN
2012-10-31,APOL,1,APOL
2012-10-31,ATVI,1,ATVI
2012-10-31,AVGO,1,AVGO
2012-10-31,BBBY,1,BBBY
2012-10-31,BIDU,1,BIDU
2012-10-31,BIIB,1,BIIB
2012-10-31,BMC,1,BMC
2012-10-31,BRCM,1,BRCM
2012-10-31,CA,1,CA
2012-10-31,CELG,1,CELG
2012-10-31,CERN,1,CERN
2012-10-31,CHKP,1,CHKP
2012-10-31,CHRW,1,CHRW
2012-10-31,CMCSA,1,CMCSA
2012-10-31,COST,1,COST
2012-10-31,CSCO,1,CSCO
2012-10-31,CTSH,1,CTSH
2012-10-31,CTXS,1,CTXS
2012-10-31,DELL,1,DELL
2012-10-31,DLTR,1,DLTR
2012-10-31,DTV,1,DTV
2012-10-31,EA,1,EA
2012-10-31,EBAY,1,EBAY
2012-10-31,ESRX,1,ESRX
2012-10-31,EXPD,1,EXPD
2012-10-31,EXPE,1,EXPE
2012-10-31,FAST,1,FAST
2012-10-31,FB,1,META
2012-10-31,FFIV,1,FFIV
2012-10-31,FISV,1,FISV
2012-10-31,FLEX,1,FLEX
2012-10-31,FOSL,1,FOSL
2012-10-31,GILD,1,GILD
2012-10-31,GMCR,1,GMCR
2012-10-31,GOLD,1,GOLD
2012-10-31,GOOG,1,GOOGL
2012-10-31,GRMN,1,GRMN
2012-10-31,HSIC,1,HSIC
2012-10-31,INTC,1,INTC
2012-10-31,INTU,1,INTU
2012-10-31,ISRG,1,ISRG
2012-10-31,KLAC,1,KLAC
2012-10-31,LIFE,1,LIFE
2012-10-31,LLTC,1,LLTC
2012-10-31,LRCX,1,LRCX
2012-10-31,MAT,1,MAT
2012-10-31,MCHP,1,MCHP
2012-10-31,MDLZ,1,MDLZ
2012-10-31,MNST,1,MNST
2012-10-31,MRVL,1,MRVL
2012-10-31,MSFT,1,MSFT
2012-10-31,MU,1,MU
2012-10-31,MWW,1,MWW
2012-10-31,MXIM,1,MXIM
2012-10-31,MYL,1,MYL
2012-10-31,NFLX,1,NFLX
2012-10-31,NTAP,1,NTAP
2012-10-31,NUAN,1,NUAN
2012-10-31,NVDA,1,NVDA
2012-10-31,NWSA,1,FOXA
2012-10-31,ORCL,1,ORCL
2012-10-31,ORLY,1,ORLY
2012-10-31,PAYX,1,PAYX
2012-10-31,PCAR,1,PCAR
2012-10-31,PCLN,1,BKNG
2012-10-31,PRGO,1,PRGO
2012-10-31,QCOM,1,QCOM
2012-10-31,QRTEA,1,QRTEA
2012-10-31,RIMM,1,RIMM
2012-10-31,ROST,1,ROST
2012-10-31,SBUX,1,SBUX
2012-10-31,SHLD,1,SHLD
2012-10-31,SIAL,1,SIAL
2012-10-31,SIRI,1,SIRI
2012-10-31,SNDK,1,SNDK
2012-10-31,SPLS,1,SPLS
2012-10-31,SRCL,1,SRCL
2012-10-31,SYMC,1,NLOK
2012-10-31,TXN,1,TXN
2012-10-31,VIAB,1,VIAB
2012-10-31,VMED,1,VMED
2012-10-31,VOD,1,VOD
2012-10-31,VRSN,1,VRSN
2012-10-31,VRTX,1,VRTX
2012-10-31,WCRX,1,WCRX
2012-10-31,WFM,1,WFM
2012-10-31,WYNN,1,WYNN
2012-10-31,XLNX,1,XLNX
2012-10-31,XRAY,1,XRAY
2012-10-31,YHOO,1,YHOO
2012-11-30,AAPL,1,AAPL
2012-11-30,ADBE,1,ADBE
2012-11-30,ADP,1,ADP
2012-11-30,ADSK,1,ADSK
2012-11-30,AKAM,1,AKAM
2012-11-30,ALTR,1,ALTR
2012-11-30,ALXN,1,ALXN
2012-11-30,AMAT,1,AMAT
2012-11-30,AMGN,1,AMGN
2012-11-30,AMZN,1,AMZN
2012-11-30,APOL,1,APOL
2012-11-30,ATVI,1,ATVI
2012-11-30,AVGO,1,AVGO
2012-11-30,BBBY,1,BBBY
2012-11-30,BIDU,1,BIDU
2012-11-30,BIIB,1,BIIB
2012-11-30,BMC,1,BMC
2012-11-30,BRCM,1,BRCM
2012-11-30,CA,1,CA
2012-11-30,CELG,1,CELG
2012-11-30,CERN,1,CERN
2012-11-30,CHKP,1,CHKP
2012-11-30,CHRW,1,CHRW
2012-11-30,CMCSA,1,CMCSA
2012-11-30,COST,1,COST
2012-11-30,CSCO,1,CSCO
2012-11-30,CTSH,1,CTSH
2012-11-30,CTXS,1,CTXS
2012-11-30,DELL,1,DELL
2012-11-30,DLTR,1,DLTR
2012-11-30,DTV,1,DTV
2012-11-30,EA,1,EA
2012-11-30,EBAY,1,EBAY
2012-11-30,ESRX,1,ESRX
2012-11-30,EXPD,1,EXPD
2012-11-30,EXPE,1,EXPE
2012-11-30,FAST,1,FAST
2012-11-30,FB,1,META
2012-11-30,FFIV,1,FFIV
2012-11-30,FISV,1,FISV
2012-11-30,FLEX,1,FLEX
2012-11-30,FOSL,1,FOSL
2012-11-30,GILD,1,GILD
2012-11-30,GMCR,1,GMCR
2012-11-30,GOLD,1,GOLD
2012-11-30,GOOG,1,GOOGL
2012-11-30,GRMN,1,GRMN
2012-11-30,HSIC,1,HSIC
2012-11-30,INTC,1,INTC
2012-11-30,INTU,1,INTU
2012-11-30,ISRG,1,ISRG
2012-11-30,KLAC,1,KLAC
2012-11-30,LIFE,1,LIFE
2012-11-30,LLTC,1,LLTC
2012-11-30,LRCX,1,LRCX
2012-11-30,MAT,1,MAT
2012-11-30,MCHP,1,MCHP
2012-11-30,MDLZ,1,MDLZ
2012-11-30,MNST,1,MNST
2012-11-30,MRVL,1,MRVL
2012-11-30,MSFT,1,MSFT
2012-11-30,MU,1,MU
2012-11-30,MXIM,1,MXIM
2012-11-30,MYL,1,MYL
2012-11-30,NFLX,1,NFLX
2012-11-30,NTAP,1,NTAP
2012-11-30,NUAN,1,NUAN
2012-11-30,NVDA,1,NVDA
2012-11-30,NWSA,1,FOXA
2012-11-30,ORCL,1,ORCL
2012-11-30,ORLY,1,ORLY
2012-11-30,PAYX,1,PAYX
2012-11-30,PCAR,1,PCAR
2012-11-30,PCLN,1,BKNG
2012-11-30,PRGO,1,PRGO
2012-11-30,QCOM,1,QCOM
2012-11-30,QRTEA,1,QRTEA
2012-11-30,RIMM,1,RIMM
2012-11-30,ROST,1,ROST
2012-11-30,SBUX,1,SBUX
2012-11-30,SHLD,1,SHLD
2012-11-30,SIAL,1,SIAL
2012-11-30,SIRI,1,SIRI
2012-11-30,SNDK,1,SNDK
2012-11-30,SPLS,1,SPLS
2012-11-30,SRCL,1,SRCL
2012-11-30,STX,1,STX
2012-11-30,SYMC,1,NLOK
2012-11-30,TXN,1,TXN
2012-11-30,VIAB,1,VIAB
2012-11-30,VMED,1,VMED
2012-11-30,VOD,1,VOD
2012-11-30,VRSN,1,VRSN
2012-11-30,VRTX,1,VRTX
2012-11-30,WCRX,1,WCRX
2012-11-30,WFM,1,WFM
2012-11-30,WYNN,1,WYNN
2012-11-30,XLNX,1,XLNX
2012-11-30,XRAY,1,XRAY
2012-11-30,YHOO,1,YHOO
2012-12-31,AAPL,1,AAPL
2012-12-31,ADBE,1,ADBE
2012-12-31,ADI,1,ADI
2012-12-31,ADP,1,ADP
2012-12-31,ADSK,1,ADSK
2012-12-31,AKAM,1,AKAM
2012-12-31,ALTR,1,ALTR
2012-12-31,ALXN,1,ALXN
2012-12-31,AMAT,1,AMAT
2012-12-31,AMGN,1,AMGN
2012-12-31,AMZN,1,AMZN
2012-12-31,ATVI,1,ATVI
2012-12-31,AVGO,1,AVGO
2012-12-31,BBBY,1,BBBY
2012-12-31,BIDU,1,BIDU
2012-12-31,BIIB,1,BIIB
2012-12-31,BMC,1,BMC
2012-12-31,BRCM,1,BRCM
2012-12-31,CA,1,CA
2012-12-31,CELG,1,CELG
2012-12-31,CERN,1,CERN
2012-12-31,CHKP,1,CHKP
2012-12-31,CHRW,1,CHRW
2012-12-31,CMCSA,1,CMCSA
2012-12-31,COST,1,COST
2012-12-31,CSCO,1,CSCO
2012-12-31,CTRX,1,CTRX
2012-12-31,CTSH,1,CTSH
2012-12-31,CTXS,1,CTXS
2012-12-31,DELL,1,DELL
2012-12-31,DISCA,1,DISCA
2012-12-31,DLTR,1,DLTR
2012-12-31,DTV,1,DTV
2012-12-31,EBAY,1,EBAY
2012-12-31,EQIX,1,EQIX
2012-12-31,ESRX,1,ESRX
2012-12-31,EXPD,1,EXPD
2012-12-31,EXPE,1,EXPE
2012-12-31,FAST,1,FAST
2012-12-31,FB,1,META
2012-12-31,FFIV,1,FFIV
2012-12-31,FISV,1,FISV
2012-12-31,FOSL,1,FOSL
2012-12-31,GILD,1,GILD
2012-12-31,GOLD,1,GOLD
2012-12-31,GOOG,1,GOOGL
2012-12-31,GRMN,1,GRMN
2012-12-31,HSIC,1,HSIC
2012-12-31,INTC,1,INTC
2012-12-31,INTU,1,INTU
2012-12-31,ISRG,1,ISRG
2012-12-31,KLAC,1,KLAC
2012-12-31,LBTYA,1,LBTYA
2012-12-31,LIFE,1,LIFE
2012-12-31,LLTC,1,LLTC
2012-12-31,LMCA,1,STRZA
2012-12-31,MAT,1,MAT
2012-12-31,MCHP,1,MCHP
2012-12-31,MDLZ,1,MDLZ
2012-12-31,MNST,1,MNST
2012-12-31,MSFT,1,MSFT
2012-12-31,MU,1,MU
2012-12-31,MXIM,1,MXIM
2012-12-31,MYL,1,MYL
2012-12-31,NTAP,1,NTAP
2012-12-31,NUAN,1,NUAN
2012-12-31,NVDA,1,NVDA
2012-12-31,NWSA,1,FOXA
2012-12-31,ORCL,1,ORCL
2012-12-31,ORLY,1,ORLY
2012-12-31,PAYX,1,PAYX
2012-12-31,PCAR,1,PCAR
2012-12-31,PCLN,1,BKNG
2012-12-31,PRGO,1,PRGO
2012-12-31,QCOM,1,QCOM
2012-12-31,QRTEA,1,QRTEA
2012-12-31,REGN,1,REGN
2012-12-31,ROST,1,ROST
2012-12-31,SBAC,1,SBAC
2012-12-31,SBUX,1,SBUX
2012-12-31,SHLD,1,SHLD
2012-12-31,SIAL,1,SIAL
2012-12-31,SIRI,1,SIRI
2012-12-31,SNDK,1,SNDK
2012-12-31,SPLS,1,SPLS
2012-12-31,SRCL,1,SRCL
2012-12-31,STX,1,STX
2012-12-31,SYMC,1,NLOK
2012-12-31,TXN,1,TXN
2012-12-31,VIAB,1,VIAB
2012-12-31,VMED,1,VMED
2012-12-31,VOD,1,VOD
2012-12-31,VRSK,1,VRSK
2012-12-31,VRTX,1,VRTX
2012-12-31,WDC,1,WDC
2012-12-31,WFM,1,WFM
2012-12-31,WYNN,1,WYNN
2012-12-31,XLNX,1,XLNX
2012-12-31,XRAY,1,XRAY
2012-12-31,YHOO,1,YHOO
2013-01-31,AAPL,1,AAPL
2013-01-31,ADBE,1,ADBE
2013-01-31,ADI,1,ADI
2013-01-31,ADP,1,ADP
2013-01-31,ADSK,1,ADSK
2013-01-31,AKAM,1,AKAM
2013-01-31,ALTR,1,ALTR
2013-01-31,ALXN,1,ALXN
2013-01-31,AMAT,1,AMAT
2013-01-31,AMGN,1,AMGN
2013-01-31,AMZN,1,AMZN
2013-01-31,ATVI,1,ATVI
2013-01-31,AVGO,1,AVGO
2013-01-31,BBBY,1,BBBY
2013-01-31,BIDU,1,BIDU
2013-01-31,BIIB,1,BIIB
2013-01-31,BMC,1,BMC
2013-01-31,BRCM,1,BRCM
2013-01-31,CA,1,CA
2013-01-31,CELG,1,CELG
2013-01-31,CERN,1,CERN
2013-01-31,CHKP,1,CHKP
2013-01-31,CHRW,1,CHRW
2013-01-31,CMCSA,1,CMCSA
2013-01-31,COST,1,COST
2013-01-31,CSCO,1,CSCO
2013-01-31,CTRX,1,CTRX
2013-01-31,CTSH,1,CTSH
2013-01-31,CTXS,1,CTXS
2013-01-31,DELL,1,DELL
2013-01-31,DISCA,1,DISCA
2013-01-31,DLTR,1,DLTR
2013-01-31,DTV,1,DTV
2013-01-31,EBAY,1,EBAY
2013-01-31,EQIX,1,EQIX
2013-01-31,ESRX,1,ESRX
2013-01-31,EXPD,1,EXPD
2013-01-31,EXPE,1,EXPE
2013-01-31,FAST,1,FAST
2013-01-31,FB,1,META
2013-01-31,FFIV,1,FFIV
2013-01-31,FISV,1,FISV
2013-01-31,FOSL,1,FOSL
2013-01-31,GILD,1,GILD
2013-01-31,GOLD,1,GOLD
2013-01-31,GOOG,1,GOOGL
2013-01-31,GRMN,1,GRMN
2013-01-31,HSIC,1,HSIC
2013-01-31,INTC,1,INTC
2013-01-31,INTU,1,INTU
2013-01-31,ISRG,1,ISRG
2013-01-31,KLAC,1,KLAC
2013-01-31,LBTYA,1,LBTYA
2013-01-31,LIFE,1,LIFE
2013-01-31,LLTC,1,LLTC
2013-01-31,MAT,1,MAT
2013-01-31,MCHP,1,MCHP
2013-01-31,MDLZ,1,MDLZ
2013-01-31,MNST,1,MNST
2013-01-31,MSFT,1,MSFT
2013-01-31,MU,1,MU
2013-01-31,MXIM,1,MXIM
2013-01-31,MYL,1,MYL
2013-01-31,NTAP,1,NTAP
2013-01-31,NUAN,1,NUAN
2013-01-31,NVDA,1,NVDA
2013-01-31,NWSA,1,FOXA
2013-01-31,ORCL,1,ORCL
2013-01-31,ORLY,1,ORLY
2013-01-31,PAYX,1,PAYX
2013-01-31,PCAR,1,PCAR
2013-01-31,PCLN,1,BKNG
2013-01-31,PRGO,1,PRGO
2013-01-31,QCOM,1,QCOM
2013-01-31,QRTEA,1,QRTEA
2013-01-31,REGN,1,REGN
2013-01-31,ROST,1,ROST
2013-01-31,SBAC,1,SBAC
2013-01-31,SBUX,1,SBUX
2013-01-31,SHLD,1,SHLD
2013-01-31,SIAL,1,SIAL
2013-01-31,SIRI,1,SIRI
2013-01-31,SNDK,1,SNDK
2013-01-31,SPLS,1,SPLS
2013-01-31,SRCL,1,SRCL
2013-01-31,STRZA,1,STRZA
2013-01-31,STX,1,STX
2013-01-31,SYMC,1,NLOK
2013-01-31,TXN,1,TXN
2013-01-31,VIAB,1,VIAB
2013-01-31,VMED,1,VMED
2013-01-31,VOD,1,VOD
2013-01-31,VRSK,1,VRSK
2013-01-31,VRTX,1,VRTX
2013-01-31,WDC,1,WDC
2013-01-31,WFM,1,WFM
2013-01-31,WYNN,1,WYNN
2013-01-31,XLNX,1,XLNX
2013-01-31,XRAY,1,XRAY
2013-01-31,YHOO,1,YHOO
2013-02-28,AAPL,1,AAPL
2013-02-28,ADBE,1,ADBE
2013-02-28,ADI,1,ADI
2013-02-28,ADP,1,ADP
2013-02-28,ADSK,1,ADSK
2013-02-28,AKAM,1,AKAM
2013-02-28,ALTR,1,ALTR
2013-02-28,ALXN,1,ALXN
2013-02-28,AMAT,1,AMAT
2013-02-28,AMGN,1,AMGN
2013-02-28,AMZN,1,AMZN
2013-02-28,ATVI,1,ATVI
2013-02-28,AVGO,1,AVGO
2013-02-28,BBBY,1,BBBY
2013-02-28,BIDU,1,BIDU
2013-02-28,BIIB,1,BIIB
2013-02-28,BMC,1,BMC
2013-02-28,BRCM,1,BRCM
2013-02-28,CA,1,CA
2013-02-28,CELG,1,CELG
2013-02-28,CERN,1,CERN
2013-02-28,CHKP,1,CHKP
2013-02-28,CHRW,1,CHRW
2013-02-28,CMCSA,1,CMCSA
2013-02-28,COST,1,COST
2013-02-28,CSCO,1,CSCO
2013-02-28,CTRX,1,CTRX
2013-02-28,CTSH,1,CTSH
2013-02-28,CTXS,1,CTXS
2013-02-28,DELL,1,DELL
2013-02-28,DISCA,1,DISCA
2013-02-28,DLTR,1,DLTR
2013-02-28,DTV,1,DTV
2013-02-28,EBAY,1,EBAY
2013-02-28,EQIX,1,EQIX
2013-02-28,ESRX,1,ESRX
2013-02-28,EXPD,1,EXPD
2013-02-28,EXPE,1,EXPE
2013-02-28,FAST,1,FAST
2013-02-28,FB,1,META
2013-02-28,FFIV,1,FFIV
2013-02-28,FISV,1,FISV
2013-02-28,FOSL,1,FOSL
2013-02-28,GILD,1,GILD
2013-02-28,GOLD,1,GOLD
2013-02-28,GOOG,1,GOOGL
2013-02-28,GRMN,1,GRMN
2013-02-28,HSIC,1,HSIC
2013-02-28,INTC,1,INTC
2013-02-28,INTU,1,INTU
2013-02-28,ISRG,1,ISRG
2013-02-28,KLAC,1,KLAC
2013-02-28,LBTYA,1,LBTYA
2013-02-28,LIFE,1,LIFE
2013-02-28,LLTC,1,LLTC
2013-02-28,MAT,1,MAT
2013-02-28,MCHP,1,MCHP
2013-02-28,MDLZ,1,MDLZ
2013-02-28,MNST,1,MNST
2013-02-28,MSFT,1,MSFT
2013-02-28,MU,1,MU
2013-02-28,MXIM,1,MXIM
2013-02-28,MYL,1,MYL
2013-02-28,NTAP,1,NTAP
2013-02-28,NUAN,1,NUAN
2013-02-28,NVDA,1,NVDA
2013-02-28,NWSA,1,FOXA
2013-02-28,ORCL,1,ORCL
2013-02-28,ORLY,1,ORLY
2013-02-28,PAYX,1,PAYX
2013-02-28,PCAR,1,PCAR
2013-02-28,PCLN,1,BKNG
2013-02-28,PRGO,1,PRGO
2013-02-28,QCOM,1,QCOM
2013-02-28,QRTEA,1,QRTEA
2013-02-28,REGN,1,REGN
2013-02-28,ROST,1,ROST
2013-02-28,SBAC,1,SBAC
2013-02-28,SBUX,1,SBUX
2013-02-28,SHLD,1,SHLD
2013-02-28,SIAL,1,SIAL
2013-02-28,SIRI,1,SIRI
2013-02-28,SNDK,1,SNDK
2013-02-28,SPLS,1,SPLS
2013-02-28,SRCL,1,SRCL
2013-02-28,STRZA,1,STRZA
2013-02-28,STX,1,STX
2013-02-28,SYMC,1,NLOK
2013-02-28,TXN,1,TXN
2013-02-28,VIAB,1,VIAB
2013-02-28,VMED,1,VMED
2013-02-28,VOD,1,VOD
2013-02-28,VRSK,1,VRSK
2013-02-28,VRTX,1,VRTX
2013-02-28,WDC,1,WDC
2013-02-28,WFM,1,WFM
2013-02-28,WYNN,1,WYNN
2013-02-28,XLNX,1,XLNX
2013-02-28,XRAY,1,XRAY
2013-02-28,YHOO,1,YHOO
2013-03-31,AAPL,1,AAPL
2013-03-31,ADBE,1,ADBE
2013-03-31,ADI,1,ADI
2013-03-31,ADP,1,ADP
2013-03-31,ADSK,1,ADSK
2013-03-31,AKAM,1,AKAM
2013-03-31,ALTR,1,ALTR
2013-03-31,ALXN,1,ALXN
2013-03-31,AMAT,1,AMAT
2013-03-31,AMGN,1,AMGN
2013-03-31,AMZN,1,AMZN
2013-03-31,ATVI,1,ATVI
2013-03-31,AVGO,1,AVGO
2013-03-31,BBBY,1,BBBY
2013-03-31,BIDU,1,BIDU
2013-03-31,BIIB,1,BIIB
2013-03-31,BMC,1,BMC
2013-03-31,BRCM,1,BRCM
2013-03-31,CA,1,CA
2013-03-31,CELG,1,CELG
2013-03-31,CERN,1,CERN
2013-03-31,CHKP,1,CHKP
2013-03-31,CHRW,1,CHRW
2013-03-31,CMCSA,1,CMCSA
2013-03-31,COST,1,COST
2013-03-31,CSCO,1,CSCO
2013-03-31,CTRX,1,CTRX
2013-03-31,CTSH,1,CTSH
2013-03-31,CTXS,1,CTXS
2013-03-31,DELL,1,DELL
2013-03-31,DISCA,1,DISCA
2013-03-31,DLTR,1,DLTR
2013-03-31,DTV,1,DTV
2013-03-31,EBAY,1,EBAY
2013-03-31,EQIX,1,EQIX
2013-03-31,ESRX,1,ESRX
2013-03-31,EXPD,1,EXPD
2013-03-31,EXPE,1,EXPE
2013-03-31,FAST,1,FAST
2013-03-31,FB,1,META
2013-03-31,FFIV,1,FFIV
2013-03-31,FISV,1,FISV
2013-03-31,FOSL,1,FOSL
2013-03-31,GILD,1,GILD
2013-03-31,GOLD,1,GOLD
2013-03-31,GOOG,1,GOOGL
2013-03-31,GRMN,1,GRMN
2013-03-31,HSIC,1,HSIC
2013-03-31,INTC,1,INTC
2013-03-31,INTU,1,INTU
2013-03-31,ISRG,1,ISRG
2013-03-31,KLAC,1,KLAC
2013-03-31,KRFT,1,KHC
2013-03-31,LBTYA,1,LBTYA
2013-03-31,LIFE,1,LIFE
2013-03-31,LLTC,1,LLTC
2013-03-31,MAT,1,MAT
2013-03-31,MCHP,1,MCHP
2013-03-31,MDLZ,1,MDLZ
2013-03-31,MNST,1,MNST
2013-03-31,MSFT,1,MSFT
2013-03-31,MU,1,MU
2013-03-31,MXIM,1,MXIM
2013-03-31,MYL,1,MYL
2013-03-31,NTAP,1,NTAP
2013-03-31,NUAN,1,NUAN
2013-03-31,NVDA,1,NVDA
2013-03-31,NWSA,1,FOXA
2013-03-31,ORCL,1,ORCL
2013-03-31,ORLY,1,ORLY
2013-03-31,PAYX,1,PAYX
2013-03-31,PCAR,1,PCAR
2013-03-31,PCLN,1,BKNG
2013-03-31,PRGO,1,PRGO
2013-03-31,QCOM,1,QCOM
2013-03-31,QRTEA,1,QRTEA
2013-03-31,REGN,1,REGN
2013-03-31,ROST,1,ROST
2013-03-31,SBAC,1,SBAC
2013-03-31,SBUX,1,SBUX
2013-03-31,SHLD,1,SHLD
2013-03-31,SIAL,1,SIAL
2013-03-31,SIRI,1,SIRI
2013-03-31,SNDK,1,SNDK
2013-03-31,SPLS,1,SPLS
2013-03-31,SRCL,1,SRCL
2013-03-31,STX,1,STX
2013-03-31,SYMC,1,NLOK
2013-03-31,TXN,1,TXN
2013-03-31,VIAB,1,VIAB
2013-03-31,VMED,1,VMED
2013-03-31,VOD,1,VOD
2013-03-31,VRSK,1,VRSK
2013-03-31,VRTX,1,VRTX
2013-03-31,WDC,1,WDC
2013-03-31,WFM,1,WFM
2013-03-31,WYNN,1,WYNN
2013-03-31,XLNX,1,XLNX
2013-03-31,XRAY,1,XRAY
2013-03-31,YHOO,1,YHOO
2013-04-30,AAPL,1,AAPL
2013-04-30,ADBE,1,ADBE
2013-04-30,ADI,1,ADI
2013-04-30,ADP,1,ADP
2013-04-30,ADSK,1,ADSK
2013-04-30,AKAM,1,AKAM
2013-04-30,ALTR,1,ALTR
2013-04-30,ALXN,1,ALXN
2013-04-30,AMAT,1,AMAT
2013-04-30,AMGN,1,AMGN
2013-04-30,AMZN,1,AMZN
2013-04-30,ATVI,1,ATVI
2013-04-30,AVGO,1,AVGO
2013-04-30,BBBY,1,BBBY
2013-04-30,BIDU,1,BIDU
2013-04-30,BIIB,1,BIIB
2013-04-30,BMC,1,BMC
2013-04-30,BRCM,1,BRCM
2013-04-30,CA,1,CA
2013-04-30,CELG,1,CELG
2013-04-30,CERN,1,CERN
2013-04-30,CHKP,1,CHKP
2013-04-30,CHRW,1,CHRW
2013-04-30,CMCSA,1,CMCSA
2013-04-30,COST,1,COST
2013-04-30,CSCO,1,CSCO
2013-04-30,CTRX,1,CTRX
2013-04-30,CTSH,1,CTSH
2013-04-30,CTXS,1,CTXS
2013-04-30,DELL,1,DELL
2013-04-30,DISCA,1,DISCA
2013-04-30,DLTR,1,DLTR
2013-04-30,DTV,1,DTV
2013-04-30,EBAY,1,EBAY
2013-04-30,EQIX,1,EQIX
2013-04-30,ESRX,1,ESRX
2013-04-30,EXPD,1,EXPD
2013-04-30,EXPE,1,EXPE
2013-04-30,FAST,1,FAST
2013-04-30,FB,1,META
2013-04-30,FFIV,1,FFIV
2013-04-30,FISV,1,FISV
2013-04-30,FOSL,1,FOSL
2013-04-30,GILD,1,GILD
2013-04-30,GOLD,1,GOLD
2013-04-30,GOOG,1,GOOGL
2013-04-30,GRMN,1,GRMN
2013-04-30,HSIC,1,HSIC
2013-04-30,INTC,1,INTC
2013-04-30,INTU,1,INTU
2013-04-30,ISRG,1,ISRG
2013-04-30,KLAC,1,KLAC
2013-04-30,KRFT,1,KHC
2013-04-30,LBTYA,1,LBTYA
2013-04-30,LIFE,1,LIFE
2013-04-30,LLTC,1,LLTC
2013-04-30,MAT,1,MAT
2013-04-30,MCHP,1,MCHP
2013-04-30,MDLZ,1,MDLZ
2013-04-30,MNST,1,MNST
2013-04-30,MSFT,1,MSFT
2013-04-30,MU,1,MU
2013-04-30,MXIM,1,MXIM
2013-04-30,MYL,1,MYL
2013-04-30,NTAP,1,NTAP
2013-04-30,NUAN,1,NUAN
2013-04-30,NVDA,1,NVDA
2013-04-30,NWSA,1,FOXA
2013-04-30,ORCL,1,ORCL
2013-04-30,ORLY,1,ORLY
2013-04-30,PAYX,1,PAYX
2013-04-30,PCAR,1,PCAR
2013-04-30,PCLN,1,BKNG
2013-04-30,PRGO,1,PRGO
2013-04-30,QCOM,1,QCOM
2013-04-30,QRTEA,1,QRTEA
2013-04-30,REGN,1,REGN
2013-04-30,ROST,1,ROST
2013-04-30,SBAC,1,SBAC
2013-04-30,SBUX,1,SBUX
2013-04-30,SHLD,1,SHLD
2013-04-30,SIAL,1,SIAL
2013-04-30,SIRI,1,SIRI
2013-04-30,SNDK,1,SNDK
2013-04-30,SPLS,1,SPLS
2013-04-30,SRCL,1,SRCL
2013-04-30,STX,1,STX
2013-04-30,SYMC,1,NLOK
2013-04-30,TXN,1,TXN
2013-04-30,VIAB,1,VIAB
2013-04-30,VMED,1,VMED
2013-04-30,VOD,1,VOD
2013-04-30,VRSK,1,VRSK
2013-04-30,VRTX,1,VRTX
2013-04-30,WDC,1,WDC
2013-04-30,WFM,1,WFM
2013-04-30,WYNN,1,WYNN
2013-04-30,XLNX,1,XLNX
2013-04-30,XRAY,1,XRAY
2013-04-30,YHOO,1,YHOO
2013-05-31,AAPL,1,AAPL
2013-05-31,ADBE,1,ADBE
2013-05-31,ADI,1,ADI
2013-05-31,ADP,1,ADP
2013-05-31,ADSK,1,ADSK
2013-05-31,AKAM,1,AKAM
2013-05-31,ALTR,1,ALTR
2013-05-31,ALXN,1,ALXN
2013-05-31,AMAT,1,AMAT
2013-05-31,AMGN,1,AMGN
2013-05-31,AMZN,1,AMZN
2013-05-31,ATVI,1,ATVI
2013-05-31,AVGO,1,AVGO
2013-05-31,BBBY,1,BBBY
2013-05-31,BIDU,1,BIDU
2013-05-31,BIIB,1,BIIB
2013-05-31,BMC,1,BMC
2013-05-31,BRCM,1,BRCM
2013-05-31,CA,1,CA
2013-05-31,CELG,1,CELG
2013-05-31,CERN,1,CERN
2013-05-31,CHKP,1,CHKP
2013-05-31,CHRW,1,CHRW
2013-05-31,CMCSA,1,CMCSA
2013-05-31,COST,1,COST
2013-05-31,CSCO,1,CSCO
2013-05-31,CTRX,1,CTRX
2013-05-31,CTSH,1,CTSH
2013-05-31,CTXS,1,CTXS
2013-05-31,DELL,1,DELL
2013-05-31,DISCA,1,DISCA
2013-05-31,DLTR,1,DLTR
2013-05-31,DTV,1,DTV
2013-05-31,EBAY,1,EBAY
2013-05-31,EQIX,1,EQIX
2013-05-31,ESRX,1,ESRX
2013-05-31,EXPD,1,EXPD
2013-05-31,EXPE,1,EXPE
2013-05-31,FAST,1,FAST
2013-05-31,FB,1,META
2013-05-31,FFIV,1,FFIV
2013-05-31,FISV,1,FISV
2013-05-31,FOSL,1,FOSL
2013-05-31,GILD,1,GILD
2013-05-31,GOLD,1,GOLD
2013-05-31,GOOG,1,GOOGL
2013-05-31,GRMN,1,GRMN
2013-05-31,HSIC,1,HSIC
2013-05-31,INTC,1,INTC
2013-05-31,INTU,1,INTU
2013-05-31,ISRG,1,ISRG
2013-05-31,KLAC,1,KLAC
2013-05-31,KRFT,1,KHC
2013-05-31,LBTYA,1,LBTYA
2013-05-31,LIFE,1,LIFE
2013-05-31,LLTC,1,LLTC
2013-05-31,MAT,1,MAT
2013-05-31,MCHP,1,MCHP
2013-05-31,MDLZ,1,MDLZ
2013-05-31,MNST,1,MNST
2013-05-31,MSFT,1,MSFT
2013-05-31,MU,1,MU
2013-05-31,MXIM,1,MXIM
2013-05-31,MYL,1,MYL
2013-05-31,NTAP,1,NTAP
2013-05-31,NUAN,1,NUAN
2013-05-31,NVDA,1,NVDA
2013-05-31,NWSA,1,FOXA
2013-05-31,ORCL,1,ORCL
2013-05-31,ORLY,1,ORLY
2013-05-31,PAYX,1,PAYX
2013-05-31,PCAR,1,PCAR
2013-05-31,PCLN,1,BKNG
2013-05-31,PRGO,1,PRGO
2013-05-31,QCOM,1,QCOM
2013-05-31,QRTEA,1,QRTEA
2013-05-31,REGN,1,REGN
2013-05-31,ROST,1,ROST
2013-05-31,SBAC,1,SBAC
2013-05-31,SBUX,1,SBUX
2013-05-31,SHLD,1,SHLD
2013-05-31,SIAL,1,SIAL
2013-05-31,SIRI,1,SIRI
2013-05-31,SNDK,1,SNDK
2013-05-31,SPLS,1,SPLS
2013-05-31,SRCL,1,SRCL
2013-05-31,STX,1,STX
2013-05-31,SYMC,1,NLOK
2013-05-31,TXN,1,TXN
2013-05-31,VIAB,1,VIAB
2013-05-31,VMED,1,VMED
2013-05-31,VOD,1,VOD
2013-05-31,VRSK,1,VRSK
2013-05-31,VRTX,1,VRTX
2013-05-31,WDC,1,WDC
2013-05-31,WFM,1,WFM
2013-05-31,WYNN,1,WYNN
2013-05-31,XLNX,1,XLNX
2013-05-31,XRAY,1,XRAY
2013-05-31,YHOO,1,YHOO
2013-06-30,AAPL,1,AAPL
2013-06-30,ADBE,1,ADBE
2013-06-30,ADI,1,ADI
2013-06-30,ADP,1,ADP
2013-06-30,ADSK,1,ADSK
2013-06-30,AKAM,1,AKAM
2013-06-30,ALTR,1,ALTR
2013-06-30,ALXN,1,ALXN
2013-06-30,AMAT,1,AMAT
2013-06-30,AMGN,1,AMGN
2013-06-30,AMZN,1,AMZN
2013-06-30,ATVI,1,ATVI
2013-06-30,AVGO,1,AVGO
2013-06-30,BBBY,1,BBBY
2013-06-30,BIDU,1,BIDU
2013-06-30,BIIB,1,BIIB
2013-06-30,BMC,1,BMC
2013-06-30,BRCM,1,BRCM
2013-06-30,CA,1,CA
2013-06-30,CELG,1,CELG
2013-06-30,CERN,1,CERN
2013-06-30,CHKP,1,CHKP
2013-06-30,CHRW,1,CHRW
2013-06-30,CMCSA,1,CMCSA
2013-06-30,COST,1,COST
2013-06-30,CSCO,1,CSCO
2013-06-30,CTRX,1,CTRX
2013-06-30,CTSH,1,CTSH
2013-06-30,CTXS,1,CTXS
2013-06-30,DELL,1,DELL
2013-06-30,DISCA,1,DISCA
2013-06-30,DLTR,1,DLTR
2013-06-30,DTV,1,DTV
2013-06-30,EBAY,1,EBAY
2013-06-30,EQIX,1,EQIX
2013-06-30,ESRX,1,ESRX
2013-06-30,EXPD,1,EXPD
2013-06-30,EXPE,1,EXPE
2013-06-30,FAST,1,FAST
2013-06-30,FB,1,META
2013-06-30,FFIV,1,FFIV
2013-06-30,FISV,1,FISV
2013-06-30,FOSL,1,FOSL
2013-06-30,FOXA,1,FOXA
2013-06-30,GILD,1,GILD
2013-06-30,GOLD,1,GOLD
2013-06-30,GOOG,1,GOOGL
2013-06-30,GRMN,1,GRMN
2013-06-30,HSIC,1,HSIC
2013-06-30,INTC,1,INTC
2013-06-30,INTU,1,INTU
2013-06-30,ISRG,1,ISRG
2013-06-30,KLAC,1,KLAC
2013-06-30,KRFT,1,KHC
2013-06-30,LBTYA,1,LBTYA
2013-06-30,LIFE,1,LIFE
2013-06-30,LLTC,1,LLTC
2013-06-30,LMCA,1,STRZA
2013-06-30,MAT,1,MAT
2013-06-30,MCHP,1,MCHP
2013-06-30,MDLZ,1,MDLZ
2013-06-30,MNST,1,MNST
2013-06-30,MSFT,1,MSFT
2013-06-30,MU,1,MU
2013-06-30,MXIM,1,MXIM
2013-06-30,MYL,1,MYL
2013-06-30,NFLX,1,NFLX
2013-06-30,NTAP,1,NTAP
2013-06-30,NUAN,1,NUAN
2013-06-30,NVDA,1,NVDA
2013-06-30,ORCL,1,ORCL
2013-06-30,ORLY,1,ORLY
2013-06-30,PAYX,1,PAYX
2013-06-30,PCAR,1,PCAR
2013-06-30,PCLN,1,BKNG
2013-06-30,QCOM,1,QCOM
2013-06-30,QRTEA,1,QRTEA
2013-06-30,REGN,1,REGN
2013-06-30,ROST,1,ROST
2013-06-30,SBAC,1,SBAC
2013-06-30,SBUX,1,SBUX
2013-06-30,SHLD,1,SHLD
2013-06-30,SIAL,1,SIAL
2013-06-30,SIRI,1,SIRI
2013-06-30,SNDK,1,SNDK
2013-06-30,SPLS,1,SPLS
2013-06-30,SRCL,1,SRCL
2013-06-30,STX,1,STX
2013-06-30,SYMC,1,NLOK
2013-06-30,TXN,1,TXN
2013-06-30,VIAB,1,VIAB
2013-06-30,VOD,1,VOD
2013-06-30,VRSK,1,VRSK
2013-06-30,VRTX,1,VRTX
2013-06-30,WDC,1,WDC
2013-06-30,WFM,1,WFM
2013-06-30,WYNN,1,WYNN
2013-06-30,XLNX,1,XLNX
2013-06-30,XRAY,1,XRAY
2013-06-30,YHOO,1,YHOO
2013-07-31,AAPL,1,AAPL
2013-07-31,ADBE,1,ADBE
2013-07-31,ADI,1,ADI
2013-07-31,ADP,1,ADP
2013-07-31,ADSK,1,ADSK
2013-07-31,AKAM,1,AKAM
2013-07-31,ALTR,1,ALTR
2013-07-31,ALXN,1,ALXN
2013-07-31,AMAT,1,AMAT
2013-07-31,AMGN,1,AMGN
2013-07-31,AMZN,1,AMZN
2013-07-31,ATVI,1,ATVI
2013-07-31,AVGO,1,AVGO
2013-07-31,BBBY,1,BBBY
2013-07-31,BIDU,1,BIDU
2013-07-31,BIIB,1,BIIB
2013-07-31,BRCM,1,BRCM
2013-07-31,CA,1,CA
2013-07-31,CELG,1,CELG
2013-07-31,CERN,1,CERN
2013-07-31,CHKP,1,CHKP
2013-07-31,CHRW,1,CHRW
2013-07-31,CHTR,1,CHTR
2013-07-31,CMCSA,1,CMCSA
2013-07-31,COST,1,COST
2013-07-31,CSCO,1,CSCO
2013-07-31,CTRX,1,CTRX
2013-07-31,CTSH,1,CTSH
2013-07-31,CTXS,1,CTXS
2013-07-31,DELL,1,DELL
2013-07-31,DISCA,1,DISCA
2013-07-31,DLTR,1,DLTR
2013-07-31,DTV,1,DTV
2013-07-31,EBAY,1,EBAY
2013-07-31,EQIX,1,EQIX
2013-07-31,ESRX,1,ESRX
2013-07-31,EXPD,1,EXPD
2013-07-31,EXPE,1,EXPE
2013-07-31,FAST,1,FAST
2013-07-31,FB,1,META
2013-07-31,FFIV,1,FFIV
2013-07-31,FISV,1,FISV
2013-07-31,FOSL,1,FOSL
2013-07-31,FOXA,1,FOXA
2013-07-31,GILD,1,GILD
2013-07-31,GOLD,1,GOLD
2013-07-31,GOOG,1,GOOGL
2013-07-31,GRMN,1,GRMN
2013-07-31,HSIC,1,HSIC
2013-07-31,INTC,1,INTC
2013-07-31,INTU,1,INTU
2013-07-31,ISRG,1,ISRG
2013-07-31,KLAC,1,KLAC
2013-07-31,KRFT,1,KHC
2013-07-31,LBTYA,1,LBTYA
2013-07-31,LIFE,1,LIFE
2013-07-31,LLTC,1,LLTC
2013-07-31,LMCA,1,STRZA
2013-07-31,MAT,1,MAT
2013-07-31,MCHP,1,MCHP
2013-07-31,MDLZ,1,MDLZ
2013-07-31,MNST,1,MNST
2013-07-31,MSFT,1,MSFT
2013-07-31,MU,1,MU
2013-07-31,MXIM,1,MXIM
2013-07-31,MYL,1,MYL
2013-07-31,NFLX,1,NFLX
2013-07-31,NTAP,1,NTAP
2013-07-31,NUAN,1,NUAN
2013-07-31,NVDA,1,NVDA
2013-07-31,ORLY,1,ORLY
2013-07-31,PAYX,1,PAYX
2013-07-31,PCAR,1,PCAR
2013-07-31,PCLN,1,BKNG
2013-07-31,QCOM,1,QCOM
2013-07-31,QRTEA,1,QRTEA
2013-07-31,REGN,1,REGN
2013-07-31,ROST,1,ROST
2013-07-31,SBAC,1,SBAC
2013-07-31,SBUX,1,SBUX
2013-07-31,SHLD,1,SHLD
2013-07-31,SIAL,1,SIAL
2013-07-31,SIRI,1,SIRI
2013-07-31,SNDK,1,SNDK
2013-07-31,SPLS,1,SPLS
2013-07-31,SRCL,1,SRCL
2013-07-31,STX,1,STX
2013-07-31,SYMC,1,NLOK
2013-07-31,TSLA,1,TSLA
2013-07-31,TXN,1,TXN
2013-07-31,VIAB,1,VIAB
2013-07-31,VOD,1,VOD
2013-07-31,VRSK,1,VRSK
2013-07-31,VRTX,1,VRTX
2013-07-31,WDC,1,WDC
2013-07-31,WFM,1,WFM
2013-07-31,WYNN,1,WYNN
2013-07-31,XLNX,1,XLNX
2013-07-31,XRAY,1,XRAY
2013-07-31,YHOO,1,YHOO
2013-08-31,AAPL,1,AAPL
2013-08-31,ADBE,1,ADBE
2013-08-31,ADI,1,ADI
2013-08-31,ADP,1,ADP
2013-08-31,ADSK,1,ADSK
2013-08-31,AKAM,1,AKAM
2013-08-31,ALTR,1,ALTR
2013-08-31,ALXN,1,ALXN
2013-08-31,AMAT,1,AMAT
2013-08-31,AMGN,1,AMGN
2013-08-31,AMZN,1,AMZN
2013-08-31,ATVI,1,ATVI
2013-08-31,AVGO,1,AVGO
2013-08-31,BBBY,1,BBBY
2013-08-31,BIDU,1,BIDU
2013-08-31,BIIB,1,BIIB
2013-08-31,BRCM,1,BRCM
2013-08-31,CA,1,CA
2013-08-31,CELG,1,CELG
2013-08-31,CERN,1,CERN
2013-08-31,CHKP,1,CHKP
2013-08-31,CHRW,1,CHRW
2013-08-31,CHTR,1,CHTR
2013-08-31,CMCSA,1,CMCSA
2013-08-31,COST,1,COST
2013-08-31,CSCO,1,CSCO
2013-08-31,CTRX,1,CTRX
2013-08-31,CTSH,1,CTSH
2013-08-31,CTXS,1,CTXS
2013-08-31,DELL,1,DELL
2013-08-31,DISCA,1,DISCA
2013-08-31,DLTR,1,DLTR
2013-08-31,DTV,1,DTV
2013-08-31,EBAY,1,EBAY
2013-08-31,EQIX,1,EQIX
2013-08-31,ESRX,1,ESRX
2013-08-31,EXPD,1,EXPD
2013-08-31,EXPE,1,EXPE
2013-08-31,FAST,1,FAST
2013-08-31,FB,1,META
2013-08-31,FFIV,1,FFIV
2013-08-31,FISV,1,FISV
2013-08-31,FOSL,1,FOSL
2013-08-31,FOXA,1,FOXA
2013-08-31,GILD,1,GILD
2013-08-31,GMCR,1,GMCR
2013-08-31,GOLD,1,GOLD
2013-08-31,GOOG,1,GOOGL
2013-08-31,GRMN,1,GRMN
2013-08-31,HSIC,1,HSIC
2013-08-31,INTC,1,INTC
2013-08-31,INTU,1,INTU
2013-08-31,ISRG,1,ISRG
2013-08-31,KLAC,1,KLAC
2013-08-31,KRFT,1,KHC
2013-08-31,LBTYA,1,LBTYA
2013-08-31,LLTC,1,LLTC
2013-08-31,LMCA,1,STRZA
2013-08-31,MAT,1,MAT
2013-08-31,MCHP,1,MCHP
2013-08-31,MDLZ,1,MDLZ
2013-08-31,MNST,1,MNST
2013-08-31,MSFT,1,MSFT
2013-08-31,MU,1,MU
2013-08-31,MXIM,1,MXIM
2013-08-31,MYL,1,MYL
2013-08-31,NFLX,1,NFLX
2013-08-31,NTAP,1,NTAP
2013-08-31,NUAN,1,NUAN
2013-08-31,NVDA,1,NVDA
2013-08-31,ORLY,1,ORLY
2013-08-31,PAYX,1,PAYX
2013-08-31,PCAR,1,PCAR
2013-08-31,PCLN,1,BKNG
2013-08-31,QCOM,1,QCOM
2013-08-31,QRTEA,1,QRTEA
2013-08-31,REGN,1,REGN
2013-08-31,ROST,1,ROST
2013-08-31,SBAC,1,SBAC
2013-08-31,SBUX,1,SBUX
2013-08-31,SHLD,1,SHLD
2013-08-31,SIAL,1,SIAL
2013-08-31,SIRI,1,SIRI
2013-08-31,SNDK,1,SNDK
2013-08-31,SPLS,1,SPLS
2013-08-31,SRCL,1,SRCL
2013-08-31,STX,1,STX
2013-08-31,SYMC,1,NLOK
2013-08-31,TSLA,1,TSLA
2013-08-31,TXN,1,TXN
2013-08-31,VIAB,1,VIAB
2013-08-31,VOD,1,VOD
2013-08-31,VRSK,1,VRSK
2013-08-31,VRTX,1,VRTX
2013-08-31,WDC,1,WDC
2013-08-31,WFM,1,WFM
2013-08-31,WYNN,1,WYNN
2013-08-31,XLNX,1,XLNX
2013-08-31,XRAY,1,XRAY
2013-08-31,YHOO,1,YHOO
2013-09-30,AAPL,1,AAPL
2013-09-30,ADBE,1,ADBE
2013-09-30,ADI,1,ADI
2013-09-30,ADP,1,ADP
2013-09-30,ADSK,1,ADSK
2013-09-30,AKAM,1,AKAM
2013-09-30,ALTR,1,ALTR
2013-09-30,ALXN,1,ALXN
2013-09-30,AMAT,1,AMAT
2013-09-30,AMGN,1,AMGN
2013-09-30,AMZN,1,AMZN
2013-09-30,ATVI,1,ATVI
2013-09-30,AVGO,1,AVGO
2013-09-30,BBBY,1,BBBY
2013-09-30,BIDU,1,BIDU
2013-09-30,BIIB,1,BIIB
2013-09-30,BRCM,1,BRCM
2013-09-30,CA,1,CA
2013-09-30,CELG,1,CELG
2013-09-30,CERN,1,CERN
2013-09-30,CHKP,1,CHKP
2013-09-30,CHRW,1,CHRW
2013-09-30,CHTR,1,CHTR
2013-09-30,CMCSA,1,CMCSA
2013-09-30,COST,1,COST
2013-09-30,CSCO,1,CSCO
2013-09-30,CTRX,1,CTRX
2013-09-30,CTSH,1,CTSH
2013-09-30,CTXS,1,CTXS
2013-09-30,DELL,1,DELL
2013-09-30,DISCA,1,DISCA
2013-09-30,DLTR,1,DLTR
2013-09-30,DTV,1,DTV
2013-09-30,EBAY,1,EBAY
2013-09-30,EQIX,1,EQIX
2013-09-30,ESRX,1,ESRX
2013-09-30,EXPD,1,EXPD
2013-09-30,EXPE,1,EXPE
2013-09-30,FAST,1,FAST
2013-09-30,FB,1,META
2013-09-30,FFIV,1,FFIV
2013-09-30,FISV,1,FISV
2013-09-30,FOSL,1,FOSL
2013-09-30,FOXA,1,FOXA
2013-09-30,GILD,1,GILD
2013-09-30,GMCR,1,GMCR
2013-09-30,GOLD,1,GOLD
2013-09-30,GOOG,1,GOOGL
2013-09-30,GRMN,1,GRMN
2013-09-30,HSIC,1,HSIC
2013-09-30,INTC,1,INTC
2013-09-30,INTU,1,INTU
2013-09-30,ISRG,1,ISRG
2013-09-30,KLAC,1,KLAC
2013-09-30,KRFT,1,KHC
2013-09-30,LBTYA,1,LBTYA
2013-09-30,LLTC,1,LLTC
2013-09-30,LMCA,1,STRZA
2013-09-30,MAT,1,MAT
2013-09-30,MCHP,1,MCHP
2013-09-30,MDLZ,1,MDLZ
2013-09-30,MNST,1,MNST
2013-09-30,MSFT,1,MSFT
2013-09-30,MU,1,MU
2013-09-30,MXIM,1,MXIM
2013-09-30,MYL,1,MYL
2013-09-30,NFLX,1,NFLX
2013-09-30,NTAP,1,NTAP
2013-09-30,NUAN,1,NUAN
2013-09-30,NVDA,1,NVDA
2013-09-30,ORLY,1,ORLY
2013-09-30,PAYX,1,PAYX
2013-09-30,PCAR,1,PCAR
2013-09-30,PCLN,1,BKNG
2013-09-30,QCOM,1,QCOM
2013-09-30,QRTEA,1,QRTEA
2013-09-30,REGN,1,REGN
2013-09-30,ROST,1,ROST
2013-09-30,SBAC,1,SBAC
2013-09-30,SBUX,1,SBUX
2013-09-30,SHLD,1,SHLD
2013-09-30,SIAL,1,SIAL
2013-09-30,SIRI,1,SIRI
2013-09-30,SNDK,1,SNDK
2013-09-30,SPLS,1,SPLS
2013-09-30,SRCL,1,SRCL
2013-09-30,STX,1,STX
2013-09-30,SYMC,1,NLOK
2013-09-30,TSLA,1,TSLA
2013-09-30,TXN,1,TXN
2013-09-30,VIAB,1,VIAB
2013-09-30,VOD,1,VOD
2013-09-30,VRSK,1,VRSK
2013-09-30,VRTX,1,VRTX
2013-09-30,WDC,1,WDC
2013-09-30,WFM,1,WFM
2013-09-30,WYNN,1,WYNN
2013-09-30,XLNX,1,XLNX
2013-09-30,XRAY,1,XRAY
2013-09-30,YHOO,1,YHOO
2013-10-31,AAPL,1,AAPL
2013-10-31,ADBE,1,ADBE
2013-10-31,ADI,1,ADI
2013-10-31,ADP,1,ADP
2013-10-31,ADSK,1,ADSK
2013-10-31,AKAM,1,AKAM
2013-10-31,ALTR,1,ALTR
2013-10-31,ALXN,1,ALXN
2013-10-31,AMAT,1,AMAT
2013-10-31,AMGN,1,AMGN
2013-10-31,AMZN,1,AMZN
2013-10-31,ATVI,1,ATVI
2013-10-31,AVGO,1,AVGO
2013-10-31,BBBY,1,BBBY
2013-10-31,BIDU,1,BIDU
2013-10-31,BIIB,1,BIIB
2013-10-31,BRCM,1,BRCM
2013-10-31,CA,1,CA
2013-10-31,CELG,1,CELG
2013-10-31,CERN,1,CERN
2013-10-31,CHKP,1,CHKP
2013-10-31,CHRW,1,CHRW
2013-10-31,CHTR,1,CHTR
2013-10-31,CMCSA,1,CMCSA
2013-10-31,COST,1,COST
2013-10-31,CSCO,1,CSCO
2013-10-31,CTRX,1,CTRX
2013-10-31,CTSH,1,CTSH
2013-10-31,CTXS,1,CTXS
2013-10-31,DISCA,1,DISCA
2013-10-31,DLTR,1,DLTR
2013-10-31,DTV,1,DTV
2013-10-31,EBAY,1,EBAY
2013-10-31,EQIX,1,EQIX
2013-10-31,ESRX,1,ESRX
2013-10-31,EXPD,1,EXPD
2013-10-31,EXPE,1,EXPE
2013-10-31,FAST,1,FAST
2013-10-31,FB,1,META
2013-10-31,FFIV,1,FFIV
2013-10-31,FISV,1,FISV
2013-10-31,FOSL,1,FOSL
2013-10-31,FOXA,1,FOXA
2013-10-31,GILD,1,GILD
2013-10-31,GMCR,1,GMCR
2013-10-31,GOLD,1,GOLD
2013-10-31,GOOG,1,GOOGL
2013-10-31,GRMN,1,GRMN
2013-10-31,HSIC,1,HSIC
2013-10-31,INTC,1,INTC
2013-10-31,INTU,1,INTU
2013-10-31,ISRG,1,ISRG
2013-10-31,KLAC,1,KLAC
2013-10-31,KRFT,1,KHC
2013-10-31,LBTYA,1,LBTYA
2013-10-31,LLTC,1,LLTC
2013-10-31,LMCA,1,STRZA
2013-10-31,MAT,1,MAT
2013-10-31,MCHP,1,MCHP
2013-10-31,MDLZ,1,MDLZ
2013-10-31,MNST,1,MNST
2013-10-31,MSFT,1,MSFT
2013-10-31,MU,1,MU
2013-10-31,MXIM,1,MXIM
2013-10-31,MYL,1,MYL
2013-10-31,NFLX,1,NFLX
2013-10-31,NTAP,1,NTAP
2013-10-31,NUAN,1,NUAN
2013-10-31,NVDA,1,NVDA
2013-10-31,ORLY,1,ORLY
2013-10-31,PAYX,1,PAYX
2013-10-31,PCAR,1,PCAR
2013-10-31,PCLN,1,BKNG
2013-10-31,QCOM,1,QCOM
2013-10-31,QRTEA,1,QRTEA
2013-10-31,REGN,1,REGN
2013-10-31,ROST,1,ROST
2013-10-31,SBAC,1,SBAC
2013-10-31,SBUX,1,SBUX
2013-10-31,SHLD,1,SHLD
2013-10-31,SIAL,1,SIAL
2013-10-31,SIRI,1,SIRI
2013-10-31,SNDK,1,SNDK
2013-10-31,SPLS,1,SPLS
2013-10-31,SRCL,1,SRCL
2013-10-31,STX,1,STX
2013-10-31,SYMC,1,NLOK
2013-10-31,TSLA,1,TSLA
2013-10-31,TXN,1,TXN
2013-10-31,VIAB,1,VIAB
2013-10-31,VIP,1,VIP
2013-10-31,VOD,1,VOD
2013-10-31,VRSK,1,VRSK
2013-10-31,VRTX,1,VRTX
2013-10-31,WDC,1,WDC
2013-10-31,WFM,1,WFM
2013-10-31,WYNN,1,WYNN
2013-10-31,XLNX,1,XLNX
2013-10-31,XRAY,1,XRAY
2013-10-31,YHOO,1,YHOO
2013-11-30,AAPL,1,AAPL
2013-11-30,ADBE,1,ADBE
2013-11-30,ADI,1,ADI
2013-11-30,ADP,1,ADP
2013-11-30,ADSK,1,ADSK
2013-11-30,AKAM,1,AKAM
2013-11-30,ALTR,1,ALTR
2013-11-30,ALXN,1,ALXN
2013-11-30,AMAT,1,AMAT
2013-11-30,AMGN,1,AMGN
2013-11-30,AMZN,1,AMZN
2013-11-30,ATVI,1,ATVI
2013-11-30,AVGO,1,AVGO
2013-11-30,BBBY,1,BBBY
2013-11-30,BIDU,1,BIDU
2013-11-30,BIIB,1,BIIB
2013-11-30,BRCM,1,BRCM
2013-11-30,CA,1,CA
2013-11-30,CELG,1,CELG
2013-11-30,CERN,1,CERN
2013-11-30,CHKP,1,CHKP
2013-11-30,CHRW,1,CHRW
2013-11-30,CHTR,1,CHTR
2013-11-30,CMCSA,1,CMCSA
2013-11-30,COST,1,COST
2013-11-30,CSCO,1,CSCO
2013-11-30,CTRX,1,CTRX
2013-11-30,CTSH,1,CTSH
2013-11-30,CTXS,1,CTXS
2013-11-30,DISCA,1,DISCA
2013-11-30,DLTR,1,DLTR
2013-11-30,DTV,1,DTV
2013-11-30,EBAY,1,EBAY
2013-11-30,EQIX,1,EQIX
2013-11-30,ESRX,1,ESRX
2013-11-30,EXPD,1,EXPD
2013-11-30,EXPE,1,EXPE
2013-11-30,FAST,1,FAST
2013-11-30,FB,1,META
2013-11-30,FFIV,1,FFIV
2013-11-30,FISV,1,FISV
2013-11-30,FOSL,1,FOSL
2013-11-30,FOXA,1,FOXA
2013-11-30,GILD,1,GILD
2013-11-30,GMCR,1,GMCR
2013-11-30,GOOG,1,GOOGL
2013-11-30,GRMN,1,GRMN
2013-11-30,HSIC,1,HSIC
2013-11-30,INTC,1,INTC
2013-11-30,INTU,1,INTU
2013-11-30,ISRG,1,ISRG
2013-11-30,KLAC,1,KLAC
2013-11-30,KRFT,1,KHC
2013-11-30,LBTYA,1,LBTYA
2013-11-30,LLTC,1,LLTC
2013-11-30,LMCA,1,STRZA
2013-11-30,MAR,1,MAR
2013-11-30,MAT,1,MAT
2013-11-30,MCHP,1,MCHP
2013-11-30,MDLZ,1,MDLZ
2013-11-30,MNST,1,MNST
2013-11-30,MSFT,1,MSFT
2013-11-30,MU,1,MU
2013-11-30,MXIM,1,MXIM
2013-11-30,MYL,1,MYL
2013-11-30,NFLX,1,NFLX
2013-11-30,NTAP,1,NTAP
2013-11-30,NUAN,1,NUAN
2013-11-30,NVDA,1,NVDA
2013-11-30,ORLY,1,ORLY
2013-11-30,PAYX,1,PAYX
2013-11-30,PCAR,1,PCAR
2013-11-30,PCLN,1,BKNG
2013-11-30,QCOM,1,QCOM
2013-11-30,QRTEA,1,QRTEA
2013-11-30,REGN,1,REGN
2013-11-30,ROST,1,ROST
2013-11-30,SBAC,1,SBAC
2013-11-30,SBUX,1,SBUX
2013-11-30,SHLD,1,SHLD
2013-11-30,SIAL,1,SIAL
2013-11-30,SIRI,1,SIRI
2013-11-30,SNDK,1,SNDK
2013-11-30,SPLS,1,SPLS
2013-11-30,SRCL,1,SRCL
2013-11-30,STX,1,STX
2013-11-30,SYMC,1,NLOK
2013-11-30,TSLA,1,TSLA
2013-11-30,TXN,1,TXN
2013-11-30,VIAB,1,VIAB
2013-11-30,VIP,1,VIP
2013-11-30,VOD,1,VOD
2013-11-30,VRSK,1,VRSK
2013-11-30,VRTX,1,VRTX
2013-11-30,WDC,1,WDC
2013-11-30,WFM,1,WFM
2013-11-30,WYNN,1,WYNN
2013-11-30,XLNX,1,XLNX
2013-11-30,XRAY,1,XRAY
2013-11-30,YHOO,1,YHOO
2013-12-31,AAPL,1,AAPL
2013-12-31,ADBE,1,ADBE
2013-12-31,ADI,1,ADI
2013-12-31,ADP,1,ADP
2013-12-31,ADSK,1,ADSK
2013-12-31,AKAM,1,AKAM
2013-12-31,ALTR,1,ALTR
2013-12-31,ALXN,1,ALXN
2013-12-31,AMAT,1,AMAT
2013-12-31,AMGN,1,AMGN
2013-12-31,AMZN,1,AMZN
2013-12-31,ATVI,1,ATVI
2013-12-31,AVGO,1,AVGO
2013-12-31,BBBY,1,BBBY
2013-12-31,BIDU,1,BIDU
2013-12-31,BIIB,1,BIIB
2013-12-31,BRCM,1,BRCM
2013-12-31,CA,1,CA
2013-12-31,CELG,1,CELG
2013-12-31,CERN,1,CERN
2013-12-31,CHKP,1,CHKP
2013-12-31,CHRW,1,CHRW
2013-12-31,CHTR,1,CHTR
2013-12-31,CMCSA,1,CMCSA
2013-12-31,COST,1,COST
2013-12-31,CSCO,1,CSCO
2013-12-31,CTRX,1,CTRX
2013-12-31,CTSH,1,CTSH
2013-12-31,CTXS,1,CTXS
2013-12-31,DISCA,1,DISCA
2013-12-31,DISH,1,DISH
2013-12-31,DLTR,1,DLTR
2013-12-31,DTV,1,DTV
2013-12-31,EBAY,1,EBAY
2013-12-31,EQIX,1,EQIX
2013-12-31,ESRX,1,ESRX
2013-12-31,EXPD,1,EXPD
2013-12-31,EXPE,1,EXPE
2013-12-31,FAST,1,FAST
2013-12-31,FB,1,META
2013-12-31,FFIV,1,FFIV
2013-12-31,FISV,1,FISV
2013-12-31,FOXA,1,FOXA
2013-12-31,GILD,1,GILD
2013-12-31,GMCR,1,GMCR
2013-12-31,GOOG,1,GOOGL
2013-12-31,GRMN,1,GRMN
2013-12-31,HSIC,1,HSIC
2013-12-31,ILMN,1,ILMN
2013-12-31,INTC,1,INTC
2013-12-31,INTU,1,INTU
2013-12-31,ISRG,1,ISRG
2013-12-31,KLAC,1,KLAC
2013-12-31,KRFT,1,KHC
2013-12-31,LBTYA,1,LBTYA
2013-12-31,LLTC,1,LLTC
2013-12-31,LMCA,1,STRZA
2013-12-31,MAR,1,MAR
2013-12-31,MAT,1,MAT
2013-12-31,MDLZ,1,MDLZ
2013-12-31,MNST,1,MNST
2013-12-31,MSFT,1,MSFT
2013-12-31,MU,1,MU
2013-12-31,MXIM,1,MXIM
2013-12-31,MYL,1,MYL
2013-12-31,NFLX,1,NFLX
2013-12-31,NTAP,1,NTAP
2013-12-31,NVDA,1,NVDA
2013-12-31,NXPI,1,NXPI
2013-12-31,ORLY,1,ORLY
2013-12-31,PAYX,1,PAYX
2013-12-31,PCAR,1,PCAR
2013-12-31,PCLN,1,BKNG
2013-12-31,QCOM,1,QCOM
2013-12-31,QRTEA,1,QRTEA
2013-12-31,REGN,1,REGN
2013-12-31,ROST,1,ROST
2013-12-31,SBAC,1,SBAC
2013-12-31,SBUX,1,SBUX
2013-12-31,SIAL,1,SIAL
2013-12-31,SIRI,1,SIRI
2013-12-31,SNDK,1,SNDK
2013-12-31,SPLS,1,SPLS
2013-12-31,SRCL,1,SRCL
2013-12-31,STX,1,STX
2013-12-31,SYMC,1,NLOK
2013-12-31,TRIP,1,TRIP
2013-12-31,TSCO,1,TSCO
2013-12-31,TSLA,1,TSLA
2013-12-31,TXN,1,TXN
2013-12-31,VIAB,1,VIAB
2013-12-31,VIP,1,VIP
2013-12-31,VOD,1,VOD
2013-12-31,VRSK,1,VRSK
2013-12-31,VRTX,1,VRTX
2013-12-31,WDC,1,WDC
2013-12-31,WFM,1,WFM
2013-12-31,WYNN,1,WYNN
2013-12-31,XLNX,1,XLNX
2013-12-31,YHOO,1,YHOO
2014-01-31,AAPL,1,AAPL
2014-01-31,ADBE,1,ADBE
2014-01-31,ADI,1,ADI
2014-01-31,ADP,1,ADP
2014-01-31,ADSK,1,ADSK
2014-01-31,AKAM,1,AKAM
2014-01-31,ALTR,1,ALTR
2014-01-31,ALXN,1,ALXN
2014-01-31,AMAT,1,AMAT
2014-01-31,AMGN,1,AMGN
2014-01-31,AMZN,1,AMZN
2014-01-31,ATVI,1,ATVI
2014-01-31,AVGO,1,AVGO
2014-01-31,BBBY,1,BBBY
2014-01-31,BIDU,1,BIDU
2014-01-31,BIIB,1,BIIB
2014-01-31,BRCM,1,BRCM
2014-01-31,CA,1,CA
2014-01-31,CELG,1,CELG
2014-01-31,CERN,1,CERN
2014-01-31,CHKP,1,CHKP
2014-01-31,CHRW,1,CHRW
2014-01-31,CHTR,1,CHTR
2014-01-31,CMCSA,1,CMCSA
2014-01-31,COST,1,COST
2014-01-31,CSCO,1,CSCO
2014-01-31,CTRX,1,CTRX
2014-01-31,CTSH,1,CTSH
2014-01-31,CTXS,1,CTXS
2014-01-31,DISCA,1,DISCA
2014-01-31,DISH,1,DISH
2014-01-31,DLTR,1,DLTR
2014-01-31,DTV,1,DTV
2014-01-31,EBAY,1,EBAY
2014-01-31,EQIX,1,EQIX
2014-01-31,ESRX,1,ESRX
2014-01-31,EXPD,1,EXPD
2014-01-31,EXPE,1,EXPE
2014-01-31,FAST,1,FAST
2014-01-31,FB,1,META
2014-01-31,FFIV,1,FFIV
2014-01-31,FISV,1,FISV
2014-01-31,FOXA,1,FOXA
2014-01-31,GILD,1,GILD
2014-01-31,GMCR,1,GMCR
2014-01-31,GOOG,1,GOOGL
2014-01-31,GRMN,1,GRMN
2014-01-31,HSIC,1,HSIC
2014-01-31,ILMN,1,ILMN
2014-01-31,INTC,1,INTC
2014-01-31,INTU,1,INTU
2014-01-31,ISRG,1,ISRG
2014-01-31,KLAC,1,KLAC
2014-01-31,KRFT,1,KHC
2014-01-31,LBTYA,1,LBTYA
2014-01-31,LLTC,1,LLTC
2014-01-31,LMCA,1,STRZA
2014-01-31,MAR,1,MAR
2014-01-31,MAT,1,MAT
2014-01-31,MDLZ,1,MDLZ
2014-01-31,MNST,1,MNST
2014-01-31,MSFT,1,MSFT
2014-01-31,MU,1,MU
2014-01-31,MXIM,1,MXIM
2014-01-31,MYL,1,MYL
2014-01-31,NFLX,1,NFLX
2014-01-31,NTAP,1,NTAP
2014-01-31,NVDA,1,NVDA
2014-01-31,NXPI,1,NXPI
2014-01-31,ORLY,1,ORLY
2014-01-31,PAYX,1,PAYX
2014-01-31,PCAR,1,PCAR
2014-01-31,PCLN,1,BKNG
2014-01-31,QCOM,1,QCOM
2014-01-31,QRTEA,1,QRTEA
2014-01-31,REGN,1,REGN
2014-01-31,ROST,1,ROST
2014-01-31,SBAC,1,SBAC
2014-01-31,SBUX,1,SBUX
2014-01-31,SIAL,1,SIAL
2014-01-31,SIRI,1,SIRI
2014-01-31,SNDK,1,SNDK
2014-01-31,SPLS,1,SPLS
2014-01-31,SRCL,1,SRCL
2014-01-31,STX,1,STX
2014-01-31,SYMC,1,NLOK
2014-01-31,TRIP,1,TRIP
2014-01-31,TSCO,1,TSCO
2014-01-31,TSLA,1,TSLA
2014-01-31,TXN,1,TXN
2014-01-31,VIAB,1,VIAB
2014-01-31,VIP,1,VIP
2014-01-31,VOD,1,VOD
2014-01-31,VRSK,1,VRSK
2014-01-31,VRTX,1,VRTX
2014-01-31,WDC,1,WDC
2014-01-31,WFM,1,WFM
2014-01-31,WYNN,1,WYNN
2014-01-31,XLNX,1,XLNX
2014-01-31,YHOO,1,YHOO
2014-02-28,AAPL,1,AAPL
2014-02-28,ADBE,1,ADBE
2014-02-28,ADI,1,ADI
2014-02-28,ADP,1,ADP
2014-02-28,ADSK,1,ADSK
2014-02-28,AKAM,1,AKAM
2014-02-28,ALTR,1,ALTR
2014-02-28,ALXN,1,ALXN
2014-02-28,AMAT,1,AMAT
2014-02-28,AMGN,1,AMGN
2014-02-28,AMZN,1,AMZN
2014-02-28,ATVI,1,ATVI
2014-02-28,AVGO,1,AVGO
2014-02-28,BBBY,1,BBBY
2014-02-28,BIDU,1,BIDU
2014-02-28,BIIB,1,BIIB
2014-02-28,BRCM,1,BRCM
2014-02-28,CA,1,CA
2014-02-28,CELG,1,CELG
2014-02-28,CERN,1,CERN
2014-02-28,CHKP,1,CHKP
2014-02-28,CHRW,1,CHRW
2014-02-28,CHTR,1,CHTR
2014-02-28,CMCSA,1,CMCSA
2014-02-28,COST,1,COST
2014-02-28,CSCO,1,CSCO
2014-02-28,CTRX,1,CTRX
2014-02-28,CTSH,1,CTSH
2014-02-28,CTXS,1,CTXS
2014-02-28,DISCA,1,DISCA
2014-02-28,DISH,1,DISH
2014-02-28,DLTR,1,DLTR
2014-02-28,DTV,1,DTV
2014-02-28,EBAY,1,EBAY
2014-02-28,EQIX,1,EQIX
2014-02-28,ESRX,1,ESRX
2014-02-28,EXPD,1,EXPD
2014-02-28,EXPE,1,EXPE
2014-02-28,FAST,1,FAST
2014-02-28,FB,1,META
2014-02-28,FFIV,1,FFIV
2014-02-28,FISV,1,FISV
2014-02-28,FOXA,1,FOXA
2014-02-28,GILD,1,GILD
2014-02-28,GMCR,1,GMCR
2014-02-28,GOOG,1,GOOGL
2014-02-28,GRMN,1,GRMN
2014-02-28,HSIC,1,HSIC
2014-02-28,ILMN,1,ILMN
2014-02-28,INTC,1,INTC
2014-02-28,INTU,1,INTU
2014-02-28,ISRG,1,ISRG
2014-02-28,KLAC,1,KLAC
2014-02-28,KRFT,1,KHC
2014-02-28,LBTYA,1,LBTYA
2014-02-28,LLTC,1,LLTC
2014-02-28,LMCA,1,STRZA
2014-02-28,MAR,1,MAR
2014-02-28,MAT,1,MAT
2014-02-28,MDLZ,1,MDLZ
2014-02-28,MNST,1,MNST
2014-02-28,MSFT,1,MSFT
2014-02-28,MU,1,MU
2014-02-28,MXIM,1,MXIM
2014-02-28,MYL,1,MYL
2014-02-28,NFLX,1,NFLX
2014-02-28,NTAP,1,NTAP
2014-02-28,NVDA,1,NVDA
2014-02-28,NXPI,1,NXPI
2014-02-28,ORLY,1,ORLY
2014-02-28,PAYX,1,PAYX
2014-02-28,PCAR,1,PCAR
2014-02-28,PCLN,1,BKNG
2014-02-28,QCOM,1,QCOM
2014-02-28,QRTEA,1,QRTEA
2014-02-28,REGN,1,REGN
2014-02-28,ROST,1,ROST
2014-02-28,SBAC,1,SBAC
2014-02-28,SBUX,1,SBUX
2014-02-28,SIAL,1,SIAL
2014-02-28,SIRI,1,SIRI
2014-02-28,SNDK,1,SNDK
2014-02-28,SPLS,1,SPLS
2014-02-28,SRCL,1,SRCL
2014-02-28,STX,1,STX
2014-02-28,SYMC,1,NLOK
2014-02-28,TRIP,1,TRIP
2014-02-28,TSCO,1,TSCO
2014-02-28,TSLA,1,TSLA
2014-02-28,TXN,1,TXN
2014-02-28,VIAB,1,VIAB
2014-02-28,VIP,1,VIP
2014-02-28,VOD,1,VOD
2014-02-28,VRSK,1,VRSK
2014-02-28,VRTX,1,VRTX
2014-02-28,WDC,1,WDC
2014-02-28,WFM,1,WFM
2014-02-28,WYNN,1,WYNN
2014-02-28,XLNX,1,XLNX
2014-02-28,YHOO,1,YHOO
2014-03-31,AAPL,1,AAPL
2014-03-31,ADBE,1,ADBE
2014-03-31,ADI,1,ADI
2014-03-31,ADP,1,ADP
2014-03-31,ADSK,1,ADSK
2014-03-31,AKAM,1,AKAM
2014-03-31,ALTR,1,ALTR
2014-03-31,ALXN,1,ALXN
2014-03-31,AMAT,1,AMAT
2014-03-31,AMGN,1,AMGN
2014-03-31,AMZN,1,AMZN
2014-03-31,ATVI,1,ATVI
2014-03-31,AVGO,1,AVGO
2014-03-31,BBBY,1,BBBY
2014-03-31,BIDU,1,BIDU
2014-03-31,BIIB,1,BIIB
2014-03-31,BRCM,1,BRCM
2014-03-31,CA,1,CA
2014-03-31,CELG,1,CELG
2014-03-31,CERN,1,CERN
2014-03-31,CHKP,1,CHKP
2014-03-31,CHRW,1,CHRW
2014-03-31,CHTR,1,CHTR
2014-03-31,CMCSA,1,CMCSA
2014-03-31,COST,1,COST
2014-03-31,CSCO,1,CSCO
2014-03-31,CTRX,1,CTRX
2014-03-31,CTSH,1,CTSH
2014-03-31,CTXS,1,CTXS
2014-03-31,DISCA,1,DISCA
2014-03-31,DISH,1,DISH
2014-03-31,DLTR,1,DLTR
2014-03-31,DTV,1,DTV
2014-03-31,EBAY,1,EBAY
2014-03-31,EQIX,1,EQIX
2014-03-31,ESRX,1,ESRX
2014-03-31,EXPD,1,EXPD
2014-03-31,EXPE,1,EXPE
2014-03-31,FAST,1,FAST
2014-03-31,FB,1,META
2014-03-31,FFIV,1,FFIV
2014-03-31,FISV,1,FISV
2014-03-31,FOXA,1,FOXA
2014-03-31,GILD,1,GILD
2014-03-31,GMCR,1,GMCR
2014-03-31,GOOG,1,GOOGL
2014-03-31,GRMN,1,GRMN
2014-03-31,HSIC,1,HSIC
2014-03-31,ILMN,1,ILMN
2014-03-31,INTC,1,INTC
2014-03-31,INTU,1,INTU
2014-03-31,ISRG,1,ISRG
2014-03-31,KLAC,1,KLAC
2014-03-31,KRFT,1,KHC
2014-03-31,LBTYA,1,LBTYA
2014-03-31,LLTC,1,LLTC
2014-03-31,LMCA,1,STRZA
2014-03-31,MAR,1,MAR
2014-03-31,MAT,1,MAT
2014-03-31,MDLZ,1,MDLZ
2014-03-31,MNST,1,MNST
2014-03-31,MSFT,1,MSFT
2014-03-31,MU,1,MU
2014-03-31,MXIM,1,MXIM
2014-03-31,MYL,1,MYL
2014-03-31,NFLX,1,NFLX
2014-03-31,NTAP,1,NTAP
2014-03-31,NVDA,1,NVDA
2014-03-31,NXPI,1,NXPI
2014-03-31,ORLY,1,ORLY
2014-03-31,PAYX,1,PAYX
2014-03-31,PCAR,1,PCAR
2014-03-31,PCLN,1,BKNG
2014-03-31,QCOM,1,QCOM
2014-03-31,QRTEA,1,QRTEA
2014-03-31,REGN,1,REGN
2014-03-31,ROST,1,ROST
2014-03-31,SBAC,1,SBAC
2014-03-31,SBUX,1,SBUX
2014-03-31,SIAL,1,SIAL
2014-03-31,SIRI,1,SIRI
2014-03-31,SNDK,1,SNDK
2014-03-31,SPLS,1,SPLS
2014-03-31,SRCL,1,SRCL
2014-03-31,STX,1,STX
2014-03-31,SYMC,1,NLOK
2014-03-31,TRIP,1,TRIP
2014-03-31,TSCO,1,TSCO
2014-03-31,TSLA,1,TSLA
2014-03-31,TXN,1,TXN
2014-03-31,VIAB,1,VIAB
2014-03-31,VIP,1,VIP
2014-03-31,VOD,1,VOD
2014-03-31,VRSK,1,VRSK
2014-03-31,VRTX,1,VRTX
2014-03-31,WDC,1,WDC
2014-03-31,WFM,1,WFM
2014-03-31,WYNN,1,WYNN
2014-03-31,XLNX,1,XLNX
2014-03-31,YHOO,1,YHOO
2014-04-30,AAPL,1,AAPL
2014-04-30,ADBE,1,ADBE
2014-04-30,ADI,1,ADI
2014-04-30,ADP,1,ADP
2014-04-30,ADSK,1,ADSK
2014-04-30,AKAM,1,AKAM
2014-04-30,ALTR,1,ALTR
2014-04-30,ALXN,1,ALXN
2014-04-30,AMAT,1,AMAT
2014-04-30,AMGN,1,AMGN
2014-04-30,AMZN,1,AMZN
2014-04-30,ATVI,1,ATVI
2014-04-30,AVGO,1,AVGO
2014-04-30,BBBY,1,BBBY
2014-04-30,BIDU,1,BIDU
2014-04-30,BIIB,1,BIIB
2014-04-30,BRCM,1,BRCM
2014-04-30,CA,1,CA
2014-04-30,CELG,1,CELG
2014-04-30,CERN,1,CERN
2014-04-30,CHKP,1,CHKP
2014-04-30,CHRW,1,CHRW
2014-04-30,CHTR,1,CHTR
2014-04-30,CMCSA,1,CMCSA
2014-04-30,COST,1,COST
2014-04-30,CSCO,1,CSCO
2014-04-30,CTRX,1,CTRX
2014-04-30,CTSH,1,CTSH
2014-04-30,CTXS,1,CTXS
2014-04-30,DISCA,1,DISCA
2014-04-30,DISH,1,DISH
2014-04-30,DLTR,1,DLTR
2014-04-30,DTV,1,DTV
2014-04-30,EBAY,1,EBAY
2014-04-30,EQIX,1,EQIX
2014-04-30,ESRX,1,ESRX
2014-04-30,EXPD,1,EXPD
2014-04-30,EXPE,1,EXPE
2014-04-30,FAST,1,FAST
2014-04-30,FB,1,META
2014-04-30,FFIV,1,FFIV
2014-04-30,FISV,1,FISV
2014-04-30,FOXA,1,FOXA
2014-04-30,GILD,1,GILD
2014-04-30,GMCR,1,GMCR
2014-04-30,GOOGL,1,GOOGL
2014-04-30,GRMN,1,GRMN
2014-04-30,HSIC,1,HSIC
2014-04-30,ILMN,1,ILMN
2014-04-30,INTC,1,INTC
2014-04-30,INTU,1,INTU
2014-04-30,ISRG,1,ISRG
2014-04-30,KLAC,1,KLAC
2014-04-30,KRFT,1,KHC
2014-04-30,LBTYA,1,LBTYA
2014-04-30,LLTC,1,LLTC
2014-04-30,LMCA,1,STRZA
2014-04-30,MAR,1,MAR
2014-04-30,MAT,1,MAT
2014-04-30,MDLZ,1,MDLZ
2014-04-30,MNST,1,MNST
2014-04-30,MSFT,1,MSFT
2014-04-30,MU,1,MU
2014-04-30,MXIM,1,MXIM
2014-04-30,MYL,1,MYL
2014-04-30,NFLX,1,NFLX
2014-04-30,NTAP,1,NTAP
2014-04-30,NVDA,1,NVDA
2014-04-30,NXPI,1,NXPI
2014-04-30,ORLY,1,ORLY
2014-04-30,PAYX,1,PAYX
2014-04-30,PCAR,1,PCAR
2014-04-30,PCLN,1,BKNG
2014-04-30,QCOM,1,QCOM
2014-04-30,QRTEA,1,QRTEA
2014-04-30,REGN,1,REGN
2014-04-30,ROST,1,ROST
2014-04-30,SBAC,1,SBAC
2014-04-30,SBUX,1,SBUX
2014-04-30,SIAL,1,SIAL
2014-04-30,SIRI,1,SIRI
2014-04-30,SNDK,1,SNDK
2014-04-30,SPLS,1,SPLS
2014-04-30,SRCL,1,SRCL
2014-04-30,STX,1,STX
2014-04-30,SYMC,1,NLOK
2014-04-30,TRIP,1,TRIP
2014-04-30,TSCO,1,TSCO
2014-04-30,TSLA,1,TSLA
2014-04-30,TXN,1,TXN
2014-04-30,VIAB,1,VIAB
2014-04-30,VIP,1,VIP
2014-04-30,VOD,1,VOD
2014-04-30,VRSK,1,VRSK
2014-04-30,VRTX,1,VRTX
2014-04-30,WDC,1,WDC
2014-04-30,WFM,1,WFM
2014-04-30,WYNN,1,WYNN
2014-04-30,XLNX,1,XLNX
2014-04-30,YHOO,1,YHOO
2014-05-31,AAPL,1,AAPL
2014-05-31,ADBE,1,ADBE
2014-05-31,ADI,1,ADI
2014-05-31,ADP,1,ADP
2014-05-31,ADSK,1,ADSK
2014-05-31,AKAM,1,AKAM
2014-05-31,ALTR,1,ALTR
2014-05-31,ALXN,1,ALXN
2014-05-31,AMAT,1,AMAT
2014-05-31,AMGN,1,AMGN
2014-05-31,AMZN,1,AMZN
2014-05-31,ATVI,1,ATVI
2014-05-31,AVGO,1,AVGO
2014-05-31,BBBY,1,BBBY
2014-05-31,BIDU,1,BIDU
2014-05-31,BIIB,1,BIIB
2014-05-31,BRCM,1,BRCM
2014-05-31,CA,1,CA
2014-05-31,CELG,1,CELG
2014-05-31,CERN,1,CERN
2014-05-31,CHKP,1,CHKP
2014-05-31,CHRW,1,CHRW
2014-05-31,CHTR,1,CHTR
2014-05-31,CMCSA,1,CMCSA
2014-05-31,COST,1,COST
2014-05-31,CSCO,1,CSCO
2014-05-31,CTRX,1,CTRX
2014-05-31,CTSH,1,CTSH
2014-05-31,CTXS,1,CTXS
2014-05-31,DISCA,1,DISCA
2014-05-31,DISH,1,DISH
2014-05-31,DLTR,1,DLTR
2014-05-31,DTV,1,DTV
2014-05-31,EBAY,1,EBAY
2014-05-31,EQIX,1,EQIX
2014-05-31,ESRX,1,ESRX
2014-05-31,EXPD,1,EXPD
2014-05-31,EXPE,1,EXPE
2014-05-31,FAST,1,FAST
2014-05-31,FB,1,META
2014-05-31,FFIV,1,FFIV
2014-05-31,FISV,1,FISV
2014-05-31,FOXA,1,FOXA
2014-05-31,GILD,1,GILD
2014-05-31,GMCR,1,GMCR
2014-05-31,GOOGL,1,GOOGL
2014-05-31,GRMN,1,GRMN
2014-05-31,HSIC,1,HSIC
2014-05-31,ILMN,1,ILMN
2014-05-31,INTC,1,INTC
2014-05-31,INTU,1,INTU
2014-05-31,ISRG,1,ISRG
2014-05-31,KLAC,1,KLAC
2014-05-31,KRFT,1,KHC
2014-05-31,LBTYA,1,LBTYA
2014-05-31,LLTC,1,LLTC
2014-05-31,LMCA,1,STRZA
2014-05-31,MAR,1,MAR
2014-05-31,MAT,1,MAT
2014-05-31,MDLZ,1,MDLZ
2014-05-31,MNST,1,MNST
2014-05-31,MSFT,1,MSFT
2014-05-31,MU,1,MU
2014-05-31,MXIM,1,MXIM
2014-05-31,MYL,1,MYL
2014-05-31,NFLX,1,NFLX
2014-05-31,NTAP,1,NTAP
2014-05-31,NVDA,1,NVDA
2014-05-31,NXPI,1,NXPI
2014-05-31,ORLY,1,ORLY
2014-05-31,PAYX,1,PAYX
2014-05-31,PCAR,1,PCAR
2014-05-31,PCLN,1,BKNG
2014-05-31,QCOM,1,QCOM
2014-05-31,QRTEA,1,QRTEA
2014-05-31,REGN,1,REGN
2014-05-31,ROST,1,ROST
2014-05-31,SBAC,1,SBAC
2014-05-31,SBUX,1,SBUX
2014-05-31,SIAL,1,SIAL
2014-05-31,SIRI,1,SIRI
2014-05-31,SNDK,1,SNDK
2014-05-31,SPLS,1,SPLS
2014-05-31,SRCL,1,SRCL
2014-05-31,STX,1,STX
2014-05-31,SYMC,1,NLOK
2014-05-31,TRIP,1,TRIP
2014-05-31,TSCO,1,TSCO
2014-05-31,TSLA,1,TSLA
2014-05-31,TXN,1,TXN
2014-05-31,VIAB,1,VIAB
2014-05-31,VIP,1,VIP
2014-05-31,VOD,1,VOD
2014-05-31,VRSK,1,VRSK
2014-05-31,VRTX,1,VRTX
2014-05-31,WDC,1,WDC
2014-05-31,WFM,1,WFM
2014-05-31,WYNN,1,WYNN
2014-05-31,XLNX,1,XLNX
2014-05-31,YHOO,1,YHOO
2014-06-30,AAPL,1,AAPL
2014-06-30,ADBE,1,ADBE
2014-06-30,ADI,1,ADI
2014-06-30,ADP,1,ADP
2014-06-30,ADSK,1,ADSK
2014-06-30,AKAM,1,AKAM
2014-06-30,ALTR,1,ALTR
2014-06-30,ALXN,1,ALXN
2014-06-30,AMAT,1,AMAT
2014-06-30,AMGN,1,AMGN
2014-06-30,AMZN,1,AMZN
2014-06-30,ATVI,1,ATVI
2014-06-30,AVGO,1,AVGO
2014-06-30,BBBY,1,BBBY
2014-06-30,BIDU,1,BIDU
2014-06-30,BIIB,1,BIIB
2014-06-30,BRCM,1,BRCM
2014-06-30,CA,1,CA
2014-06-30,CELG,1,CELG
2014-06-30,CERN,1,CERN
2014-06-30,CHKP,1,CHKP
2014-06-30,CHRW,1,CHRW
2014-06-30,CHTR,1,CHTR
2014-06-30,CMCSA,1,CMCSA
2014-06-30,COST,1,COST
2014-06-30,CSCO,1,CSCO
2014-06-30,CTRX,1,CTRX
2014-06-30,CTSH,1,CTSH
2014-06-30,CTXS,1,CTXS
2014-06-30,DISCA,1,DISCA
2014-06-30,DISH,1,DISH
2014-06-30,DLTR,1,DLTR
2014-06-30,DTV,1,DTV
2014-06-30,EBAY,1,EBAY
2014-06-30,EQIX,1,EQIX
2014-06-30,ESRX,1,ESRX
2014-06-30,EXPD,1,EXPD
2014-06-30,EXPE,1,EXPE
2014-06-30,FAST,1,FAST
2014-06-30,FB,1,META
2014-06-30,FFIV,1,FFIV
2014-06-30,FISV,1,FISV
2014-06-30,FOXA,1,FOXA
2014-06-30,GILD,1,GILD
2014-06-30,GMCR,1,GMCR
2014-06-30,GOOGL,1,GOOGL
2014-06-30,GRMN,1,GRMN
2014-06-30,HSIC,1,HSIC
2014-06-30,ILMN,1,ILMN
2014-06-30,INTC,1,INTC
2014-06-30,INTU,1,INTU
2014-06-30,ISRG,1,ISRG
2014-06-30,KLAC,1,KLAC
2014-06-30,KRFT,1,KHC
2014-06-30,LBTYA,1,LBTYA
2014-06-30,LLTC,1,LLTC
2014-06-30,LMCA,1,STRZA
2014-06-30,MAR,1,MAR
2014-06-30,MAT,1,MAT
2014-06-30,MDLZ,1,MDLZ
2014-06-30,MNST,1,MNST
2014-06-30,MSFT,1,MSFT
2014-06-30,MU,1,MU
2014-06-30,MXIM,1,MXIM
2014-06-30,MYL,1,MYL
2014-06-30,NFLX,1,NFLX
2014-06-30,NTAP,1,NTAP
2014-06-30,NVDA,1,NVDA
2014-06-30,NXPI,1,NXPI
2014-06-30,ORLY,1,ORLY
2014-06-30,PAYX,1,PAYX
2014-06-30,PCAR,1,PCAR
2014-06-30,PCLN,1,BKNG
2014-06-30,QCOM,1,QCOM
2014-06-30,QRTEA,1,QRTEA
2014-06-30,REGN,1,REGN
2014-06-30,ROST,1,ROST
2014-06-30,SBAC,1,SBAC
2014-06-30,SBUX,1,SBUX
2014-06-30,SIAL,1,SIAL
2014-06-30,SIRI,1,SIRI
2014-06-30,SNDK,1,SNDK
2014-06-30,SPLS,1,SPLS
2014-06-30,SRCL,1,SRCL
2014-06-30,STX,1,STX
2014-06-30,SYMC,1,NLOK
2014-06-30,TRIP,1,TRIP
2014-06-30,TSCO,1,TSCO
2014-06-30,TSLA,1,TSLA
2014-06-30,TXN,1,TXN
2014-06-30,VIAB,1,VIAB
2014-06-30,VIP,1,VIP
2014-06-30,VOD,1,VOD
2014-06-30,VRSK,1,VRSK
2014-06-30,VRTX,1,VRTX
2014-06-30,WDC,1,WDC
2014-06-30,WFM,1,WFM
2014-06-30,WYNN,1,WYNN
2014-06-30,XLNX,1,XLNX
2014-06-30,YHOO,1,YHOO
2014-07-31,AAPL,1,AAPL
2014-07-31,ADBE,1,ADBE
2014-07-31,ADI,1,ADI
2014-07-31,ADP,1,ADP
2014-07-31,ADSK,1,ADSK
2014-07-31,AKAM,1,AKAM
2014-07-31,ALTR,1,ALTR
2014-07-31,ALXN,1,ALXN
2014-07-31,AMAT,1,AMAT
2014-07-31,AMGN,1,AMGN
2014-07-31,AMZN,1,AMZN
2014-07-31,ATVI,1,ATVI
2014-07-31,AVGO,1,AVGO
2014-07-31,BBBY,1,BBBY
2014-07-31,BIDU,1,BIDU
2014-07-31,BIIB,1,BIIB
2014-07-31,BRCM,1,BRCM
2014-07-31,CA,1,CA
2014-07-31,CELG,1,CELG
2014-07-31,CERN,1,CERN
2014-07-31,CHKP,1,CHKP
2014-07-31,CHRW,1,CHRW
2014-07-31,CHTR,1,CHTR
2014-07-31,CMCSA,1,CMCSA
2014-07-31,COST,1,COST
2014-07-31,CSCO,1,CSCO
2014-07-31,CTRX,1,CTRX
2014-07-31,CTSH,1,CTSH
2014-07-31,CTXS,1,CTXS
2014-07-31,DISCA,1,DISCA
2014-07-31,DISH,1,DISH
2014-07-31,DLTR,1,DLTR
2014-07-31,DTV,1,DTV
2014-07-31,EBAY,1,EBAY
2014-07-31,EQIX,1,EQIX
2014-07-31,ESRX,1,ESRX
2014-07-31,EXPD,1,EXPD
2014-07-31,EXPE,1,EXPE
2014-07-31,FAST,1,FAST
2014-07-31,FB,1,META
2014-07-31,FFIV,1,FFIV
2014-07-31,FISV,1,FISV
2014-07-31,FOXA,1,FOXA
2014-07-31,GILD,1,GILD
2014-07-31,GMCR,1,GMCR
2014-07-31,GOOGL,1,GOOGL
2014-07-31,GRMN,1,GRMN
2014-07-31,HSIC,1,HSIC
2014-07-31,ILMN,1,ILMN
2014-07-31,INTC,1,INTC
2014-07-31,INTU,1,INTU
2014-07-31,ISRG,1,ISRG
2014-07-31,KLAC,1,KLAC
2014-07-31,KRFT,1,KHC
2014-07-31,LBTYA,1,LBTYA
2014-07-31,LLTC,1,LLTC
2014-07-31,LMCA,1,STRZA
2014-07-31,MAR,1,MAR
2014-07-31,MAT,1,MAT
2014-07-31,MDLZ,1,MDLZ
2014-07-31,MNST,1,MNST
2014-07-31,MSFT,1,MSFT
2014-07-31,MU,1,MU
2014-07-31,MXIM,1,MXIM
2014-07-31,MYL,1,MYL
2014-07-31,NFLX,1,NFLX
2014-07-31,NTAP,1,NTAP
2014-07-31,NVDA,1,NVDA
2014-07-31,NXPI,1,NXPI
2014-07-31,ORLY,1,ORLY
2014-07-31,PAYX,1,PAYX
2014-07-31,PCAR,1,PCAR
2014-07-31,PCLN,1,BKNG
2014-07-31,QCOM,1,QCOM
2014-07-31,QRTEA,1,QRTEA
2014-07-31,REGN,1,REGN
2014-07-31,ROST,1,ROST
2014-07-31,SBAC,1,SBAC
2014-07-31,SBUX,1,SBUX
2014-07-31,SIAL,1,SIAL
2014-07-31,SIRI,1,SIRI
2014-07-31,SNDK,1,SNDK
2014-07-31,SPLS,1,SPLS
2014-07-31,SRCL,1,SRCL
2014-07-31,STX,1,STX
2014-07-31,SYMC,1,NLOK
2014-07-31,TRIP,1,TRIP
2014-07-31,TSCO,1,TSCO
2014-07-31,TSLA,1,TSLA
2014-07-31,TXN,1,TXN
2014-07-31,VIAB,1,VIAB
2014-07-31,VIP,1,VIP
2014-07-31,VOD,1,VOD
2014-07-31,VRSK,1,VRSK
2014-07-31,VRTX,1,VRTX
2014-07-31,WDC,1,WDC
2014-07-31,WFM,1,WFM
2014-07-31,WYNN,1,WYNN
2014-07-31,XLNX,1,XLNX
2014-07-31,YHOO,1,YHOO
2014-08-31,AAPL,1,AAPL
2014-08-31,ADBE,1,ADBE
2014-08-31,ADI,1,ADI
2014-08-31,ADP,1,ADP
2014-08-31,ADSK,1,ADSK
2014-08-31,AKAM,1,AKAM
2014-08-31,ALTR,1,ALTR
2014-08-31,ALXN,1,ALXN
2014-08-31,AMAT,1,AMAT
2014-08-31,AMGN,1,AMGN
2014-08-31,AMZN,1,AMZN
2014-08-31,ATVI,1,ATVI
2014-08-31,AVGO,1,AVGO
2014-08-31,BBBY,1,BBBY
2014-08-31,BIDU,1,BIDU
2014-08-31,BIIB,1,BIIB
2014-08-31,BRCM,1,BRCM
2014-08-31,CA,1,CA
2014-08-31,CELG,1,CELG
2014-08-31,CERN,1,CERN
2014-08-31,CHKP,1,CHKP
2014-08-31,CHRW,1,CHRW
2014-08-31,CHTR,1,CHTR
2014-08-31,CMCSA,1,CMCSA
2014-08-31,COST,1,COST
2014-08-31,CSCO,1,CSCO
2014-08-31,CTRX,1,CTRX
2014-08-31,CTSH,1,CTSH
2014-08-31,CTXS,1,CTXS
2014-08-31,DISCA,1,DISCA
2014-08-31,DISH,1,DISH
2014-08-31,DLTR,1,DLTR
2014-08-31,DTV,1,DTV
2014-08-31,EBAY,1,EBAY
2014-08-31,EQIX,1,EQIX
2014-08-31,ESRX,1,ESRX
2014-08-31,EXPD,1,EXPD
2014-08-31,EXPE,1,EXPE
2014-08-31,FAST,1,FAST
2014-08-31,FB,1,META
2014-08-31,FFIV,1,FFIV
2014-08-31,FISV,1,FISV
2014-08-31,FOXA,1,FOXA
2014-08-31,GILD,1,GILD
2014-08-31,GMCR,1,GMCR
2014-08-31,GOOGL,1,GOOGL
2014-08-31,GRMN,1,GRMN
2014-08-31,HSIC,1,HSIC
2014-08-31,ILMN,1,ILMN
2014-08-31,INTC,1,INTC
2014-08-31,INTU,1,INTU
2014-08-31,ISRG,1,ISRG
2014-08-31,KLAC,1,KLAC
2014-08-31,KRFT,1,KHC
2014-08-31,LBTYA,1,LBTYA
2014-08-31,LLTC,1,LLTC
2014-08-31,LMCA,1,STRZA
2014-08-31,MAR,1,MAR
2014-08-31,MAT,1,MAT
2014-08-31,MDLZ,1,MDLZ
2014-08-31,MNST,1,MNST
2014-08-31,MSFT,1,MSFT
2014-08-31,MU,1,MU
2014-08-31,MXIM,1,MXIM
2014-08-31,MYL,1,MYL
2014-08-31,NFLX,1,NFLX
2014-08-31,NTAP,1,NTAP
2014-08-31,NVDA,1,NVDA
2014-08-31,NXPI,1,NXPI
2014-08-31,ORLY,1,ORLY
2014-08-31,PAYX,1,PAYX
2014-08-31,PCAR,1,PCAR
2014-08-31,PCLN,1,BKNG
2014-08-31,QCOM,1,QCOM
2014-08-31,QRTEA,1,QRTEA
2014-08-31,REGN,1,REGN
2014-08-31,ROST,1,ROST
2014-08-31,SBAC,1,SBAC
2014-08-31,SBUX,1,SBUX
2014-08-31,SIAL,1,SIAL
2014-08-31,SIRI,1,SIRI
2014-08-31,SNDK,1,SNDK
2014-08-31,SPLS,1,SPLS
2014-08-31,SRCL,1,SRCL
2014-08-31,STX,1,STX
2014-08-31,SYMC,1,NLOK
2014-08-31,TRIP,1,TRIP
2014-08-31,TSCO,1,TSCO
2014-08-31,TSLA,1,TSLA
2014-08-31,TXN,1,TXN
2014-08-31,VIAB,1,VIAB
2014-08-31,VIP,1,VIP
2014-08-31,VOD,1,VOD
2014-08-31,VRSK,1,VRSK
2014-08-31,VRTX,1,VRTX
2014-08-31,WDC,1,WDC
2014-08-31,WFM,1,WFM
2014-08-31,WYNN,1,WYNN
2014-08-31,XLNX,1,XLNX
2014-08-31,YHOO,1,YHOO
2014-09-30,AAPL,1,AAPL
2014-09-30,ADBE,1,ADBE
2014-09-30,ADI,1,ADI
2014-09-30,ADP,1,ADP
2014-09-30,ADSK,1,ADSK
2014-09-30,AKAM,1,AKAM
2014-09-30,ALTR,1,ALTR
2014-09-30,ALXN,1,ALXN
2014-09-30,AMAT,1,AMAT
2014-09-30,AMGN,1,AMGN
2014-09-30,AMZN,1,AMZN
2014-09-30,ATVI,1,ATVI
2014-09-30,AVGO,1,AVGO
2014-09-30,BBBY,1,BBBY
2014-09-30,BIDU,1,BIDU
2014-09-30,BIIB,1,BIIB
2014-09-30,BRCM,1,BRCM
2014-09-30,CA,1,CA
2014-09-30,CELG,1,CELG
2014-09-30,CERN,1,CERN
2014-09-30,CHKP,1,CHKP
2014-09-30,CHRW,1,CHRW
2014-09-30,CHTR,1,CHTR
2014-09-30,CMCSA,1,CMCSA
2014-09-30,COST,1,COST
2014-09-30,CSCO,1,CSCO
2014-09-30,CTRX,1,CTRX
2014-09-30,CTSH,1,CTSH
2014-09-30,CTXS,1,CTXS
2014-09-30,DISCA,1,DISCA
2014-09-30,DISH,1,DISH
2014-09-30,DLTR,1,DLTR
2014-09-30,DTV,1,DTV
2014-09-30,EBAY,1,EBAY
2014-09-30,EQIX,1,EQIX
2014-09-30,ESRX,1,ESRX
2014-09-30,EXPD,1,EXPD
2014-09-30,EXPE,1,EXPE
2014-09-30,FAST,1,FAST
2014-09-30,FB,1,META
2014-09-30,FFIV,1,FFIV
2014-09-30,FISV,1,FISV
2014-09-30,FOXA,1,FOXA
2014-09-30,GILD,1,GILD
2014-09-30,GMCR,1,GMCR
2014-09-30,GOOGL,1,GOOGL
2014-09-30,GRMN,1,GRMN
2014-09-30,HSIC,1,HSIC
2014-09-30,ILMN,1,ILMN
2014-09-30,INTC,1,INTC
2014-09-30,INTU,1,INTU
2014-09-30,ISRG,1,ISRG
2014-09-30,KLAC,1,KLAC
2014-09-30,KRFT,1,KHC
2014-09-30,LBTYA,1,LBTYA
2014-09-30,LLTC,1,LLTC
2014-09-30,LMCA,1,STRZA
2014-09-30,MAR,1,MAR
2014-09-30,MAT,1,MAT
2014-09-30,MDLZ,1,MDLZ
2014-09-30,MNST,1,MNST
2014-09-30,MSFT,1,MSFT
2014-09-30,MU,1,MU
2014-09-30,MXIM,1,MXIM
2014-09-30,MYL,1,MYL
2014-09-30,NFLX,1,NFLX
2014-09-30,NTAP,1,NTAP
2014-09-30,NVDA,1,NVDA
2014-09-30,NXPI,1,NXPI
2014-09-30,ORLY,1,ORLY
2014-09-30,PAYX,1,PAYX
2014-09-30,PCAR,1,PCAR
2014-09-30,PCLN,1,BKNG
2014-09-30,QCOM,1,QCOM
2014-09-30,QRTEA,1,QRTEA
2014-09-30,REGN,1,REGN
2014-09-30,ROST,1,ROST
2014-09-30,SBAC,1,SBAC
2014-09-30,SBUX,1,SBUX
2014-09-30,SIAL,1,SIAL
2014-09-30,SIRI,1,SIRI
2014-09-30,SNDK,1,SNDK
2014-09-30,SPLS,1,SPLS
2014-09-30,SRCL,1,SRCL
2014-09-30,STX,1,STX
2014-09-30,SYMC,1,NLOK
2014-09-30,TRIP,1,TRIP
2014-09-30,TSCO,1,TSCO
2014-09-30,TSLA,1,TSLA
2014-09-30,TXN,1,TXN
2014-09-30,VIAB,1,VIAB
2014-09-30,VIP,1,VIP
2014-09-30,VOD,1,VOD
2014-09-30,VRSK,1,VRSK
2014-09-30,VRTX,1,VRTX
2014-09-30,WDC,1,WDC
2014-09-30,WFM,1,WFM
2014-09-30,WYNN,1,WYNN
2014-09-30,XLNX,1,XLNX
2014-09-30,YHOO,1,YHOO
2014-10-31,AAPL,1,AAPL
2014-10-31,ADBE,1,ADBE
2014-10-31,ADI,1,ADI
2014-10-31,ADP,1,ADP
2014-10-31,ADSK,1,ADSK
2014-10-31,AKAM,1,AKAM
2014-10-31,ALTR,1,ALTR
2014-10-31,ALXN,1,ALXN
2014-10-31,AMAT,1,AMAT
2014-10-31,AMGN,1,AMGN
2014-10-31,AMZN,1,AMZN
2014-10-31,ATVI,1,ATVI
2014-10-31,AVGO,1,AVGO
2014-10-31,BBBY,1,BBBY
2014-10-31,BIDU,1,BIDU
2014-10-31,BIIB,1,BIIB
2014-10-31,BRCM,1,BRCM
2014-10-31,CA,1,CA
2014-10-31,CELG,1,CELG
2014-10-31,CERN,1,CERN
2014-10-31,CHKP,1,CHKP
2014-10-31,CHRW,1,CHRW
2014-10-31,CHTR,1,CHTR
2014-10-31,CMCSA,1,CMCSA
2014-10-31,COST,1,COST
2014-10-31,CSCO,1,CSCO
2014-10-31,CTRX,1,CTRX
2014-10-31,CTSH,1,CTSH
2014-10-31,CTXS,1,CTXS
2014-10-31,DISCA,1,DISCA
2014-10-31,DISH,1,DISH
2014-10-31,DLTR,1,DLTR
2014-10-31,DTV,1,DTV
2014-10-31,EBAY,1,EBAY
2014-10-31,EQIX,1,EQIX
2014-10-31,ESRX,1,ESRX
2014-10-31,EXPD,1,EXPD
2014-10-31,EXPE,1,EXPE
2014-10-31,FAST,1,FAST
2014-10-31,FB,1,META
2014-10-31,FFIV,1,FFIV
2014-10-31,FISV,1,FISV
2014-10-31,FOXA,1,FOXA
2014-10-31,GILD,1,GILD
2014-10-31,GMCR,1,GMCR
2014-10-31,GOOGL,1,GOOGL
2014-10-31,GRMN,1,GRMN
2014-10-31,HSIC,1,HSIC
2014-10-31,ILMN,1,ILMN
2014-10-31,INTC,1,INTC
2014-10-31,INTU,1,INTU
2014-10-31,ISRG,1,ISRG
2014-10-31,KLAC,1,KLAC
2014-10-31,KRFT,1,KHC
2014-10-31,LBTYA,1,LBTYA
2014-10-31,LLTC,1,LLTC
2014-10-31,LMCA,1,STRZA
2014-10-31,MAR,1,MAR
2014-10-31,MAT,1,MAT
2014-10-31,MDLZ,1,MDLZ
2014-10-31,MNST,1,MNST
2014-10-31,MSFT,1,MSFT
2014-10-31,MU,1,MU
2014-10-31,MXIM,1,MXIM
2014-10-31,MYL,1,MYL
2014-10-31,NFLX,1,NFLX
2014-10-31,NTAP,1,NTAP
2014-10-31,NVDA,1,NVDA
2014-10-31,NXPI,1,NXPI
2014-10-31,ORLY,1,ORLY
2014-10-31,PAYX,1,PAYX
2014-10-31,PCAR,1,PCAR
2014-10-31,PCLN,1,BKNG
2014-10-31,QCOM,1,QCOM
2014-10-31,QRTEA,1,QRTEA
2014-10-31,REGN,1,REGN
2014-10-31,ROST,1,ROST
2014-10-31,SBAC,1,SBAC
2014-10-31,SBUX,1,SBUX
2014-10-31,SIAL,1,SIAL
2014-10-31,SIRI,1,SIRI
2014-10-31,SNDK,1,SNDK
2014-10-31,SPLS,1,SPLS
2014-10-31,SRCL,1,SRCL
2014-10-31,STX,1,STX
2014-10-31,SYMC,1,NLOK
2014-10-31,TRIP,1,TRIP
2014-10-31,TSCO,1,TSCO
2014-10-31,TSLA,1,TSLA
2014-10-31,TXN,1,TXN
2014-10-31,VIAB,1,VIAB
2014-10-31,VIP,1,VIP
2014-10-31,VOD,1,VOD
2014-10-31,VRSK,1,VRSK
2014-10-31,VRTX,1,VRTX
2014-10-31,WDC,1,WDC
2014-10-31,WFM,1,WFM
2014-10-31,WYNN,1,WYNN
2014-10-31,XLNX,1,XLNX
2014-10-31,YHOO,1,YHOO
2014-11-30,AAPL,1,AAPL
2014-11-30,ADBE,1,ADBE
2014-11-30,ADI,1,ADI
2014-11-30,ADP,1,ADP
2014-11-30,ADSK,1,ADSK
2014-11-30,AKAM,1,AKAM
2014-11-30,ALTR,1,ALTR
2014-11-30,ALXN,1,ALXN
2014-11-30,AMAT,1,AMAT
2014-11-30,AMGN,1,AMGN
2014-11-30,AMZN,1,AMZN
2014-11-30,ATVI,1,ATVI
2014-11-30,AVGO,1,AVGO
2014-11-30,BBBY,1,BBBY
2014-11-30,BIDU,1,BIDU
2014-11-30,BIIB,1,BIIB
2014-11-30,BRCM,1,BRCM
2014-11-30,CA,1,CA
2014-11-30,CELG,1,CELG
2014-11-30,CERN,1,CERN
2014-11-30,CHKP,1,CHKP
2014-11-30,CHRW,1,CHRW
2014-11-30,CHTR,1,CHTR
2014-11-30,CMCSA,1,CMCSA
2014-11-30,COST,1,COST
2014-11-30,CSCO,1,CSCO
2014-11-30,CTRX,1,CTRX
2014-11-30,CTSH,1,CTSH
2014-11-30,CTXS,1,CTXS
2014-11-30,DISCA,1,DISCA
2014-11-30,DISH,1,DISH
2014-11-30,DLTR,1,DLTR
2014-11-30,DTV,1,DTV
2014-11-30,EBAY,1,EBAY
2014-11-30,EQIX,1,EQIX
2014-11-30,ESRX,1,ESRX
2014-11-30,EXPD,1,EXPD
2014-11-30,EXPE,1,EXPE
2014-11-30,FAST,1,FAST
2014-11-30,FB,1,META
2014-11-30,FFIV,1,FFIV
2014-11-30,FISV,1,FISV
2014-11-30,FOXA,1,FOXA
2014-11-30,GILD,1,GILD
2014-11-30,GMCR,1,GMCR
2014-11-30,GOOGL,1,GOOGL
2014-11-30,GRMN,1,GRMN
2014-11-30,HSIC,1,HSIC
2014-11-30,ILMN,1,ILMN
2014-11-30,INTC,1,INTC
2014-11-30,INTU,1,INTU
2014-11-30,ISRG,1,ISRG
2014-11-30,KLAC,1,KLAC
2014-11-30,KRFT,1,KHC
2014-11-30,LBTYA,1,LBTYA
2014-11-30,LLTC,1,LLTC
2014-11-30,LMCA,1,STRZA
2014-11-30,MAR,1,MAR
2014-11-30,MAT,1,MAT
2014-11-30,MDLZ,1,MDLZ
2014-11-30,MNST,1,MNST
2014-11-30,MSFT,1,MSFT
2014-11-30,MU,1,MU
2014-11-30,MXIM,1,MXIM
2014-11-30,MYL,1,MYL
2014-11-30,NFLX,1,NFLX
2014-11-30,NTAP,1,NTAP
2014-11-30,NVDA,1,NVDA
2014-11-30,NXPI,1,NXPI
2014-11-30,ORLY,1,ORLY
2014-11-30,PAYX,1,PAYX
2014-11-30,PCAR,1,PCAR
2014-11-30,PCLN,1,BKNG
2014-11-30,QCOM,1,QCOM
2014-11-30,QRTEA,1,QRTEA
2014-11-30,REGN,1,REGN
2014-11-30,ROST,1,ROST
2014-11-30,SBAC,1,SBAC
2014-11-30,SBUX,1,SBUX
2014-11-30,SIAL,1,SIAL
2014-11-30,SIRI,1,SIRI
2014-11-30,SNDK,1,SNDK
2014-11-30,SPLS,1,SPLS
2014-11-30,SRCL,1,SRCL
2014-11-30,STX,1,STX
2014-11-30,SYMC,1,NLOK
2014-11-30,TRIP,1,TRIP
2014-11-30,TSCO,1,TSCO
2014-11-30,TSLA,1,TSLA
2014-11-30,TXN,1,TXN
2014-11-30,VIAB,1,VIAB
2014-11-30,VIP,1,VIP
2014-11-30,VOD,1,VOD
2014-11-30,VRSK,1,VRSK
2014-11-30,VRTX,1,VRTX
2014-11-30,WDC,1,WDC
2014-11-30,WFM,1,WFM
2014-11-30,WYNN,1,WYNN
2014-11-30,XLNX,1,XLNX
2014-11-30,YHOO,1,YHOO
2014-12-31,AAL,1,AAL
2014-12-31,AAPL,1,AAPL
2014-12-31,ADBE,1,ADBE
2014-12-31,ADI,1,ADI
2014-12-31,ADP,1,ADP
2014-12-31,ADSK,1,ADSK
2014-12-31,AKAM,1,AKAM
2014-12-31,ALTR,1,ALTR
2014-12-31,ALXN,1,ALXN
2014-12-31,AMAT,1,AMAT
2014-12-31,AMGN,1,AMGN
2014-12-31,AMZN,1,AMZN
2014-12-31,ATVI,1,ATVI
2014-12-31,AVGO,1,AVGO
2014-12-31,BBBY,1,BBBY
2014-12-31,BIDU,1,BIDU
2014-12-31,BIIB,1,BIIB
2014-12-31,BRCM,1,BRCM
2014-12-31,CA,1,CA
2014-12-31,CELG,1,CELG
2014-12-31,CERN,1,CERN
2014-12-31,CHKP,1,CHKP
2014-12-31,CHRW,1,CHRW
2014-12-31,CHTR,1,CHTR
2014-12-31,CMCSA,1,CMCSA
2014-12-31,COST,1,COST
2014-12-31,CSCO,1,CSCO
2014-12-31,CTRX,1,CTRX
2014-12-31,CTSH,1,CTSH
2014-12-31,CTXS,1,CTXS
2014-12-31,DISCA,1,DISCA
2014-12-31,DISH,1,DISH
2014-12-31,DLTR,1,DLTR
2014-12-31,DTV,1,DTV
2014-12-31,EA,1,EA
2014-12-31,EBAY,1,EBAY
2014-12-31,EQIX,1,EQIX
2014-12-31,ESRX,1,ESRX
2014-12-31,EXPD,1,EXPD
2014-12-31,FAST,1,FAST
2014-12-31,FB,1,META
2014-12-31,FISV,1,FISV
2014-12-31,FOXA,1,FOXA
2014-12-31,GILD,1,GILD
2014-12-31,GMCR,1,GMCR
2014-12-31,GOOGL,1,GOOGL
2014-12-31,GRMN,1,GRMN
2014-12-31,HSIC,1,HSIC
2014-12-31,ILMN,1,ILMN
2014-12-31,INTC,1,INTC
2014-12-31,INTU,1,INTU
2014-12-31,ISRG,1,ISRG
2014-12-31,KLAC,1,KLAC
2014-12-31,KRFT,1,KHC
2014-12-31,LBTYA,1,LBTYA
2014-12-31,LLTC,1,LLTC
2014-12-31,LMCA,1,STRZA
2014-12-31,LRCX,1,LRCX
2014-12-31,MAR,1,MAR
2014-12-31,MAT,1,MAT
2014-12-31,MDLZ,1,MDLZ
2014-12-31,MNST,1,MNST
2014-12-31,MSFT,1,MSFT
2014-12-31,MU,1,MU
2014-12-31,MYL,1,MYL
2014-12-31,NFLX,1,NFLX
2014-12-31,NTAP,1,NTAP
2014-12-31,NVDA,1,NVDA
2014-12-31,NXPI,1,NXPI
2014-12-31,ORLY,1,ORLY
2014-12-31,PAYX,1,PAYX
2014-12-31,PCAR,1,PCAR
2014-12-31,PCLN,1,BKNG
2014-12-31,QCOM,1,QCOM
2014-12-31,QRTEA,1,QRTEA
2014-12-31,REGN,1,REGN
2014-12-31,ROST,1,ROST
2014-12-31,SBAC,1,SBAC
2014-12-31,SBUX,1,SBUX
2014-12-31,SIAL,1,SIAL
2014-12-31,SIRI,1,SIRI
2014-12-31,SNDK,1,SNDK
2014-12-31,SPLS,1,SPLS
2014-12-31,SRCL,1,SRCL
2014-12-31,STX,1,STX
2014-12-31,SYMC,1,NLOK
2014-12-31,TRIP,1,TRIP
2014-12-31,TSCO,1,TSCO
2014-12-31,TSLA,1,TSLA
2014-12-31,TXN,1,TXN
2014-12-31,VIAB,1,VIAB
2014-12-31,VIP,1,VIP
2014-12-31,VOD,1,VOD
2014-12-31,VRSK,1,VRSK
2014-12-31,VRTX,1,VRTX
2014-12-31,WDC,1,WDC
2014-12-31,WFM,1,WFM
2014-12-31,WYNN,1,WYNN
2014-12-31,XLNX,1,XLNX
2014-12-31,YHOO,1,YHOO
2015-01-31,AAL,1,AAL
2015-01-31,AAPL,1,AAPL
2015-01-31,ADBE,1,ADBE
2015-01-31,ADI,1,ADI
2015-01-31,ADP,1,ADP
2015-01-31,ADSK,1,ADSK
2015-01-31,AKAM,1,AKAM
2015-01-31,ALTR,1,ALTR
2015-01-31,ALXN,1,ALXN
2015-01-31,AMAT,1,AMAT
2015-01-31,AMGN,1,AMGN
2015-01-31,AMZN,1,AMZN
2015-01-31,ATVI,1,ATVI
2015-01-31,AVGO,1,AVGO
2015-01-31,BBBY,1,BBBY
2015-01-31,BIDU,1,BIDU
2015-01-31,BIIB,1,BIIB
2015-01-31,BRCM,1,BRCM
2015-01-31,CA,1,CA
2015-01-31,CELG,1,CELG
2015-01-31,CERN,1,CERN
2015-01-31,CHKP,1,CHKP
2015-01-31,CHRW,1,CHRW
2015-01-31,CHTR,1,CHTR
2015-01-31,CMCSA,1,CMCSA
2015-01-31,COST,1,COST
2015-01-31,CSCO,1,CSCO
2015-01-31,CTRX,1,CTRX
2015-01-31,CTSH,1,CTSH
2015-01-31,CTXS,1,CTXS
2015-01-31,DISCA,1,DISCA
2015-01-31,DISH,1,DISH
2015-01-31,DLTR,1,DLTR
2015-01-31,DTV,1,DTV
2015-01-31,EA,1,EA
2015-01-31,EBAY,1,EBAY
2015-01-31,EQIX,1,EQIX
2015-01-31,ESRX,1,ESRX
2015-01-31,EXPD,1,EXPD
2015-01-31,FAST,1,FAST
2015-01-31,FB,1,META
2015-01-31,FISV,1,FISV
2015-01-31,FOXA,1,FOXA
2015-01-31,GILD,1,GILD
2015-01-31,GMCR,1,GMCR
2015-01-31,GOOGL,1,GOOGL
2015-01-31,GRMN,1,GRMN
2015-01-31,HSIC,1,HSIC
2015-01-31,ILMN,1,ILMN
2015-01-31,INTC,1,INTC
2015-01-31,INTU,1,INTU
2015-01-31,ISRG,1,ISRG
2015-01-31,KLAC,1,KLAC
2015-01-31,KRFT,1,KHC
2015-01-31,LBTYA,1,LBTYA
2015-01-31,LLTC,1,LLTC
2015-01-31,LMCA,1,STRZA
2015-01-31,LRCX,1,LRCX
2015-01-31,MAR,1,MAR
2015-01-31,MAT,1,MAT
2015-01-31,MDLZ,1,MDLZ
2015-01-31,MNST,1,MNST
2015-01-31,MSFT,1,MSFT
2015-01-31,MU,1,MU
2015-01-31,MYL,1,MYL
2015-01-31,NFLX,1,NFLX
2015-01-31,NTAP,1,NTAP
2015-01-31,NVDA,1,NVDA
2015-01-31,NXPI,1,NXPI
2015-01-31,ORLY,1,ORLY
2015-01-31,PAYX,1,PAYX
2015-01-31,PCAR,1,PCAR
2015-01-31,PCLN,1,BKNG
2015-01-31,QCOM,1,QCOM
2015-01-31,QRTEA,1,QRTEA
2015-01-31,REGN,1,REGN
2015-01-31,ROST,1,ROST
2015-01-31,SBAC,1,SBAC
2015-01-31,SBUX,1,SBUX
2015-01-31,SIAL,1,SIAL
2015-01-31,SIRI,1,SIRI
2015-01-31,SNDK,1,SNDK
2015-01-31,SPLS,1,SPLS
2015-01-31,SRCL,1,SRCL
2015-01-31,STX,1,STX
2015-01-31,SYMC,1,NLOK
2015-01-31,TRIP,1,TRIP
2015-01-31,TSCO,1,TSCO
2015-01-31,TSLA,1,TSLA
2015-01-31,TXN,1,TXN
2015-01-31,VIAB,1,VIAB
2015-01-31,VIP,1,VIP
2015-01-31,VOD,1,VOD
2015-01-31,VRSK,1,VRSK
2015-01-31,VRTX,1,VRTX
2015-01-31,WDC,1,WDC
2015-01-31,WFM,1,WFM
2015-01-31,WYNN,1,WYNN
2015-01-31,XLNX,1,XLNX
2015-01-31,YHOO,1,YHOO
2015-02-28,AAL,1,AAL
2015-02-28,AAPL,1,AAPL
2015-02-28,ADBE,1,ADBE
2015-02-28,ADI,1,ADI
2015-02-28,ADP,1,ADP
2015-02-28,ADSK,1,ADSK
2015-02-28,AKAM,1,AKAM
2015-02-28,ALTR,1,ALTR
2015-02-28,ALXN,1,ALXN
2015-02-28,AMAT,1,AMAT
2015-02-28,AMGN,1,AMGN
2015-02-28,AMZN,1,AMZN
2015-02-28,ATVI,1,ATVI
2015-02-28,AVGO,1,AVGO
2015-02-28,BBBY,1,BBBY
2015-02-28,BIDU,1,BIDU
2015-02-28,BIIB,1,BIIB
2015-02-28,BRCM,1,BRCM
2015-02-28,CA,1,CA
2015-02-28,CELG,1,CELG
2015-02-28,CERN,1,CERN
2015-02-28,CHKP,1,CHKP
2015-02-28,CHRW,1,CHRW
2015-02-28,CHTR,1,CHTR
2015-02-28,CMCSA,1,CMCSA
2015-02-28,COST,1,COST
2015-02-28,CSCO,1,CSCO
2015-02-28,CTRX,1,CTRX
2015-02-28,CTSH,1,CTSH
2015-02-28,CTXS,1,CTXS
2015-02-28,DISCA,1,DISCA
2015-02-28,DISH,1,DISH
2015-02-28,DLTR,1,DLTR
2015-02-28,DTV,1,DTV
2015-02-28,EA,1,EA
2015-02-28,EBAY,1,EBAY
2015-02-28,EQIX,1,EQIX
2015-02-28,ESRX,1,ESRX
2015-02-28,EXPD,1,EXPD
2015-02-28,FAST,1,FAST
2015-02-28,FB,1,META
2015-02-28,FISV,1,FISV
2015-02-28,FOXA,1,FOXA
2015-02-28,GILD,1,GILD
2015-02-28,GMCR,1,GMCR
2015-02-28,GOOGL,1,GOOGL
2015-02-28,GRMN,1,GRMN
2015-02-28,HSIC,1,HSIC
2015-02-28,ILMN,1,ILMN
2015-02-28,INTC,1,INTC
2015-02-28,INTU,1,INTU
2015-02-28,ISRG,1,ISRG
2015-02-28,KLAC,1,KLAC
2015-02-28,KRFT,1,KHC
2015-02-28,LBTYA,1,LBTYA
2015-02-28,LLTC,1,LLTC
2015-02-28,LMCA,1,STRZA
2015-02-28,LRCX,1,LRCX
2015-02-28,MAR,1,MAR
2015-02-28,MAT,1,MAT
2015-02-28,MDLZ,1,MDLZ
2015-02-28,MNST,1,MNST
2015-02-28,MSFT,1,MSFT
2015-02-28,MU,1,MU
2015-02-28,MYL,1,MYL
2015-02-28,NFLX,1,NFLX
2015-02-28,NTAP,1,NTAP
2015-02-28,NVDA,1,NVDA
2015-02-28,NXPI,1,NXPI
2015-02-28,ORLY,1,ORLY
2015-02-28,PAYX,1,PAYX
2015-02-28,PCAR,1,PCAR
2015-02-28,PCLN,1,BKNG
2015-02-28,QCOM,1,QCOM
2015-02-28,QRTEA,1,QRTEA
2015-02-28,REGN,1,REGN
2015-02-28,ROST,1,ROST
2015-02-28,SBAC,1,SBAC
2015-02-28,SBUX,1,SBUX
2015-02-28,SIAL,1,SIAL
2015-02-28,SIRI,1,SIRI
2015-02-28,SNDK,1,SNDK
2015-02-28,SPLS,1,SPLS
2015-02-28,SRCL,1,SRCL
2015-02-28,STX,1,STX
2015-02-28,SYMC,1,NLOK
2015-02-28,TRIP,1,TRIP
2015-02-28,TSCO,1,TSCO
2015-02-28,TSLA,1,TSLA
2015-02-28,TXN,1,TXN
2015-02-28,VIAB,1,VIAB
2015-02-28,VIP,1,VIP
2015-02-28,VOD,1,VOD
2015-02-28,VRSK,1,VRSK
2015-02-28,VRTX,1,VRTX
2015-02-28,WDC,1,WDC
2015-02-28,WFM,1,WFM
2015-02-28,WYNN,1,WYNN
2015-02-28,XLNX,1,XLNX
2015-02-28,YHOO,1,YHOO
2015-03-31,AAL,1,AAL
2015-03-31,AAPL,1,AAPL
2015-03-31,ADBE,1,ADBE
2015-03-31,ADI,1,ADI
2015-03-31,ADP,1,ADP
2015-03-31,ADSK,1,ADSK
2015-03-31,AKAM,1,AKAM
2015-03-31,ALTR,1,ALTR
2015-03-31,ALXN,1,ALXN
2015-03-31,AMAT,1,AMAT
2015-03-31,AMGN,1,AMGN
2015-03-31,AMZN,1,AMZN
2015-03-31,ATVI,1,ATVI
2015-03-31,AVGO,1,AVGO
2015-03-31,BBBY,1,BBBY
2015-03-31,BIDU,1,BIDU
2015-03-31,BIIB,1,BIIB
2015-03-31,BRCM,1,BRCM
2015-03-31,CA,1,CA
2015-03-31,CELG,1,CELG
2015-03-31,CERN,1,CERN
2015-03-31,CHKP,1,CHKP
2015-03-31,CHRW,1,CHRW
2015-03-31,CHTR,1,CHTR
2015-03-31,CMCSA,1,CMCSA
2015-03-31,COST,1,COST
2015-03-31,CSCO,1,CSCO
2015-03-31,CTRX,1,CTRX
2015-03-31,CTSH,1,CTSH
2015-03-31,CTXS,1,CTXS
2015-03-31,DISCA,1,DISCA
2015-03-31,DISH,1,DISH
2015-03-31,DLTR,1,DLTR
2015-03-31,DTV,1,DTV
2015-03-31,EA,1,EA
2015-03-31,EBAY,1,EBAY
2015-03-31,ESRX,1,ESRX
2015-03-31,EXPD,1,EXPD
2015-03-31,FAST,1,FAST
2015-03-31,FB,1,META
2015-03-31,FISV,1,FISV
2015-03-31,FOXA,1,FOXA
2015-03-31,GILD,1,GILD
2015-03-31,GMCR,1,GMCR
2015-03-31,GOOGL,1,GOOGL
2015-03-31,GRMN,1,GRMN
2015-03-31,HSIC,1,HSIC
2015-03-31,ILMN,1,ILMN
2015-03-31,INTC,1,INTC
2015-03-31,INTU,1,INTU
2015-03-31,ISRG,1,ISRG
2015-03-31,KLAC,1,KLAC
2015-03-31,KRFT,1,KHC
2015-03-31,LBTYA,1,LBTYA
2015-03-31,LLTC,1,LLTC
2015-03-31,LMCA,1,STRZA
2015-03-31,LRCX,1,LRCX
2015-03-31,MAR,1,MAR
2015-03-31,MAT,1,MAT
2015-03-31,MDLZ,1,MDLZ
2015-03-31,MNST,1,MNST
2015-03-31,MSFT,1,MSFT
2015-03-31,MU,1,MU
2015-03-31,MYL,1,MYL
2015-03-31,NFLX,1,NFLX
2015-03-31,NTAP,1,NTAP
2015-03-31,NVDA,1,NVDA
2015-03-31,NXPI,1,NXPI
2015-03-31,ORLY,1,ORLY
2015-03-31,PAYX,1,PAYX
2015-03-31,PCAR,1,PCAR
2015-03-31,PCLN,1,BKNG
2015-03-31,QCOM,1,QCOM
2015-03-31,QRTEA,1,QRTEA
2015-03-31,REGN,1,REGN
2015-03-31,ROST,1,ROST
2015-03-31,SBAC,1,SBAC
2015-03-31,SBUX,1,SBUX
2015-03-31,SIAL,1,SIAL
2015-03-31,SIRI,1,SIRI
2015-03-31,SNDK,1,SNDK
2015-03-31,SPLS,1,SPLS
2015-03-31,SRCL,1,SRCL
2015-03-31,STX,1,STX
2015-03-31,SYMC,1,NLOK
2015-03-31,TRIP,1,TRIP
2015-03-31,TSCO,1,TSCO
2015-03-31,TSLA,1,TSLA
2015-03-31,TXN,1,TXN
2015-03-31,VIAB,1,VIAB
2015-03-31,VIP,1,VIP
2015-03-31,VOD,1,VOD
2015-03-31,VRSK,1,VRSK
2015-03-31,VRTX,1,VRTX
2015-03-31,WBA,1,WBA
2015-03-31,WDC,1,WDC
2015-03-31,WFM,1,WFM
2015-03-31,WYNN,1,WYNN
2015-03-31,XLNX,1,XLNX
2015-03-31,YHOO,1,YHOO
2015-04-30,AAL,1,AAL
2015-04-30,AAPL,1,AAPL
2015-04-30,ADBE,1,ADBE
2015-04-30,ADI,1,ADI
2015-04-30,ADP,1,ADP
2015-04-30,ADSK,1,ADSK
2015-04-30,AKAM,1,AKAM
2015-04-30,ALTR,1,ALTR
2015-04-30,ALXN,1,ALXN
2015-04-30,AMAT,1,AMAT
2015-04-30,AMGN,1,AMGN
2015-04-30,AMZN,1,AMZN
2015-04-30,ATVI,1,ATVI
2015-04-30,AVGO,1,AVGO
2015-04-30,BBBY,1,BBBY
2015-04-30,BIDU,1,BIDU
2015-04-30,BIIB,1,BIIB
2015-04-30,BRCM,1,BRCM
2015-04-30,CA,1,CA
2015-04-30,CELG,1,CELG
2015-04-30,CERN,1,CERN
2015-04-30,CHKP,1,CHKP
2015-04-30,CHRW,1,CHRW
2015-04-30,CHTR,1,CHTR
2015-04-30,CMCSA,1,CMCSA
2015-04-30,COST,1,COST
2015-04-30,CSCO,1,CSCO
2015-04-30,CTRX,1,CTRX
2015-04-30,CTSH,1,CTSH
2015-04-30,CTXS,1,CTXS
2015-04-30,DISCA,1,DISCA
2015-04-30,DISH,1,DISH
2015-04-30,DLTR,1,DLTR
2015-04-30,DTV,1,DTV
2015-04-30,EA,1,EA
2015-04-30,EBAY,1,EBAY
2015-04-30,ESRX,1,ESRX
2015-04-30,EXPD,1,EXPD
2015-04-30,FAST,1,FAST
2015-04-30,FB,1,META
2015-04-30,FISV,1,FISV
2015-04-30,FOXA,1,FOXA
2015-04-30,GILD,1,GILD
2015-04-30,GMCR,1,GMCR
2015-04-30,GOOGL,1,GOOGL
2015-04-30,GRMN,1,GRMN
2015-04-30,HSIC,1,HSIC
2015-04-30,ILMN,1,ILMN
2015-04-30,INTC,1,INTC
2015-04-30,INTU,1,INTU
2015-04-30,ISRG,1,ISRG
2015-04-30,KLAC,1,KLAC
2015-04-30,KRFT,1,KHC
2015-04-30,LBTYA,1,LBTYA
2015-04-30,LLTC,1,LLTC
2015-04-30,LMCA,1,STRZA
2015-04-30,LRCX,1,LRCX
2015-04-30,MAR,1,MAR
2015-04-30,MAT,1,MAT
2015-04-30,MDLZ,1,MDLZ
2015-04-30,MNST,1,MNST
2015-04-30,MSFT,1,MSFT
2015-04-30,MU,1,MU
2015-04-30,MYL,1,MYL
2015-04-30,NFLX,1,NFLX
2015-04-30,NTAP,1,NTAP
2015-04-30,NVDA,1,NVDA
2015-04-30,NXPI,1,NXPI
2015-04-30,ORLY,1,ORLY
2015-04-30,PAYX,1,PAYX
2015-04-30,PCAR,1,PCAR
2015-04-30,PCLN,1,BKNG
2015-04-30,QCOM,1,QCOM
2015-04-30,QRTEA,1,QRTEA
2015-04-30,REGN,1,REGN
2015-04-30,ROST,1,ROST
2015-04-30,SBAC,1,SBAC
2015-04-30,SBUX,1,SBUX
2015-04-30,SIAL,1,SIAL
2015-04-30,SIRI,1,SIRI
2015-04-30,SNDK,1,SNDK
2015-04-30,SPLS,1,SPLS
2015-04-30,SRCL,1,SRCL
2015-04-30,STX,1,STX
2015-04-30,SYMC,1,NLOK
2015-04-30,TRIP,1,TRIP
2015-04-30,TSCO,1,TSCO
2015-04-30,TSLA,1,TSLA
2015-04-30,TXN,1,TXN
2015-04-30,VIAB,1,VIAB
2015-04-30,VIP,1,VIP
2015-04-30,VOD,1,VOD
2015-04-30,VRSK,1,VRSK
2015-04-30,VRTX,1,VRTX
2015-04-30,WBA,1,WBA
2015-04-30,WDC,1,WDC
2015-04-30,WFM,1,WFM
2015-04-30,WYNN,1,WYNN
2015-04-30,XLNX,1,XLNX
2015-04-30,YHOO,1,YHOO
2015-05-31,AAL,1,AAL
2015-05-31,AAPL,1,AAPL
2015-05-31,ADBE,1,ADBE
2015-05-31,ADI,1,ADI
2015-05-31,ADP,1,ADP
2015-05-31,ADSK,1,ADSK
2015-05-31,AKAM,1,AKAM
2015-05-31,ALTR,1,ALTR
2015-05-31,ALXN,1,ALXN
2015-05-31,AMAT,1,AMAT
2015-05-31,AMGN,1,AMGN
2015-05-31,AMZN,1,AMZN
2015-05-31,ATVI,1,ATVI
2015-05-31,AVGO,1,AVGO
2015-05-31,BBBY,1,BBBY
2015-05-31,BIDU,1,BIDU
2015-05-31,BIIB,1,BIIB
2015-05-31,BRCM,1,BRCM
2015-05-31,CA,1,CA
2015-05-31,CELG,1,CELG
2015-05-31,CERN,1,CERN
2015-05-31,CHKP,1,CHKP
2015-05-31,CHRW,1,CHRW
2015-05-31,CHTR,1,CHTR
2015-05-31,CMCSA,1,CMCSA
2015-05-31,COST,1,COST
2015-05-31,CSCO,1,CSCO
2015-05-31,CTRX,1,CTRX
2015-05-31,CTSH,1,CTSH
2015-05-31,CTXS,1,CTXS
2015-05-31,DISCA,1,DISCA
2015-05-31,DISH,1,DISH
2015-05-31,DLTR,1,DLTR
2015-05-31,DTV,1,DTV
2015-05-31,EA,1,EA
2015-05-31,EBAY,1,EBAY
2015-05-31,ESRX,1,ESRX
2015-05-31,EXPD,1,EXPD
2015-05-31,FAST,1,FAST
2015-05-31,FB,1,META
2015-05-31,FISV,1,FISV
2015-05-31,FOXA,1,FOXA
2015-05-31,GILD,1,GILD
2015-05-31,GMCR,1,GMCR
2015-05-31,GOOGL,1,GOOGL
2015-05-31,GRMN,1,GRMN
2015-05-31,HSIC,1,HSIC
2015-05-31,ILMN,1,ILMN
2015-05-31,INTC,1,INTC
2015-05-31,INTU,1,INTU
2015-05-31,ISRG,1,ISRG
2015-05-31,KLAC,1,KLAC
2015-05-31,KRFT,1,KHC
2015-05-31,LBTYA,1,LBTYA
2015-05-31,LLTC,1,LLTC
2015-05-31,LMCA,1,STRZA
2015-05-31,LRCX,1,LRCX
2015-05-31,MAR,1,MAR
2015-05-31,MAT,1,MAT
2015-05-31,MDLZ,1,MDLZ
2015-05-31,MNST,1,MNST
2015-05-31,MSFT,1,MSFT
2015-05-31,MU,1,MU
2015-05-31,MYL,1,MYL
2015-05-31,NFLX,1,NFLX
2015-05-31,NTAP,1,NTAP
2015-05-31,NVDA,1,NVDA
2015-05-31,NXPI,1,NXPI
2015-05-31,ORLY,1,ORLY
2015-05-31,PAYX,1,PAYX
2015-05-31,PCAR,1,PCAR
2015-05-31,PCLN,1,BKNG
2015-05-31,QCOM,1,QCOM
2015-05-31,QRTEA,1,QRTEA
2015-05-31,REGN,1,REGN
2015-05-31,ROST,1,ROST
2015-05-31,SBAC,1,SBAC
2015-05-31,SBUX,1,SBUX
2015-05-31,SIAL,1,SIAL
2015-05-31,SIRI,1,SIRI
2015-05-31,SNDK,1,SNDK
2015-05-31,SPLS,1,SPLS
2015-05-31,SRCL,1,SRCL
2015-05-31,STX,1,STX
2015-05-31,SYMC,1,NLOK
2015-05-31,TRIP,1,TRIP
2015-05-31,TSCO,1,TSCO
2015-05-31,TSLA,1,TSLA
2015-05-31,TXN,1,TXN
2015-05-31,VIAB,1,VIAB
2015-05-31,VIP,1,VIP
2015-05-31,VOD,1,VOD
2015-05-31,VRSK,1,VRSK
2015-05-31,VRTX,1,VRTX
2015-05-31,WBA,1,WBA
2015-05-31,WDC,1,WDC
2015-05-31,WFM,1,WFM
2015-05-31,WYNN,1,WYNN
2015-05-31,XLNX,1,XLNX
2015-05-31,YHOO,1,YHOO
2015-06-30,AAL,1,AAL
2015-06-30,AAPL,1,AAPL
2015-06-30,ADBE,1,ADBE
2015-06-30,ADI,1,ADI
2015-06-30,ADP,1,ADP
2015-06-30,ADSK,1,ADSK
2015-06-30,AKAM,1,AKAM
2015-06-30,ALTR,1,ALTR
2015-06-30,ALXN,1,ALXN
2015-06-30,AMAT,1,AMAT
2015-06-30,AMGN,1,AMGN
2015-06-30,AMZN,1,AMZN
2015-06-30,ATVI,1,ATVI
2015-06-30,AVGO,1,AVGO
2015-06-30,BBBY,1,BBBY
2015-06-30,BIDU,1,BIDU
2015-06-30,BIIB,1,BIIB
2015-06-30,BRCM,1,BRCM
2015-06-30,CA,1,CA
2015-06-30,CELG,1,CELG
2015-06-30,CERN,1,CERN
2015-06-30,CHKP,1,CHKP
2015-06-30,CHRW,1,CHRW
2015-06-30,CHTR,1,CHTR
2015-06-30,CMCSA,1,CMCSA
2015-06-30,COST,1,COST
2015-06-30,CSCO,1,CSCO
2015-06-30,CTRX,1,CTRX
2015-06-30,CTSH,1,CTSH
2015-06-30,CTXS,1,CTXS
2015-06-30,DISCA,1,DISCA
2015-06-30,DISH,1,DISH
2015-06-30,DLTR,1,DLTR
2015-06-30,DTV,1,DTV
2015-06-30,EA,1,EA
2015-06-30,EBAY,1,EBAY
2015-06-30,ESRX,1,ESRX
2015-06-30,EXPD,1,EXPD
2015-06-30,FAST,1,FAST
2015-06-30,FB,1,META
2015-06-30,FISV,1,FISV
2015-06-30,FOXA,1,FOXA
2015-06-30,GILD,1,GILD
2015-06-30,GMCR,1,GMCR
2015-06-30,GOOGL,1,GOOGL
2015-06-30,GRMN,1,GRMN
2015-06-30,HSIC,1,HSIC
2015-06-30,ILMN,1,ILMN
2015-06-30,INTC,1,INTC
2015-06-30,INTU,1,INTU
2015-06-30,ISRG,1,ISRG
2015-06-30,KLAC,1,KLAC
2015-06-30,KRFT,1,KHC
2015-06-30,LBTYA,1,LBTYA
2015-06-30,LLTC,1,LLTC
2015-06-30,LMCA,1,STRZA
2015-06-30,LRCX,1,LRCX
2015-06-30,MAR,1,MAR
2015-06-30,MAT,1,MAT
2015-06-30,MDLZ,1,MDLZ
2015-06-30,MNST,1,MNST
2015-06-30,MSFT,1,MSFT
2015-06-30,MU,1,MU
2015-06-30,MYL,1,MYL
2015-06-30,NFLX,1,NFLX
2015-06-30,NTAP,1,NTAP
2015-06-30,NVDA,1,NVDA
2015-06-30,NXPI,1,NXPI
2015-06-30,ORLY,1,ORLY
2015-06-30,PAYX,1,PAYX
2015-06-30,PCAR,1,PCAR
2015-06-30,PCLN,1,BKNG
2015-06-30,QCOM,1,QCOM
2015-06-30,QRTEA,1,QRTEA
2015-06-30,REGN,1,REGN
2015-06-30,ROST,1,ROST
2015-06-30,SBAC,1,SBAC
2015-06-30,SBUX,1,SBUX
2015-06-30,SIAL,1,SIAL
2015-06-30,SIRI,1,SIRI
2015-06-30,SNDK,1,SNDK
2015-06-30,SPLS,1,SPLS
2015-06-30,SRCL,1,SRCL
2015-06-30,STX,1,STX
2015-06-30,SYMC,1,NLOK
2015-06-30,TRIP,1,TRIP
2015-06-30,TSCO,1,TSCO
2015-06-30,TSLA,1,TSLA
2015-06-30,TXN,1,TXN
2015-06-30,VIAB,1,VIAB
2015-06-30,VIP,1,VIP
2015-06-30,VOD,1,VOD
2015-06-30,VRSK,1,VRSK
2015-06-30,VRTX,1,VRTX
2015-06-30,WBA,1,WBA
2015-06-30,WDC,1,WDC
2015-06-30,WFM,1,WFM
2015-06-30,WYNN,1,WYNN
2015-06-30,XLNX,1,XLNX
2015-06-30,YHOO,1,YHOO
2015-07-31,AAL,1,AAL
2015-07-31,AAPL,1,AAPL
2015-07-31,ADBE,1,ADBE
2015-07-31,ADI,1,ADI
2015-07-31,ADP,1,ADP
2015-07-31,ADSK,1,ADSK
2015-07-31,AKAM,1,AKAM
2015-07-31,ALTR,1,ALTR
2015-07-31,ALXN,1,ALXN
2015-07-31,AMAT,1,AMAT
2015-07-31,AMGN,1,AMGN
2015-07-31,AMZN,1,AMZN
2015-07-31,ATVI,1,ATVI
2015-07-31,AVGO,1,AVGO
2015-07-31,BBBY,1,BBBY
2015-07-31,BIDU,1,BIDU
2015-07-31,BIIB,1,BIIB
2015-07-31,BMRN,1,BMRN
2015-07-31,BRCM,1,BRCM
2015-07-31,CA,1,CA
2015-07-31,CELG,1,CELG
2015-07-31,CERN,1,CERN
2015-07-31,CHKP,1,CHKP
2015-07-31,CHRW,1,CHRW
2015-07-31,CHTR,1,CHTR
2015-07-31,CMCSA,1,CMCSA
2015-07-31,COST,1,COST
2015-07-31,CSCO,1,CSCO
2015-07-31,CTSH,1,CTSH
2015-07-31,CTXS,1,CTXS
2015-07-31,DISCA,1,DISCA
2015-07-31,DISH,1,DISH
2015-07-31,DLTR,1,DLTR
2015-07-31,EA,1,EA
2015-07-31,EBAY,1,EBAY
2015-07-31,ESRX,1,ESRX
2015-07-31,EXPD,1,EXPD
2015-07-31,FAST,1,FAST
2015-07-31,FB,1,META
2015-07-31,FISV,1,FISV
2015-07-31,FOXA,1,FOXA
2015-07-31,GILD,1,GILD
2015-07-31,GMCR,1,GMCR
2015-07-31,GOOGL,1,GOOGL
2015-07-31,GRMN,1,GRMN
2015-07-31,HSIC,1,HSIC
2015-07-31,ILMN,1,ILMN
2015-07-31,INTC,1,INTC
2015-07-31,INTU,1,INTU
2015-07-31,ISRG,1,ISRG
2015-07-31,JD,1,JD
2015-07-31,KHC,1,KHC
2015-07-31,KLAC,1,KLAC
2015-07-31,LBTYA,1,LBTYA
2015-07-31,LLTC,1,LLTC
2015-07-31,LMCA,1,STRZA
2015-07-31,LRCX,1,LRCX
2015-07-31,MAR,1,MAR
2015-07-31,MAT,1,MAT
2015-07-31,MDLZ,1,MDLZ
2015-07-31,MNST,1,MNST
2015-07-31,MSFT,1,MSFT
2015-07-31,MU,1,MU
2015-07-31,MYL,1,MYL
2015-07-31,NFLX,1,NFLX
2015-07-31,NTAP,1,NTAP
2015-07-31,NVDA,1,NVDA
2015-07-31,NXPI,1,NXPI
2015-07-31,ORLY,1,ORLY
2015-07-31,PAYX,1,PAYX
2015-07-31,PCAR,1,PCAR
2015-07-31,PCLN,1,BKNG
2015-07-31,QCOM,1,QCOM
2015-07-31,QRTEA,1,QRTEA
2015-07-31,REGN,1,REGN
2015-07-31,ROST,1,ROST
2015-07-31,SBAC,1,SBAC
2015-07-31,SBUX,1,SBUX
2015-07-31,SIAL,1,SIAL
2015-07-31,SIRI,1,SIRI
2015-07-31,SNDK,1,SNDK
2015-07-31,SPLS,1,SPLS
2015-07-31,SRCL,1,SRCL
2015-07-31,STX,1,STX
2015-07-31,SYMC,1,NLOK
2015-07-31,TRIP,1,TRIP
2015-07-31,TSCO,1,TSCO
2015-07-31,TSLA,1,TSLA
2015-07-31,TXN,1,TXN
2015-07-31,VIAB,1,VIAB
2015-07-31,VIP,1,VIP
2015-07-31,VOD,1,VOD
2015-07-31,VRSK,1,VRSK
2015-07-31,VRTX,1,VRTX
2015-07-31,WBA,1,WBA
2015-07-31,WDC,1,WDC
2015-07-31,WFM,1,WFM
2015-07-31,WYNN,1,WYNN
2015-07-31,XLNX,1,XLNX
2015-07-31,YHOO,1,YHOO
2015-08-31,AAL,1,AAL
2015-08-31,AAPL,1,AAPL
2015-08-31,ADBE,1,ADBE
2015-08-31,ADI,1,ADI
2015-08-31,ADP,1,ADP
2015-08-31,ADSK,1,ADSK
2015-08-31,AKAM,1,AKAM
2015-08-31,ALTR,1,ALTR
2015-08-31,ALXN,1,ALXN
2015-08-31,AMAT,1,AMAT
2015-08-31,AMGN,1,AMGN
2015-08-31,AMZN,1,AMZN
2015-08-31,ATVI,1,ATVI
2015-08-31,AVGO,1,AVGO
2015-08-31,BBBY,1,BBBY
2015-08-31,BIDU,1,BIDU
2015-08-31,BIIB,1,BIIB
2015-08-31,BMRN,1,BMRN
2015-08-31,BRCM,1,BRCM
2015-08-31,CA,1,CA
2015-08-31,CELG,1,CELG
2015-08-31,CERN,1,CERN
2015-08-31,CHKP,1,CHKP
2015-08-31,CHRW,1,CHRW
2015-08-31,CHTR,1,CHTR
2015-08-31,CMCSA,1,CMCSA
2015-08-31,COST,1,COST
2015-08-31,CSCO,1,CSCO
2015-08-31,CTSH,1,CTSH
2015-08-31,CTXS,1,CTXS
2015-08-31,DISCA,1,DISCA
2015-08-31,DISH,1,DISH
2015-08-31,DLTR,1,DLTR
2015-08-31,EA,1,EA
2015-08-31,EBAY,1,EBAY
2015-08-31,ESRX,1,ESRX
2015-08-31,EXPD,1,EXPD
2015-08-31,FAST,1,FAST
2015-08-31,FB,1,META
2015-08-31,FISV,1,FISV
2015-08-31,FOXA,1,FOXA
2015-08-31,GILD,1,GILD
2015-08-31,GMCR,1,GMCR
2015-08-31,GOOGL,1,GOOGL
2015-08-31,GRMN,1,GRMN
2015-08-31,HSIC,1,HSIC
2015-08-31,ILMN,1,ILMN
2015-08-31,INTC,1,INTC
2015-08-31,INTU,1,INTU
2015-08-31,ISRG,1,ISRG
2015-08-31,JD,1,JD
2015-08-31,KHC,1,KHC
2015-08-31,KLAC,1,KLAC
2015-08-31,LBTYA,1,LBTYA
2015-08-31,LLTC,1,LLTC
2015-08-31,LMCA,1,STRZA
2015-08-31,LRCX,1,LRCX
2015-08-31,MAR,1,MAR
2015-08-31,MAT,1,MAT
2015-08-31,MDLZ,1,MDLZ
2015-08-31,MNST,1,MNST
2015-08-31,MSFT,1,MSFT
2015-08-31,MU,1,MU
2015-08-31,MYL,1,MYL
2015-08-31,NFLX,1,NFLX
2015-08-31,NTAP,1,NTAP
2015-08-31,NVDA,1,NVDA
2015-08-31,NXPI,1,NXPI
2015-08-31,ORLY,1,ORLY
2015-08-31,PAYX,1,PAYX
2015-08-31,PCAR,1,PCAR
2015-08-31,PCLN,1,BKNG
2015-08-31,QCOM,1,QCOM
2015-08-31,QRTEA,1,QRTEA
2015-08-31,REGN,1,REGN
2015-08-31,ROST,1,ROST
2015-08-31,SBAC,1,SBAC
2015-08-31,SBUX,1,SBUX
2015-08-31,SIRI,1,SIRI
2015-08-31,SNDK,1,SNDK
2015-08-31,SPLS,1,SPLS
2015-08-31,SRCL,1,SRCL
2015-08-31,STX,1,STX
2015-08-31,SWKS,1,SWKS
2015-08-31,SYMC,1,NLOK
2015-08-31,TRIP,1,TRIP
2015-08-31,TSCO,1,TSCO
2015-08-31,TSLA,1,TSLA
2015-08-31,TXN,1,TXN
2015-08-31,VIAB,1,VIAB
2015-08-31,VIP,1,VIP
2015-08-31,VOD,1,VOD
2015-08-31,VRSK,1,VRSK
2015-08-31,VRTX,1,VRTX
2015-08-31,WBA,1,WBA
2015-08-31,WDC,1,WDC
2015-08-31,WFM,1,WFM
2015-08-31,WYNN,1,WYNN
2015-08-31,XLNX,1,XLNX
2015-08-31,YHOO,1,YHOO
2015-09-30,AAL,1,AAL
2015-09-30,AAPL,1,AAPL
2015-09-30,ADBE,1,ADBE
2015-09-30,ADI,1,ADI
2015-09-30,ADP,1,ADP
2015-09-30,ADSK,1,ADSK
2015-09-30,AKAM,1,AKAM
2015-09-30,ALTR,1,ALTR
2015-09-30,ALXN,1,ALXN
2015-09-30,AMAT,1,AMAT
2015-09-30,AMGN,1,AMGN
2015-09-30,AMZN,1,AMZN
2015-09-30,ATVI,1,ATVI
2015-09-30,AVGO,1,AVGO
2015-09-30,BBBY,1,BBBY
2015-09-30,BIDU,1,BIDU
2015-09-30,BIIB,1,BIIB
2015-09-30,BMRN,1,BMRN
2015-09-30,BRCM,1,BRCM
2015-09-30,CA,1,CA
2015-09-30,CELG,1,CELG
2015-09-30,CERN,1,CERN
2015-09-30,CHKP,1,CHKP
2015-09-30,CHRW,1,CHRW
2015-09-30,CHTR,1,CHTR
2015-09-30,CMCSA,1,CMCSA
2015-09-30,COST,1,COST
2015-09-30,CSCO,1,CSCO
2015-09-30,CTSH,1,CTSH
2015-09-30,CTXS,1,CTXS
2015-09-30,DISCA,1,DISCA
2015-09-30,DISH,1,DISH
2015-09-30,DLTR,1,DLTR
2015-09-30,EA,1,EA
2015-09-30,EBAY,1,EBAY
2015-09-30,ESRX,1,ESRX
2015-09-30,EXPD,1,EXPD
2015-09-30,FAST,1,FAST
2015-09-30,FB,1,META
2015-09-30,FISV,1,FISV
2015-09-30,FOXA,1,FOXA
2015-09-30,GILD,1,GILD
2015-09-30,GMCR,1,GMCR
2015-09-30,GOOGL,1,GOOGL
2015-09-30,GRMN,1,GRMN
2015-09-30,HSIC,1,HSIC
2015-09-30,ILMN,1,ILMN
2015-09-30,INTC,1,INTC
2015-09-30,INTU,1,INTU
2015-09-30,ISRG,1,ISRG
2015-09-30,JD,1,JD
2015-09-30,KHC,1,KHC
2015-09-30,KLAC,1,KLAC
2015-09-30,LBTYA,1,LBTYA
2015-09-30,LLTC,1,LLTC
2015-09-30,LMCA,1,STRZA
2015-09-30,LRCX,1,LRCX
2015-09-30,MAR,1,MAR
2015-09-30,MAT,1,MAT
2015-09-30,MDLZ,1,MDLZ
2015-09-30,MNST,1,MNST
2015-09-30,MSFT,1,MSFT
2015-09-30,MU,1,MU
2015-09-30,MYL,1,MYL
2015-09-30,NFLX,1,NFLX
2015-09-30,NTAP,1,NTAP
2015-09-30,NVDA,1,NVDA
2015-09-30,NXPI,1,NXPI
2015-09-30,ORLY,1,ORLY
2015-09-30,PAYX,1,PAYX
2015-09-30,PCAR,1,PCAR
2015-09-30,PCLN,1,BKNG
2015-09-30,QCOM,1,QCOM
2015-09-30,QRTEA,1,QRTEA
2015-09-30,REGN,1,REGN
2015-09-30,ROST,1,ROST
2015-09-30,SBAC,1,SBAC
2015-09-30,SBUX,1,SBUX
2015-09-30,SIRI,1,SIRI
2015-09-30,SNDK,1,SNDK
2015-09-30,SPLS,1,SPLS
2015-09-30,SRCL,1,SRCL
2015-09-30,STX,1,STX
2015-09-30,SWKS,1,SWKS
2015-09-30,SYMC,1,NLOK
2015-09-30,TRIP,1,TRIP
2015-09-30,TSCO,1,TSCO
2015-09-30,TSLA,1,TSLA
2015-09-30,TXN,1,TXN
2015-09-30,VIAB,1,VIAB
2015-09-30,VIP,1,VIP
2015-09-30,VOD,1,VOD
2015-09-30,VRSK,1,VRSK
2015-09-30,VRTX,1,VRTX
2015-09-30,WBA,1,WBA
2015-09-30,WDC,1,WDC
2015-09-30,WFM,1,WFM
2015-09-30,WYNN,1,WYNN
2015-09-30,XLNX,1,XLNX
2015-09-30,YHOO,1,YHOO
2015-10-31,AAL,1,AAL
2015-10-31,AAPL,1,AAPL
2015-10-31,ADBE,1,ADBE
2015-10-31,ADI,1,ADI
2015-10-31,ADP,1,ADP
2015-10-31,ADSK,1,ADSK
2015-10-31,AKAM,1,AKAM
2015-10-31,ALXN,1,ALXN
2015-10-31,AMAT,1,AMAT
2015-10-31,AMGN,1,AMGN
2015-10-31,AMZN,1,AMZN
2015-10-31,ATVI,1,ATVI
2015-10-31,AVGO,1,AVGO
2015-10-31,BBBY,1,BBBY
2015-10-31,BIDU,1,BIDU
2015-10-31,BIIB,1,BIIB
2015-10-31,BMRN,1,BMRN
2015-10-31,BRCM,1,BRCM
2015-10-31,CA,1,CA
2015-10-31,CELG,1,CELG
2015-10-31,CERN,1,CERN
2015-10-31,CHKP,1,CHKP
2015-10-31,CHRW,1,CHRW
2015-10-31,CHTR,1,CHTR
2015-10-31,CMCSA,1,CMCSA
2015-10-31,COST,1,COST
2015-10-31,CSCO,1,CSCO
2015-10-31,CTSH,1,CTSH
2015-10-31,CTXS,1,CTXS
2015-10-31,DISCA,1,DISCA
2015-10-31,DISH,1,DISH
2015-10-31,DLTR,1,DLTR
2015-10-31,EA,1,EA
2015-10-31,EBAY,1,EBAY
2015-10-31,ESRX,1,ESRX
2015-10-31,EXPD,1,EXPD
2015-10-31,FAST,1,FAST
2015-10-31,FB,1,META
2015-10-31,FISV,1,FISV
2015-10-31,FOXA,1,FOXA
2015-10-31,GILD,1,GILD
2015-10-31,GMCR,1,GMCR
2015-10-31,GOOGL,1,GOOGL
2015-10-31,GRMN,1,GRMN
2015-10-31,HSIC,1,HSIC
2015-10-31,ILMN,1,ILMN
2015-10-31,INCY,1,INCY
2015-10-31,INTC,1,INTC
2015-10-31,INTU,1,INTU
2015-10-31,ISRG,1,ISRG
2015-10-31,JD,1,JD
2015-10-31,KHC,1,KHC
2015-10-31,KLAC,1,KLAC
2015-10-31,LBTYA,1,LBTYA
2015-10-31,LLTC,1,LLTC
2015-10-31,LMCA,1,STRZA
2015-10-31,LRCX,1,LRCX
2015-10-31,MAR,1,MAR
2015-10-31,MAT,1,MAT
2015-10-31,MDLZ,1,MDLZ
2015-10-31,MNST,1,MNST
2015-10-31,MSFT,1,MSFT
2015-10-31,MU,1,MU
2015-10-31,MYL,1,MYL
2015-10-31,NFLX,1,NFLX
2015-10-31,NTAP,1,NTAP
2015-10-31,NVDA,1,NVDA
2015-10-31,NXPI,1,NXPI
2015-10-31,ORLY,1,ORLY
2015-10-31,PAYX,1,PAYX
2015-10-31,PCAR,1,PCAR
2015-10-31,PCLN,1,BKNG
2015-10-31,QCOM,1,QCOM
2015-10-31,QRTEA,1,QRTEA
2015-10-31,REGN,1,REGN
2015-10-31,ROST,1,ROST
2015-10-31,SBAC,1,SBAC
2015-10-31,SBUX,1,SBUX
2015-10-31,SIRI,1,SIRI
2015-10-31,SNDK,1,SNDK
2015-10-31,SPLS,1,SPLS
2015-10-31,SRCL,1,SRCL
2015-10-31,STX,1,STX
2015-10-31,SWKS,1,SWKS
2015-10-31,SYMC,1,NLOK
2015-10-31,TRIP,1,TRIP
2015-10-31,TSCO,1,TSCO
2015-10-31,TSLA,1,TSLA
2015-10-31,TXN,1,TXN
2015-10-31,VIAB,1,VIAB
2015-10-31,VIP,1,VIP
2015-10-31,VOD,1,VOD
2015-10-31,VRSK,1,VRSK
2015-10-31,VRTX,1,VRTX
2015-10-31,WBA,1,WBA
2015-10-31,WDC,1,WDC
2015-10-31,WFM,1,WFM
2015-10-31,WYNN,1,WYNN
2015-10-31,XLNX,1,XLNX
2015-10-31,YHOO,1,YHOO
2015-11-30,AAL,1,AAL
2015-11-30,AAPL,1,AAPL
2015-11-30,ADBE,1,ADBE
2015-11-30,ADI,1,ADI
2015-11-30,ADP,1,ADP
2015-11-30,ADSK,1,ADSK
2015-11-30,AKAM,1,AKAM
2015-11-30,ALXN,1,ALXN
2015-11-30,AMAT,1,AMAT
2015-11-30,AMGN,1,AMGN
2015-11-30,AMZN,1,AMZN
2015-11-30,ATVI,1,ATVI
2015-11-30,AVGO,1,AVGO
2015-11-30,BBBY,1,BBBY
2015-11-30,BIDU,1,BIDU
2015-11-30,BIIB,1,BIIB
2015-11-30,BMRN,1,BMRN
2015-11-30,CA,1,CA
2015-11-30,CELG,1,CELG
2015-11-30,CERN,1,CERN
2015-11-30,CHKP,1,CHKP
2015-11-30,CHRW,1,CHRW
2015-11-30,CHTR,1,CHTR
2015-11-30,CMCSA,1,CMCSA
2015-11-30,COST,1,COST
2015-11-30,CSCO,1,CSCO
2015-11-30,CTSH,1,CTSH
2015-11-30,CTXS,1,CTXS
2015-11-30,DISCA,1,DISCA
2015-11-30,DISH,1,DISH
2015-11-30,DLTR,1,DLTR
2015-11-30,EA,1,EA
2015-11-30,EBAY,1,EBAY
2015-11-30,ESRX,1,ESRX
2015-11-30,EXPD,1,EXPD
2015-11-30,FAST,1,FAST
2015-11-30,FB,1,META
2015-11-30,FISV,1,FISV
2015-11-30,FOXA,1,FOXA
2015-11-30,GILD,1,GILD
2015-11-30,GMCR,1,GMCR
2015-11-30,GOOGL,1,GOOGL
2015-11-30,GRMN,1,GRMN
2015-11-30,HSIC,1,HSIC
2015-11-30,ILMN,1,ILMN
2015-11-30,INCY,1,INCY
2015-11-30,INTC,1,INTC
2015-11-30,INTU,1,INTU
2015-11-30,ISRG,1,ISRG
2015-11-30,JD,1,JD
2015-11-30,KHC,1,KHC
2015-11-30,KLAC,1,KLAC
2015-11-30,LBTYA,1,LBTYA
2015-11-30,LLTC,1,LLTC
2015-11-30,LMCA,1,STRZA
2015-11-30,LRCX,1,LRCX
2015-11-30,MAR,1,MAR
2015-11-30,MAT,1,MAT
2015-11-30,MDLZ,1,MDLZ
2015-11-30,MNST,1,MNST
2015-11-30,MSFT,1,MSFT
2015-11-30,MU,1,MU
2015-11-30,MYL,1,MYL
2015-11-30,NFLX,1,NFLX
2015-11-30,NTAP,1,NTAP
2015-11-30,NVDA,1,NVDA
2015-11-30,NXPI,1,NXPI
2015-11-30,ORLY,1,ORLY
2015-11-30,PAYX,1,PAYX
2015-11-30,PCAR,1,PCAR
2015-11-30,PCLN,1,BKNG
2015-11-30,PYPL,1,PYPL
2015-11-30,QCOM,1,QCOM
2015-11-30,QRTEA,1,QRTEA
2015-11-30,REGN,1,REGN
2015-11-30,ROST,1,ROST
2015-11-30,SBAC,1,SBAC
2015-11-30,SBUX,1,SBUX
2015-11-30,SIRI,1,SIRI
2015-11-30,SNDK,1,SNDK
2015-11-30,SPLS,1,SPLS
2015-11-30,SRCL,1,SRCL
2015-11-30,STX,1,STX
2015-11-30,SWKS,1,SWKS
2015-11-30,SYMC,1,NLOK
2015-11-30,TRIP,1,TRIP
2015-11-30,TSCO,1,TSCO
2015-11-30,TSLA,1,TSLA
2015-11-30,TXN,1,TXN
2015-11-30,VIAB,1,VIAB
2015-11-30,VIP,1,VIP
2015-11-30,VOD,1,VOD
2015-11-30,VRSK,1,VRSK
2015-11-30,VRTX,1,VRTX
2015-11-30,WBA,1,WBA
2015-11-30,WDC,1,WDC
2015-11-30,WFM,1,WFM
2015-11-30,WYNN,1,WYNN
2015-11-30,XLNX,1,XLNX
2015-11-30,YHOO,1,YHOO
2015-12-31,AAL,1,AAL
2015-12-31,AAPL,1,AAPL
2015-12-31,ADBE,1,ADBE
2015-12-31,ADI,1,ADI
2015-12-31,ADP,1,ADP
2015-12-31,ADSK,1,ADSK
2015-12-31,AKAM,1,AKAM
2015-12-31,ALXN,1,ALXN
2015-12-31,AMAT,1,AMAT
2015-12-31,AMGN,1,AMGN
2015-12-31,AMZN,1,AMZN
2015-12-31,ATVI,1,ATVI
2015-12-31,AVGO,1,AVGO
2015-12-31,BBBY,1,BBBY
2015-12-31,BIDU,1,BIDU
2015-12-31,BIIB,1,BIIB
2015-12-31,BMRN,1,BMRN
2015-12-31,CA,1,CA
2015-12-31,CELG,1,CELG
2015-12-31,CERN,1,CERN
2015-12-31,CHKP,1,CHKP
2015-12-31,CHTR,1,CHTR
2015-12-31,CMCSA,1,CMCSA
2015-12-31,COST,1,COST
2015-12-31,CSCO,1,CSCO
2015-12-31,CTRP,1,TCOM
2015-12-31,CTSH,1,CTSH
2015-12-31,CTXS,1,CTXS
2015-12-31,DISCA,1,DISCA
2015-12-31,DISH,1,DISH
2015-12-31,DLTR,1,DLTR
2015-12-31,EA,1,EA
2015-12-31,EBAY,1,EBAY
2015-12-31,ENDP,1,ENDP
2015-12-31,ESRX,1,ESRX
2015-12-31,EXPE,1,EXPE
2015-12-31,FAST,1,FAST
2015-12-31,FB,1,META
2015-12-31,FISV,1,FISV
2015-12-31,FOXA,1,FOXA
2015-12-31,GILD,1,GILD
2015-12-31,GOOGL,1,GOOGL
2015-12-31,HSIC,1,HSIC
2015-12-31,ILMN,1,ILMN
2015-12-31,INCY,1,INCY
2015-12-31,INTC,1,INTC
2015-12-31,INTU,1,INTU
2015-12-31,ISRG,1,ISRG
2015-12-31,JD,1,JD
2015-12-31,KHC,1,KHC
2015-12-31,KLAC,1,KLAC
2015-12-31,LBTYA,1,LBTYA
2015-12-31,LLTC,1,LLTC
2015-12-31,LMCA,1,STRZA
2015-12-31,LRCX,1,LRCX
2015-12-31,MAR,1,MAR
2015-12-31,MAT,1,MAT
2015-12-31,MDLZ,1,MDLZ
2015-12-31,MNST,1,MNST
2015-12-31,MSFT,1,MSFT
2015-12-31,MU,1,MU
2015-12-31,MXIM,1,MXIM
2015-12-31,MYL,1,MYL
2015-12-31,NCLH,1,NCLH
2015-12-31,NFLX,1,NFLX
2015-12-31,NTAP,1,NTAP
2015-12-31,NVDA,1,NVDA
2015-12-31,NXPI,1,NXPI
2015-12-31,ORLY,1,ORLY
2015-12-31,PAYX,1,PAYX
2015-12-31,PCAR,1,PCAR
2015-12-31,PCLN,1,BKNG
2015-12-31,PYPL,1,PYPL
2015-12-31,QCOM,1,QCOM
2015-12-31,QRTEA,1,QRTEA
2015-12-31,REGN,1,REGN
2015-12-31,ROST,1,ROST
2015-12-31,SBAC,1,SBAC
2015-12-31,SBUX,1,SBUX
2015-12-31,SIRI,1,SIRI
2015-12-31,SNDK,1,SNDK
2015-12-31,SRCL,1,SRCL
2015-12-31,STX,1,STX
2015-12-31,SWKS,1,SWKS
2015-12-31,SYMC,1,NLOK
2015-12-31,TMUS,1,TMUS
2015-12-31,TRIP,1,TRIP
2015-12-31,TSCO,1,TSCO
2015-12-31,TSLA,1,TSLA
2015-12-31,TXN,1,TXN
2015-12-31,ULTA,1,ULTA
2015-12-31,VIAB,1,VIAB
2015-12-31,VOD,1,VOD
2015-12-31,VRSK,1,VRSK
2015-12-31,VRTX,1,VRTX
2015-12-31,WBA,1,WBA
2015-12-31,WDC,1,WDC
2015-12-31,WFM,1,WFM
2015-12-31,XLNX,1,XLNX
2015-12-31,YHOO,1,YHOO
2016-01-31,AAL,1,AAL
2016-01-31,AAPL,1,AAPL
2016-01-31,ADBE,1,ADBE
2016-01-31,ADI,1,ADI
2016-01-31,ADP,1,ADP
2016-01-31,ADSK,1,ADSK
2016-01-31,AKAM,1,AKAM
2016-01-31,ALXN,1,ALXN
2016-01-31,AMAT,1,AMAT
2016-01-31,AMGN,1,AMGN
2016-01-31,AMZN,1,AMZN
2016-01-31,ATVI,1,ATVI
2016-01-31,AVGO,1,AVGO
2016-01-31,BBBY,1,BBBY
2016-01-31,BIDU,1,BIDU
2016-01-31,BIIB,1,BIIB
2016-01-31,BMRN,1,BMRN
2016-01-31,CA,1,CA
2016-01-31,CELG,1,CELG
2016-01-31,CERN,1,CERN
2016-01-31,CHKP,1,CHKP
2016-01-31,CHTR,1,CHTR
2016-01-31,CMCSA,1,CMCSA
2016-01-31,COST,1,COST
2016-01-31,CSCO,1,CSCO
2016-01-31,CTRP,1,TCOM
2016-01-31,CTSH,1,CTSH
2016-01-31,CTXS,1,CTXS
2016-01-31,DISCA,1,DISCA
2016-01-31,DISH,1,DISH
2016-01-31,DLTR,1,DLTR
2016-01-31,EA,1,EA
2016-01-31,EBAY,1,EBAY
2016-01-31,ENDP,1,ENDP
2016-01-31,ESRX,1,ESRX
2016-01-31,EXPE,1,EXPE
2016-01-31,FAST,1,FAST
2016-01-31,FB,1,META
2016-01-31,FISV,1,FISV
2016-01-31,FOXA,1,FOXA
2016-01-31,GILD,1,GILD
2016-01-31,GOOGL,1,GOOGL
2016-01-31,HSIC,1,HSIC
2016-01-31,ILMN,1,ILMN
2016-01-31,INCY,1,INCY
2016-01-31,INTC,1,INTC
2016-01-31,INTU,1,INTU
2016-01-31,ISRG,1,ISRG
2016-01-31,JD,1,JD
2016-01-31,KHC,1,KHC
2016-01-31,KLAC,1,KLAC
2016-01-31,LBTYA,1,LBTYA
2016-01-31,LLTC,1,LLTC
2016-01-31,LMCA,1,STRZA
2016-01-31,LRCX,1,LRCX
2016-01-31,MAR,1,MAR
2016-01-31,MAT,1,MAT
2016-01-31,MDLZ,1,MDLZ
2016-01-31,MNST,1,MNST
2016-01-31,MSFT,1,MSFT
2016-01-31,MU,1,MU
2016-01-31,MXIM,1,MXIM
2016-01-31,MYL,1,MYL
2016-01-31,NCLH,1,NCLH
2016-01-31,NFLX,1,NFLX
2016-01-31,NTAP,1,NTAP
2016-01-31,NVDA,1,NVDA
2016-01-31,NXPI,1,NXPI
2016-01-31,ORLY,1,ORLY
2016-01-31,PAYX,1,PAYX
2016-01-31,PCAR,1,PCAR
2016-01-31,PCLN,1,BKNG
2016-01-31,PYPL,1,PYPL
2016-01-31,QCOM,1,QCOM
2016-01-31,QRTEA,1,QRTEA
2016-01-31,REGN,1,REGN
2016-01-31,ROST,1,ROST
2016-01-31,SBAC,1,SBAC
2016-01-31,SBUX,1,SBUX
2016-01-31,SIRI,1,SIRI
2016-01-31,SNDK,1,SNDK
2016-01-31,SRCL,1,SRCL
2016-01-31,STX,1,STX
2016-01-31,SWKS,1,SWKS
2016-01-31,SYMC,1,NLOK
2016-01-31,TMUS,1,TMUS
2016-01-31,TRIP,1,TRIP
2016-01-31,TSCO,1,TSCO
2016-01-31,TSLA,1,TSLA
2016-01-31,TXN,1,TXN
2016-01-31,ULTA,1,ULTA
2016-01-31,VIAB,1,VIAB
2016-01-31,VOD,1,VOD
2016-01-31,VRSK,1,VRSK
2016-01-31,VRTX,1,VRTX
2016-01-31,WBA,1,WBA
2016-01-31,WDC,1,WDC
2016-01-31,WFM,1,WFM
2016-01-31,XLNX,1,XLNX
2016-01-31,YHOO,1,YHOO
2016-02-29,AAL,1,AAL
2016-02-29,AAPL,1,AAPL
2016-02-29,ADBE,1,ADBE
2016-02-29,ADI,1,ADI
2016-02-29,ADP,1,ADP
2016-02-29,ADSK,1,ADSK
2016-02-29,AKAM,1,AKAM
2016-02-29,ALXN,1,ALXN
2016-02-29,AMAT,1,AMAT
2016-02-29,AMGN,1,AMGN
2016-02-29,AMZN,1,AMZN
2016-02-29,ATVI,1,ATVI
2016-02-29,AVGO,1,AVGO
2016-02-29,BBBY,1,BBBY
2016-02-29,BIDU,1,BIDU
2016-02-29,BIIB,1,BIIB
2016-02-29,BMRN,1,BMRN
2016-02-29,CA,1,CA
2016-02-29,CELG,1,CELG
2016-02-29,CERN,1,CERN
2016-02-29,CHKP,1,CHKP
2016-02-29,CHTR,1,CHTR
2016-02-29,CMCSA,1,CMCSA
2016-02-29,COST,1,COST
2016-02-29,CSCO,1,CSCO
2016-02-29,CSX,1,CSX
2016-02-29,CTRP,1,TCOM
2016-02-29,CTSH,1,CTSH
2016-02-29,CTXS,1,CTXS
2016-02-29,DISCA,1,DISCA
2016-02-29,DISH,1,DISH
2016-02-29,DLTR,1,DLTR
2016-02-29,EA,1,EA
2016-02-29,EBAY,1,EBAY
2016-02-29,ENDP,1,ENDP
2016-02-29,ESRX,1,ESRX
2016-02-29,EXPE,1,EXPE
2016-02-29,FAST,1,FAST
2016-02-29,FB,1,META
2016-02-29,FISV,1,FISV
2016-02-29,FOXA,1,FOXA
2016-02-29,GILD,1,GILD
2016-02-29,GOOGL,1,GOOGL
2016-02-29,HSIC,1,HSIC
2016-02-29,ILMN,1,ILMN
2016-02-29,INCY,1,INCY
2016-02-29,INTC,1,INTC
2016-02-29,INTU,1,INTU
2016-02-29,ISRG,1,ISRG
2016-02-29,JD,1,JD
2016-02-29,KHC,1,KHC
2016-02-29,LBTYA,1,LBTYA
2016-02-29,LLTC,1,LLTC
2016-02-29,LMCA,1,STRZA
2016-02-29,LRCX,1,LRCX
2016-02-29,MAR,1,MAR
2016-02-29,MAT,1,MAT
2016-02-29,MDLZ,1,MDLZ
2016-02-29,MNST,1,MNST
2016-02-29,MSFT,1,MSFT
2016-02-29,MU,1,MU
2016-02-29,MXIM,1,MXIM
2016-02-29,MYL,1,MYL
2016-02-29,NCLH,1,NCLH
2016-02-29,NFLX,1,NFLX
2016-02-29,NTAP,1,NTAP
2016-02-29,NVDA,1,NVDA
2016-02-29,NXPI,1,NXPI
2016-02-29,ORLY,1,ORLY
2016-02-29,PAYX,1,PAYX
2016-02-29,PCAR,1,PCAR
2016-02-29,PCLN,1,BKNG
2016-02-29,PYPL,1,PYPL
2016-02-29,QCOM,1,QCOM
2016-02-29,QRTEA,1,QRTEA
2016-02-29,REGN,1,REGN
2016-02-29,ROST,1,ROST
2016-02-29,SBAC,1,SBAC
2016-02-29,SBUX,1,SBUX
2016-02-29,SIRI,1,SIRI
2016-02-29,SNDK,1,SNDK
2016-02-29,SRCL,1,SRCL
2016-02-29,STX,1,STX
2016-02-29,SWKS,1,SWKS
2016-02-29,SYMC,1,NLOK
2016-02-29,TMUS,1,TMUS
2016-02-29,TRIP,1,TRIP
2016-02-29,TSCO,1,TSCO
2016-02-29,TSLA,1,TSLA
2016-02-29,TXN,1,TXN
2016-02-29,ULTA,1,ULTA
2016-02-29,VIAB,1,VIAB
2016-02-29,VOD,1,VOD
2016-02-29,VRSK,1,VRSK
2016-02-29,VRTX,1,VRTX
2016-02-29,WBA,1,WBA
2016-02-29,WDC,1,WDC
2016-02-29,WFM,1,WFM
2016-02-29,XLNX,1,XLNX
2016-02-29,YHOO,1,YHOO
2016-03-31,AAL,1,AAL
2016-03-31,AAPL,1,AAPL
2016-03-31,ADBE,1,ADBE
2016-03-31,ADI,1,ADI
2016-03-31,ADP,1,ADP
2016-03-31,ADSK,1,ADSK
2016-03-31,AKAM,1,AKAM
2016-03-31,ALXN,1,ALXN
2016-03-31,AMAT,1,AMAT
2016-03-31,AMGN,1,AMGN
2016-03-31,AMZN,1,AMZN
2016-03-31,ATVI,1,ATVI
2016-03-31,AVGO,1,AVGO
2016-03-31,BBBY,1,BBBY
2016-03-31,BIDU,1,BIDU
2016-03-31,BIIB,1,BIIB
2016-03-31,BMRN,1,BMRN
2016-03-31,CA,1,CA
2016-03-31,CELG,1,CELG
2016-03-31,CERN,1,CERN
2016-03-31,CHKP,1,CHKP
2016-03-31,CHTR,1,CHTR
2016-03-31,CMCSA,1,CMCSA
2016-03-31,COST,1,COST
2016-03-31,CSCO,1,CSCO
2016-03-31,CSX,1,CSX
2016-03-31,CTRP,1,TCOM
2016-03-31,CTSH,1,CTSH
2016-03-31,CTXS,1,CTXS
2016-03-31,DISCA,1,DISCA
2016-03-31,DISH,1,DISH
2016-03-31,DLTR,1,DLTR
2016-03-31,EA,1,EA
2016-03-31,EBAY,1,EBAY
2016-03-31,ENDP,1,ENDP
2016-03-31,ESRX,1,ESRX
2016-03-31,EXPE,1,EXPE
2016-03-31,FAST,1,FAST
2016-03-31,FB,1,META
2016-03-31,FISV,1,FISV
2016-03-31,FOXA,1,FOXA
2016-03-31,GILD,1,GILD
2016-03-31,GOOGL,1,GOOGL
2016-03-31,HSIC,1,HSIC
2016-03-31,ILMN,1,ILMN
2016-03-31,INCY,1,INCY
2016-03-31,INTC,1,INTC
2016-03-31,INTU,1,INTU
2016-03-31,ISRG,1,ISRG
2016-03-31,JD,1,JD
2016-03-31,KHC,1,KHC
2016-03-31,LBTYA,1,LBTYA
2016-03-31,LLTC,1,LLTC
2016-03-31,LMCA,1,STRZA
2016-03-31,LRCX,1,LRCX
2016-03-31,MAR,1,MAR
2016-03-31,MAT,1,MAT
2016-03-31,MDLZ,1,MDLZ
2016-03-31,MNST,1,MNST
2016-03-31,MSFT,1,MSFT
2016-03-31,MU,1,MU
2016-03-31,MXIM,1,MXIM
2016-03-31,MYL,1,MYL
2016-03-31,NCLH,1,NCLH
2016-03-31,NFLX,1,NFLX
2016-03-31,NTAP,1,NTAP
2016-03-31,NTES,1,NTES
2016-03-31,NVDA,1,NVDA
2016-03-31,NXPI,1,NXPI
2016-03-31,ORLY,1,ORLY
2016-03-31,PAYX,1,PAYX
2016-03-31,PCAR,1,PCAR
2016-03-31,PCLN,1,BKNG
2016-03-31,PYPL,1,PYPL
2016-03-31,QCOM,1,QCOM
2016-03-31,QRTEA,1,QRTEA
2016-03-31,REGN,1,REGN
2016-03-31,ROST,1,ROST
2016-03-31,SBAC,1,SBAC
2016-03-31,SBUX,1,SBUX
2016-03-31,SIRI,1,SIRI
2016-03-31,SRCL,1,SRCL
2016-03-31,STX,1,STX
2016-03-31,SWKS,1,SWKS
2016-03-31,SYMC,1,NLOK
2016-03-31,TMUS,1,TMUS
2016-03-31,TRIP,1,TRIP
2016-03-31,TSCO,1,TSCO
2016-03-31,TSLA,1,TSLA
2016-03-31,TXN,1,TXN
2016-03-31,ULTA,1,ULTA
2016-03-31,VIAB,1,VIAB
2016-03-31,VOD,1,VOD
2016-03-31,VRSK,1,VRSK
2016-03-31,VRTX,1,VRTX
2016-03-31,WBA,1,WBA
2016-03-31,WDC,1,WDC
2016-03-31,WFM,1,WFM
2016-03-31,XLNX,1,XLNX
2016-03-31,YHOO,1,YHOO
2016-04-30,AAL,1,AAL
2016-04-30,AAPL,1,AAPL
2016-04-30,ADBE,1,ADBE
2016-04-30,ADI,1,ADI
2016-04-30,ADP,1,ADP
2016-04-30,ADSK,1,ADSK
2016-04-30,AKAM,1,AKAM
2016-04-30,ALXN,1,ALXN
2016-04-30,AMAT,1,AMAT
2016-04-30,AMGN,1,AMGN
2016-04-30,AMZN,1,AMZN
2016-04-30,ATVI,1,ATVI
2016-04-30,AVGO,1,AVGO
2016-04-30,BBBY,1,BBBY
2016-04-30,BIDU,1,BIDU
2016-04-30,BIIB,1,BIIB
2016-04-30,BMRN,1,BMRN
2016-04-30,CA,1,CA
2016-04-30,CELG,1,CELG
2016-04-30,CERN,1,CERN
2016-04-30,CHKP,1,CHKP
2016-04-30,CHTR,1,CHTR
2016-04-30,CMCSA,1,CMCSA
2016-04-30,COST,1,COST
2016-04-30,CSCO,1,CSCO
2016-04-30,CSX,1,CSX
2016-04-30,CTRP,1,TCOM
2016-04-30,CTSH,1,CTSH
2016-04-30,CTXS,1,CTXS
2016-04-30,DISCA,1,DISCA
2016-04-30,DISH,1,DISH
2016-04-30,DLTR,1,DLTR
2016-04-30,EA,1,EA
2016-04-30,EBAY,1,EBAY
2016-04-30,ENDP,1,ENDP
2016-04-30,ESRX,1,ESRX
2016-04-30,EXPE,1,EXPE
2016-04-30,FAST,1,FAST
2016-04-30,FB,1,META
2016-04-30,FISV,1,FISV
2016-04-30,FOXA,1,FOXA
2016-04-30,GILD,1,GILD
2016-04-30,GOOGL,1,GOOGL
2016-04-30,HSIC,1,HSIC
2016-04-30,ILMN,1,ILMN
2016-04-30,INCY,1,INCY
2016-04-30,INTC,1,INTC
2016-04-30,INTU,1,INTU
2016-04-30,ISRG,1,ISRG
2016-04-30,JD,1,JD
2016-04-30,KHC,1,KHC
2016-04-30,LBTYA,1,LBTYA
2016-04-30,LLTC,1,LLTC
2016-04-30,LMCA,1,STRZA
2016-04-30,LRCX,1,LRCX
2016-04-30,MAR,1,MAR
2016-04-30,MAT,1,MAT
2016-04-30,MDLZ,1,MDLZ
2016-04-30,MNST,1,MNST
2016-04-30,MSFT,1,MSFT
2016-04-30,MU,1,MU
2016-04-30,MXIM,1,MXIM
2016-04-30,MYL,1,MYL
2016-04-30,NCLH,1,NCLH
2016-04-30,NFLX,1,NFLX
2016-04-30,NTAP,1,NTAP
2016-04-30,NTES,1,NTES
2016-04-30,NVDA,1,NVDA
2016-04-30,NXPI,1,NXPI
2016-04-30,ORLY,1,ORLY
2016-04-30,PAYX,1,PAYX
2016-04-30,PCAR,1,PCAR
2016-04-30,PCLN,1,BKNG
2016-04-30,PYPL,1,PYPL
2016-04-30,QCOM,1,QCOM
2016-04-30,QRTEA,1,QRTEA
2016-04-30,REGN,1,REGN
2016-04-30,ROST,1,ROST
2016-04-30,SBAC,1,SBAC
2016-04-30,SBUX,1,SBUX
2016-04-30,SIRI,1,SIRI
2016-04-30,SRCL,1,SRCL
2016-04-30,STX,1,STX
2016-04-30,SWKS,1,SWKS
2016-04-30,SYMC,1,NLOK
2016-04-30,TMUS,1,TMUS
2016-04-30,TRIP,1,TRIP
2016-04-30,TSCO,1,TSCO
2016-04-30,TSLA,1,TSLA
2016-04-30,TXN,1,TXN
2016-04-30,ULTA,1,ULTA
2016-04-30,VIAB,1,VIAB
2016-04-30,VOD,1,VOD
2016-04-30,VRSK,1,VRSK
2016-04-30,VRTX,1,VRTX
2016-04-30,WBA,1,WBA
2016-04-30,WDC,1,WDC
2016-04-30,WFM,1,WFM
2016-04-30,XLNX,1,XLNX
2016-04-30,YHOO,1,YHOO
2016-05-31,AAL,1,AAL
2016-05-31,AAPL,1,AAPL
2016-05-31,ADBE,1,ADBE
2016-05-31,ADI,1,ADI
2016-05-31,ADP,1,ADP
2016-05-31,ADSK,1,ADSK
2016-05-31,AKAM,1,AKAM
2016-05-31,ALXN,1,ALXN
2016-05-31,AMAT,1,AMAT
2016-05-31,AMGN,1,AMGN
2016-05-31,AMZN,1,AMZN
2016-05-31,ATVI,1,ATVI
2016-05-31,AVGO,1,AVGO
2016-05-31,BBBY,1,BBBY
2016-05-31,BIDU,1,BIDU
2016-05-31,BIIB,1,BIIB
2016-05-31,BMRN,1,BMRN
2016-05-31,CA,1,CA
2016-05-31,CELG,1,CELG
2016-05-31,CERN,1,CERN
2016-05-31,CHKP,1,CHKP
2016-05-31,CHTR,1,CHTR
2016-05-31,CMCSA,1,CMCSA
2016-05-31,COST,1,COST
2016-05-31,CSCO,1,CSCO
2016-05-31,CSX,1,CSX
2016-05-31,CTRP,1,TCOM
2016-05-31,CTSH,1,CTSH
2016-05-31,CTXS,1,CTXS
2016-05-31,DISCA,1,DISCA
2016-05-31,DISH,1,DISH
2016-05-31,DLTR,1,DLTR
2016-05-31,EA,1,EA
2016-05-31,EBAY,1,EBAY
2016-05-31,ENDP,1,ENDP
2016-05-31,ESRX,1,ESRX
2016-05-31,EXPE,1,EXPE
2016-05-31,FAST,1,FAST
2016-05-31,FB,1,META
2016-05-31,FISV,1,FISV
2016-05-31,FOXA,1,FOXA
2016-05-31,GILD,1,GILD
2016-05-31,GOOGL,1,GOOGL
2016-05-31,HSIC,1,HSIC
2016-05-31,ILMN,1,ILMN
2016-05-31,INCY,1,INCY
2016-05-31,INTC,1,INTC
2016-05-31,INTU,1,INTU
2016-05-31,ISRG,1,ISRG
2016-05-31,JD,1,JD
2016-05-31,KHC,1,KHC
2016-05-31,LBTYA,1,LBTYA
2016-05-31,LLTC,1,LLTC
2016-05-31,LMCA,1,STRZA
2016-05-31,LRCX,1,LRCX
2016-05-31,MAR,1,MAR
2016-05-31,MAT,1,MAT
2016-05-31,MDLZ,1,MDLZ
2016-05-31,MNST,1,MNST
2016-05-31,MSFT,1,MSFT
2016-05-31,MU,1,MU
2016-05-31,MXIM,1,MXIM
2016-05-31,MYL,1,MYL
2016-05-31,NCLH,1,NCLH
2016-05-31,NFLX,1,NFLX
2016-05-31,NTAP,1,NTAP
2016-05-31,NTES,1,NTES
2016-05-31,NVDA,1,NVDA
2016-05-31,NXPI,1,NXPI
2016-05-31,ORLY,1,ORLY
2016-05-31,PAYX,1,PAYX
2016-05-31,PCAR,1,PCAR
2016-05-31,PCLN,1,BKNG
2016-05-31,PYPL,1,PYPL
2016-05-31,QCOM,1,QCOM
2016-05-31,QRTEA,1,QRTEA
2016-05-31,REGN,1,REGN
2016-05-31,ROST,1,ROST
2016-05-31,SBAC,1,SBAC
2016-05-31,SBUX,1,SBUX
2016-05-31,SIRI,1,SIRI
2016-05-31,SRCL,1,SRCL
2016-05-31,STX,1,STX
2016-05-31,SWKS,1,SWKS
2016-05-31,SYMC,1,NLOK
2016-05-31,TMUS,1,TMUS
2016-05-31,TRIP,1,TRIP
2016-05-31,TSCO,1,TSCO
2016-05-31,TSLA,1,TSLA
2016-05-31,TXN,1,TXN
2016-05-31,ULTA,1,ULTA
2016-05-31,VIAB,1,VIAB
2016-05-31,VOD,1,VOD
2016-05-31,VRSK,1,VRSK
2016-05-31,VRTX,1,VRTX
2016-05-31,WBA,1,WBA
2016-05-31,WDC,1,WDC
2016-05-31,WFM,1,WFM
2016-05-31,XLNX,1,XLNX
2016-05-31,YHOO,1,YHOO
2016-06-30,AAL,1,AAL
2016-06-30,AAPL,1,AAPL
2016-06-30,ADBE,1,ADBE
2016-06-30,ADI,1,ADI
2016-06-30,ADP,1,ADP
2016-06-30,ADSK,1,ADSK
2016-06-30,AKAM,1,AKAM
2016-06-30,ALXN,1,ALXN
2016-06-30,AMAT,1,AMAT
2016-06-30,AMGN,1,AMGN
2016-06-30,AMZN,1,AMZN
2016-06-30,ATVI,1,ATVI
2016-06-30,AVGO,1,AVGO
2016-06-30,BBBY,1,BBBY
2016-06-30,BIDU,1,BIDU
2016-06-30,BIIB,1,BIIB
2016-06-30,BMRN,1,BMRN
2016-06-30,CA,1,CA
2016-06-30,CELG,1,CELG
2016-06-30,CERN,1,CERN
2016-06-30,CHKP,1,CHKP
2016-06-30,CHTR,1,CHTR
2016-06-30,CMCSA,1,CMCSA
2016-06-30,COST,1,COST
2016-06-30,CSCO,1,CSCO
2016-06-30,CSX,1,CSX
2016-06-30,CTRP,1,TCOM
2016-06-30,CTSH,1,CTSH
2016-06-30,CTXS,1,CTXS
2016-06-30,DISCA,1,DISCA
2016-06-30,DISH,1,DISH
2016-06-30,DLTR,1,DLTR
2016-06-30,EA,1,EA
2016-06-30,EBAY,1,EBAY
2016-06-30,ENDP,1,ENDP
2016-06-30,ESRX,1,ESRX
2016-06-30,EXPE,1,EXPE
2016-06-30,FAST,1,FAST
2016-06-30,FB,1,META
2016-06-30,FISV,1,FISV
2016-06-30,FOXA,1,FOXA
2016-06-30,GILD,1,GILD
2016-06-30,GOOGL,1,GOOGL
2016-06-30,HSIC,1,HSIC
2016-06-30,ILMN,1,ILMN
2016-06-30,INCY,1,INCY
2016-06-30,INTC,1,INTC
2016-06-30,INTU,1,INTU
2016-06-30,ISRG,1,ISRG
2016-06-30,JD,1,JD
2016-06-30,KHC,1,KHC
2016-06-30,LBTYA,1,LBTYA
2016-06-30,LLTC,1,LLTC
2016-06-30,LRCX,1,LRCX
2016-06-30,MAR,1,MAR
2016-06-30,MAT,1,MAT
2016-06-30,MDLZ,1,MDLZ
2016-06-30,MNST,1,MNST
2016-06-30,MSFT,1,MSFT
2016-06-30,MU,1,MU
2016-06-30,MXIM,1,MXIM
2016-06-30,MYL,1,MYL
2016-06-30,NCLH,1,NCLH
2016-06-30,NFLX,1,NFLX
2016-06-30,NTAP,1,NTAP
2016-06-30,NTES,1,NTES
2016-06-30,NVDA,1,NVDA
2016-06-30,NXPI,1,NXPI
2016-06-30,ORLY,1,ORLY
2016-06-30,PAYX,1,PAYX
2016-06-30,PCAR,1,PCAR
2016-06-30,PCLN,1,BKNG
2016-06-30,PYPL,1,PYPL
2016-06-30,QCOM,1,QCOM
2016-06-30,QRTEA,1,QRTEA
2016-06-30,REGN,1,REGN
2016-06-30,ROST,1,ROST
2016-06-30,SBAC,1,SBAC
2016-06-30,SBUX,1,SBUX
2016-06-30,SIRI,1,SIRI
2016-06-30,SRCL,1,SRCL
2016-06-30,STX,1,STX
2016-06-30,SWKS,1,SWKS
2016-06-30,SYMC,1,NLOK
2016-06-30,TMUS,1,TMUS
2016-06-30,TRIP,1,TRIP
2016-06-30,TSCO,1,TSCO
2016-06-30,TSLA,1,TSLA
2016-06-30,TXN,1,TXN
2016-06-30,ULTA,1,ULTA
2016-06-30,VIAB,1,VIAB
2016-06-30,VOD,1,VOD
2016-06-30,VRSK,1,VRSK
2016-06-30,VRTX,1,VRTX
2016-06-30,WBA,1,WBA
2016-06-30,WDC,1,WDC
2016-06-30,WFM,1,WFM
2016-06-30,XLNX,1,XLNX
2016-06-30,XRAY,1,XRAY
2016-06-30,YHOO,1,YHOO
2016-07-31,AAL,1,AAL
2016-07-31,AAPL,1,AAPL
2016-07-31,ADBE,1,ADBE
2016-07-31,ADI,1,ADI
2016-07-31,ADP,1,ADP
2016-07-31,ADSK,1,ADSK
2016-07-31,AKAM,1,AKAM
2016-07-31,ALXN,1,ALXN
2016-07-31,AMAT,1,AMAT
2016-07-31,AMGN,1,AMGN
2016-07-31,AMZN,1,AMZN
2016-07-31,ATVI,1,ATVI
2016-07-31,AVGO,1,AVGO
2016-07-31,BBBY,1,BBBY
2016-07-31,BIDU,1,BIDU
2016-07-31,BIIB,1,BIIB
2016-07-31,BMRN,1,BMRN
2016-07-31,CA,1,CA
2016-07-31,CELG,1,CELG
2016-07-31,CERN,1,CERN
2016-07-31,CHKP,1,CHKP
2016-07-31,CHTR,1,CHTR
2016-07-31,CMCSA,1,CMCSA
2016-07-31,COST,1,COST
2016-07-31,CSCO,1,CSCO
2016-07-31,CSX,1,CSX
2016-07-31,CTRP,1,TCOM
2016-07-31,CTSH,1,CTSH
2016-07-31,CTXS,1,CTXS
2016-07-31,DISCA,1,DISCA
2016-07-31,DISH,1,DISH
2016-07-31,DLTR,1,DLTR
2016-07-31,EA,1,EA
2016-07-31,EBAY,1,EBAY
2016-07-31,ESRX,1,ESRX
2016-07-31,EXPE,1,EXPE
2016-07-31,FAST,1,FAST
2016-07-31,FB,1,META
2016-07-31,FISV,1,FISV
2016-07-31,FOXA,1,FOXA
2016-07-31,GILD,1,GILD
2016-07-31,GOOGL,1,GOOGL
2016-07-31,HSIC,1,HSIC
2016-07-31,ILMN,1,ILMN
2016-07-31,INCY,1,INCY
2016-07-31,INTC,1,INTC
2016-07-31,INTU,1,INTU
2016-07-31,ISRG,1,ISRG
2016-07-31,JD,1,JD
2016-07-31,KHC,1,KHC
2016-07-31,LBTYA,1,LBTYA
2016-07-31,LLTC,1,LLTC
2016-07-31,LRCX,1,LRCX
2016-07-31,MAR,1,MAR
2016-07-31,MAT,1,MAT
2016-07-31,MCHP,1,MCHP
2016-07-31,MDLZ,1,MDLZ
2016-07-31,MNST,1,MNST
2016-07-31,MSFT,1,MSFT
2016-07-31,MU,1,MU
2016-07-31,MXIM,1,MXIM
2016-07-31,MYL,1,MYL
2016-07-31,NCLH,1,NCLH
2016-07-31,NFLX,1,NFLX
2016-07-31,NTAP,1,NTAP
2016-07-31,NTES,1,NTES
2016-07-31,NVDA,1,NVDA
2016-07-31,NXPI,1,NXPI
2016-07-31,ORLY,1,ORLY
2016-07-31,PAYX,1,PAYX
2016-07-31,PCAR,1,PCAR
2016-07-31,PCLN,1,BKNG
2016-07-31,PYPL,1,PYPL
2016-07-31,QCOM,1,QCOM
2016-07-31,QRTEA,1,QRTEA
2016-07-31,REGN,1,REGN
2016-07-31,ROST,1,ROST
2016-07-31,SBAC,1,SBAC
2016-07-31,SBUX,1,SBUX
2016-07-31,SIRI,1,SIRI
2016-07-31,SRCL,1,SRCL
2016-07-31,STX,1,STX
2016-07-31,SWKS,1,SWKS
2016-07-31,SYMC,1,NLOK
2016-07-31,TMUS,1,TMUS
2016-07-31,TRIP,1,TRIP
2016-07-31,TSCO,1,TSCO
2016-07-31,TSLA,1,TSLA
2016-07-31,TXN,1,TXN
2016-07-31,ULTA,1,ULTA
2016-07-31,VIAB,1,VIAB
2016-07-31,VOD,1,VOD
2016-07-31,VRSK,1,VRSK
2016-07-31,VRTX,1,VRTX
2016-07-31,WBA,1,WBA
2016-07-31,WDC,1,WDC
2016-07-31,WFM,1,WFM
2016-07-31,XLNX,1,XLNX
2016-07-31,XRAY,1,XRAY
2016-07-31,YHOO,1,YHOO
2016-08-31,AAL,1,AAL
2016-08-31,AAPL,1,AAPL
2016-08-31,ADBE,1,ADBE
2016-08-31,ADI,1,ADI
2016-08-31,ADP,1,ADP
2016-08-31,ADSK,1,ADSK
2016-08-31,AKAM,1,AKAM
2016-08-31,ALXN,1,ALXN
2016-08-31,AMAT,1,AMAT
2016-08-31,AMGN,1,AMGN
2016-08-31,AMZN,1,AMZN
2016-08-31,ATVI,1,ATVI
2016-08-31,AVGO,1,AVGO
2016-08-31,BBBY,1,BBBY
2016-08-31,BIDU,1,BIDU
2016-08-31,BIIB,1,BIIB
2016-08-31,BMRN,1,BMRN
2016-08-31,CA,1,CA
2016-08-31,CELG,1,CELG
2016-08-31,CERN,1,CERN
2016-08-31,CHKP,1,CHKP
2016-08-31,CHTR,1,CHTR
2016-08-31,CMCSA,1,CMCSA
2016-08-31,COST,1,COST
2016-08-31,CSCO,1,CSCO
2016-08-31,CSX,1,CSX
2016-08-31,CTRP,1,TCOM
2016-08-31,CTSH,1,CTSH
2016-08-31,CTXS,1,CTXS
2016-08-31,DISCA,1,DISCA
2016-08-31,DISH,1,DISH
2016-08-31,DLTR,1,DLTR
2016-08-31,EA,1,EA
2016-08-31,EBAY,1,EBAY
2016-08-31,ESRX,1,ESRX
2016-08-31,EXPE,1,EXPE
2016-08-31,FAST,1,FAST
2016-08-31,FB,1,META
2016-08-31,FISV,1,FISV
2016-08-31,FOXA,1,FOXA
2016-08-31,GILD,1,GILD
2016-08-31,GOOGL,1,GOOGL
2016-08-31,HSIC,1,HSIC
2016-08-31,ILMN,1,ILMN
2016-08-31,INCY,1,INCY
2016-08-31,INTC,1,INTC
2016-08-31,INTU,1,INTU
2016-08-31,ISRG,1,ISRG
2016-08-31,JD,1,JD
2016-08-31,KHC,1,KHC
2016-08-31,LBTYA,1,LBTYA
2016-08-31,LLTC,1,LLTC
2016-08-31,LRCX,1,LRCX
2016-08-31,MAR,1,MAR
2016-08-31,MAT,1,MAT
2016-08-31,MCHP,1,MCHP
2016-08-31,MDLZ,1,MDLZ
2016-08-31,MNST,1,MNST
2016-08-31,MSFT,1,MSFT
2016-08-31,MU,1,MU
2016-08-31,MXIM,1,MXIM
2016-08-31,MYL,1,MYL
2016-08-31,NCLH,1,NCLH
2016-08-31,NFLX,1,NFLX
2016-08-31,NTAP,1,NTAP
2016-08-31,NTES,1,NTES
2016-08-31,NVDA,1,NVDA
2016-08-31,NXPI,1,NXPI
2016-08-31,ORLY,1,ORLY
2016-08-31,PAYX,1,PAYX
2016-08-31,PCAR,1,PCAR
2016-08-31,PCLN,1,BKNG
2016-08-31,PYPL,1,PYPL
2016-08-31,QCOM,1,QCOM
2016-08-31,QRTEA,1,QRTEA
2016-08-31,REGN,1,REGN
2016-08-31,ROST,1,ROST
2016-08-31,SBAC,1,SBAC
2016-08-31,SBUX,1,SBUX
2016-08-31,SIRI,1,SIRI
2016-08-31,SRCL,1,SRCL
2016-08-31,STX,1,STX
2016-08-31,SWKS,1,SWKS
2016-08-31,SYMC,1,NLOK
2016-08-31,TMUS,1,TMUS
2016-08-31,TRIP,1,TRIP
2016-08-31,TSCO,1,TSCO
2016-08-31,TSLA,1,TSLA
2016-08-31,TXN,1,TXN
2016-08-31,ULTA,1,ULTA
2016-08-31,VIAB,1,VIAB
2016-08-31,VOD,1,VOD
2016-08-31,VRSK,1,VRSK
2016-08-31,VRTX,1,VRTX
2016-08-31,WBA,1,WBA
2016-08-31,WDC,1,WDC
2016-08-31,WFM,1,WFM
2016-08-31,XLNX,1,XLNX
2016-08-31,XRAY,1,XRAY
2016-08-31,YHOO,1,YHOO
2016-09-30,AAL,1,AAL
2016-09-30,AAPL,1,AAPL
2016-09-30,ADBE,1,ADBE
2016-09-30,ADI,1,ADI
2016-09-30,ADP,1,ADP
2016-09-30,ADSK,1,ADSK
2016-09-30,AKAM,1,AKAM
2016-09-30,ALXN,1,ALXN
2016-09-30,AMAT,1,AMAT
2016-09-30,AMGN,1,AMGN
2016-09-30,AMZN,1,AMZN
2016-09-30,ATVI,1,ATVI
2016-09-30,AVGO,1,AVGO
2016-09-30,BBBY,1,BBBY
2016-09-30,BIDU,1,BIDU
2016-09-30,BIIB,1,BIIB
2016-09-30,BMRN,1,BMRN
2016-09-30,CA,1,CA
2016-09-30,CELG,1,CELG
2016-09-30,CERN,1,CERN
2016-09-30,CHKP,1,CHKP
2016-09-30,CHTR,1,CHTR
2016-09-30,CMCSA,1,CMCSA
2016-09-30,COST,1,COST
2016-09-30,CSCO,1,CSCO
2016-09-30,CSX,1,CSX
2016-09-30,CTRP,1,TCOM
2016-09-30,CTSH,1,CTSH
2016-09-30,CTXS,1,CTXS
2016-09-30,DISCA,1,DISCA
2016-09-30,DISH,1,DISH
2016-09-30,DLTR,1,DLTR
2016-09-30,EA,1,EA
2016-09-30,EBAY,1,EBAY
2016-09-30,ESRX,1,ESRX
2016-09-30,EXPE,1,EXPE
2016-09-30,FAST,1,FAST
2016-09-30,FB,1,META
2016-09-30,FISV,1,FISV
2016-09-30,FOXA,1,FOXA
2016-09-30,GILD,1,GILD
2016-09-30,GOOGL,1,GOOGL
2016-09-30,HSIC,1,HSIC
2016-09-30,ILMN,1,ILMN
2016-09-30,INCY,1,INCY
2016-09-30,INTC,1,INTC
2016-09-30,INTU,1,INTU
2016-09-30,ISRG,1,ISRG
2016-09-30,JD,1,JD
2016-09-30,KHC,1,KHC
2016-09-30,LBTYA,1,LBTYA
2016-09-30,LLTC,1,LLTC
2016-09-30,LRCX,1,LRCX
2016-09-30,MAR,1,MAR
2016-09-30,MAT,1,MAT
2016-09-30,MCHP,1,MCHP
2016-09-30,MDLZ,1,MDLZ
2016-09-30,MNST,1,MNST
2016-09-30,MSFT,1,MSFT
2016-09-30,MU,1,MU
2016-09-30,MXIM,1,MXIM
2016-09-30,MYL,1,MYL
2016-09-30,NCLH,1,NCLH
2016-09-30,NFLX,1,NFLX
2016-09-30,NTAP,1,NTAP
2016-09-30,NTES,1,NTES
2016-09-30,NVDA,1,NVDA
2016-09-30,NXPI,1,NXPI
2016-09-30,ORLY,1,ORLY
2016-09-30,PAYX,1,PAYX
2016-09-30,PCAR,1,PCAR
2016-09-30,PCLN,1,BKNG
2016-09-30,PYPL,1,PYPL
2016-09-30,QCOM,1,QCOM
2016-09-30,QRTEA,1,QRTEA
2016-09-30,REGN,1,REGN
2016-09-30,ROST,1,ROST
2016-09-30,SBAC,1,SBAC
2016-09-30,SBUX,1,SBUX
2016-09-30,SIRI,1,SIRI
2016-09-30,SRCL,1,SRCL
2016-09-30,STX,1,STX
2016-09-30,SWKS,1,SWKS
2016-09-30,SYMC,1,NLOK
2016-09-30,TMUS,1,TMUS
2016-09-30,TRIP,1,TRIP
2016-09-30,TSCO,1,TSCO
2016-09-30,TSLA,1,TSLA
2016-09-30,TXN,1,TXN
2016-09-30,ULTA,1,ULTA
2016-09-30,VIAB,1,VIAB
2016-09-30,VOD,1,VOD
2016-09-30,VRSK,1,VRSK
2016-09-30,VRTX,1,VRTX
2016-09-30,WBA,1,WBA
2016-09-30,WDC,1,WDC
2016-09-30,WFM,1,WFM
2016-09-30,XLNX,1,XLNX
2016-09-30,XRAY,1,XRAY
2016-09-30,YHOO,1,YHOO
2016-10-31,AAL,1,AAL
2016-10-31,AAPL,1,AAPL
2016-10-31,ADBE,1,ADBE
2016-10-31,ADI,1,ADI
2016-10-31,ADP,1,ADP
2016-10-31,ADSK,1,ADSK
2016-10-31,AKAM,1,AKAM
2016-10-31,ALXN,1,ALXN
2016-10-31,AMAT,1,AMAT
2016-10-31,AMGN,1,AMGN
2016-10-31,AMZN,1,AMZN
2016-10-31,ATVI,1,ATVI
2016-10-31,AVGO,1,AVGO
2016-10-31,BBBY,1,BBBY
2016-10-31,BIDU,1,BIDU
2016-10-31,BIIB,1,BIIB
2016-10-31,BMRN,1,BMRN
2016-10-31,CA,1,CA
2016-10-31,CELG,1,CELG
2016-10-31,CERN,1,CERN
2016-10-31,CHKP,1,CHKP
2016-10-31,CHTR,1,CHTR
2016-10-31,CMCSA,1,CMCSA
2016-10-31,COST,1,COST
2016-10-31,CSCO,1,CSCO
2016-10-31,CSX,1,CSX
2016-10-31,CTRP,1,TCOM
2016-10-31,CTSH,1,CTSH
2016-10-31,CTXS,1,CTXS
2016-10-31,DISCA,1,DISCA
2016-10-31,DISH,1,DISH
2016-10-31,DLTR,1,DLTR
2016-10-31,EA,1,EA
2016-10-31,EBAY,1,EBAY
2016-10-31,ESRX,1,ESRX
2016-10-31,EXPE,1,EXPE
2016-10-31,FAST,1,FAST
2016-10-31,FB,1,META
2016-10-31,FISV,1,FISV
2016-10-31,FOXA,1,FOXA
2016-10-31,GILD,1,GILD
2016-10-31,GOOGL,1,GOOGL
2016-10-31,HSIC,1,HSIC
2016-10-31,ILMN,1,ILMN
2016-10-31,INCY,1,INCY
2016-10-31,INTC,1,INTC
2016-10-31,INTU,1,INTU
2016-10-31,ISRG,1,ISRG
2016-10-31,JD,1,JD
2016-10-31,KHC,1,KHC
2016-10-31,LBTYA,1,LBTYA
2016-10-31,LRCX,1,LRCX
2016-10-31,MAR,1,MAR
2016-10-31,MAT,1,MAT
2016-10-31,MCHP,1,MCHP
2016-10-31,MDLZ,1,MDLZ
2016-10-31,MNST,1,MNST
2016-10-31,MSFT,1,MSFT
2016-10-31,MU,1,MU
2016-10-31,MXIM,1,MXIM
2016-10-31,MYL,1,MYL
2016-10-31,NCLH,1,NCLH
2016-10-31,NFLX,1,NFLX
2016-10-31,NTAP,1,NTAP
2016-10-31,NTES,1,NTES
2016-10-31,NVDA,1,NVDA
2016-10-31,NXPI,1,NXPI
2016-10-31,ORLY,1,ORLY
2016-10-31,PAYX,1,PAYX
2016-10-31,PCAR,1,PCAR
2016-10-31,PCLN,1,BKNG
2016-10-31,PYPL,1,PYPL
2016-10-31,QCOM,1,QCOM
2016-10-31,QRTEA,1,QRTEA
2016-10-31,REGN,1,REGN
2016-10-31,ROST,1,ROST
2016-10-31,SBAC,1,SBAC
2016-10-31,SBUX,1,SBUX
2016-10-31,SHPG,1,SHPG
2016-10-31,SIRI,1,SIRI
2016-10-31,SRCL,1,SRCL
2016-10-31,STX,1,STX
2016-10-31,SWKS,1,SWKS
2016-10-31,SYMC,1,NLOK
2016-10-31,TMUS,1,TMUS
2016-10-31,TRIP,1,TRIP
2016-10-31,TSCO,1,TSCO
2016-10-31,TSLA,1,TSLA
2016-10-31,TXN,1,TXN
2016-10-31,ULTA,1,ULTA
2016-10-31,VIAB,1,VIAB
2016-10-31,VOD,1,VOD
2016-10-31,VRSK,1,VRSK
2016-10-31,VRTX,1,VRTX
2016-10-31,WBA,1,WBA
2016-10-31,WDC,1,WDC
2016-10-31,WFM,1,WFM
2016-10-31,XLNX,1,XLNX
2016-10-31,XRAY,1,XRAY
2016-10-31,YHOO,1,YHOO
2016-11-30,AAL,1,AAL
2016-11-30,AAPL,1,AAPL
2016-11-30,ADBE,1,ADBE
2016-11-30,ADI,1,ADI
2016-11-30,ADP,1,ADP
2016-11-30,ADSK,1,ADSK
2016-11-30,AKAM,1,AKAM
2016-11-30,ALXN,1,ALXN
2016-11-30,AMAT,1,AMAT
2016-11-30,AMGN,1,AMGN
2016-11-30,AMZN,1,AMZN
2016-11-30,ATVI,1,ATVI
2016-11-30,AVGO,1,AVGO
2016-11-30,BBBY,1,BBBY
2016-11-30,BIDU,1,BIDU
2016-11-30,BIIB,1,BIIB
2016-11-30,BMRN,1,BMRN
2016-11-30,CA,1,CA
2016-11-30,CELG,1,CELG
2016-11-30,CERN,1,CERN
2016-11-30,CHKP,1,CHKP
2016-11-30,CHTR,1,CHTR
2016-11-30,CMCSA,1,CMCSA
2016-11-30,COST,1,COST
2016-11-30,CSCO,1,CSCO
2016-11-30,CSX,1,CSX
2016-11-30,CTRP,1,TCOM
2016-11-30,CTSH,1,CTSH
2016-11-30,CTXS,1,CTXS
2016-11-30,DISCA,1,DISCA
2016-11-30,DISH,1,DISH
2016-11-30,DLTR,1,DLTR
2016-11-30,EA,1,EA
2016-11-30,EBAY,1,EBAY
2016-11-30,ESRX,1,ESRX
2016-11-30,EXPE,1,EXPE
2016-11-30,FAST,1,FAST
2016-11-30,FB,1,META
2016-11-30,FISV,1,FISV
2016-11-30,FOXA,1,FOXA
2016-11-30,GILD,1,GILD
2016-11-30,GOOGL,1,GOOGL
2016-11-30,HSIC,1,HSIC
2016-11-30,ILMN,1,ILMN
2016-11-30,INCY,1,INCY
2016-11-30,INTC,1,INTC
2016-11-30,INTU,1,INTU
2016-11-30,ISRG,1,ISRG
2016-11-30,JD,1,JD
2016-11-30,KHC,1,KHC
2016-11-30,LBTYA,1,LBTYA
2016-11-30,LRCX,1,LRCX
2016-11-30,MAR,1,MAR
2016-11-30,MAT,1,MAT
2016-11-30,MCHP,1,MCHP
2016-11-30,MDLZ,1,MDLZ
2016-11-30,MNST,1,MNST
2016-11-30,MSFT,1,MSFT
2016-11-30,MU,1,MU
2016-11-30,MXIM,1,MXIM
2016-11-30,MYL,1,MYL
2016-11-30,NCLH,1,NCLH
2016-11-30,NFLX,1,NFLX
2016-11-30,NTAP,1,NTAP
2016-11-30,NTES,1,NTES
2016-11-30,NVDA,1,NVDA
2016-11-30,NXPI,1,NXPI
2016-11-30,ORLY,1,ORLY
2016-11-30,PAYX,1,PAYX
2016-11-30,PCAR,1,PCAR
2016-11-30,PCLN,1,BKNG
2016-11-30,PYPL,1,PYPL
2016-11-30,QCOM,1,QCOM
2016-11-30,QRTEA,1,QRTEA
2016-11-30,REGN,1,REGN
2016-11-30,ROST,1,ROST
2016-11-30,SBAC,1,SBAC
2016-11-30,SBUX,1,SBUX
2016-11-30,SHPG,1,SHPG
2016-11-30,SIRI,1,SIRI
2016-11-30,SRCL,1,SRCL
2016-11-30,STX,1,STX
2016-11-30,SWKS,1,SWKS
2016-11-30,SYMC,1,NLOK
2016-11-30,TMUS,1,TMUS
2016-11-30,TRIP,1,TRIP
2016-11-30,TSCO,1,TSCO
2016-11-30,TSLA,1,TSLA
2016-11-30,TXN,1,TXN
2016-11-30,ULTA,1,ULTA
2016-11-30,VIAB,1,VIAB
2016-11-30,VOD,1,VOD
2016-11-30,VRSK,1,VRSK
2016-11-30,VRTX,1,VRTX
2016-11-30,WBA,1,WBA
2016-11-30,WDC,1,WDC
2016-11-30,WFM,1,WFM
2016-11-30,XLNX,1,XLNX
2016-11-30,XRAY,1,XRAY
2016-11-30,YHOO,1,YHOO
2016-12-31,AAL,1,AAL
2016-12-31,AAPL,1,AAPL
2016-12-31,ADBE,1,ADBE
2016-12-31,ADI,1,ADI
2016-12-31,ADP,1,ADP
2016-12-31,ADSK,1,ADSK
2016-12-31,AKAM,1,AKAM
2016-12-31,ALXN,1,ALXN
2016-12-31,AMAT,1,AMAT
2016-12-31,AMGN,1,AMGN
2016-12-31,AMZN,1,AMZN
2016-12-31,ATVI,1,ATVI
2016-12-31,AVGO,1,AVGO
2016-12-31,BIDU,1,BIDU
2016-12-31,BIIB,1,BIIB
2016-12-31,BMRN,1,BMRN
2016-12-31,CA,1,CA
2016-12-31,CELG,1,CELG
2016-12-31,CERN,1,CERN
2016-12-31,CHKP,1,CHKP
2016-12-31,CHTR,1,CHTR
2016-12-31,CMCSA,1,CMCSA
2016-12-31,COST,1,COST
2016-12-31,CSCO,1,CSCO
2016-12-31,CSX,1,CSX
2016-12-31,CTAS,1,CTAS
2016-12-31,CTRP,1,TCOM
2016-12-31,CTSH,1,CTSH
2016-12-31,CTXS,1,CTXS
2016-12-31,DISCA,1,DISCA
2016-12-31,DISH,1,DISH
2016-12-31,DLTR,1,DLTR
2016-12-31,EA,1,EA
2016-12-31,EBAY,1,EBAY
2016-12-31,ESRX,1,ESRX
2016-12-31,EXPE,1,EXPE
2016-12-31,FAST,1,FAST
2016-12-31,FB,1,META
2016-12-31,FISV,1,FISV
2016-12-31,FOXA,1,FOXA
2016-12-31,GILD,1,GILD
2016-12-31,GOOGL,1,GOOGL
2016-12-31,HAS,1,HAS
2016-12-31,HOLX,1,HOLX
2016-12-31,HSIC,1,HSIC
2016-12-31,ILMN,1,ILMN
2016-12-31,INCY,1,INCY
2016-12-31,INTC,1,INTC
2016-12-31,INTU,1,INTU
2016-12-31,ISRG,1,ISRG
2016-12-31,JD,1,JD
2016-12-31,KHC,1,KHC
2016-12-31,KLAC,1,KLAC
2016-12-31,LBTYA,1,LBTYA
2016-12-31,LRCX,1,LRCX
2016-12-31,MAR,1,MAR
2016-12-31,MAT,1,MAT
2016-12-31,MCHP,1,MCHP
2016-12-31,MDLZ,1,MDLZ
2016-12-31,MNST,1,MNST
2016-12-31,MSFT,1,MSFT
2016-12-31,MU,1,MU
2016-12-31,MXIM,1,MXIM
2016-12-31,MYL,1,MYL
2016-12-31,NCLH,1,NCLH
2016-12-31,NFLX,1,NFLX
2016-12-31,NTES,1,NTES
2016-12-31,NVDA,1,NVDA
2016-12-31,NXPI,1,NXPI
2016-12-31,ORLY,1,ORLY
2016-12-31,PAYX,1,PAYX
2016-12-31,PCAR,1,PCAR
2016-12-31,PCLN,1,BKNG
2016-12-31,PYPL,1,PYPL
2016-12-31,QCOM,1,QCOM
2016-12-31,QRTEA,1,QRTEA
2016-12-31,REGN,1,REGN
2016-12-31,ROST,1,ROST
2016-12-31,SBAC,1,SBAC
2016-12-31,SBUX,1,SBUX
2016-12-31,SHPG,1,SHPG
2016-12-31,SIRI,1,SIRI
2016-12-31,STX,1,STX
2016-12-31,SWKS,1,SWKS
2016-12-31,SYMC,1,NLOK
2016-12-31,TMUS,1,TMUS
2016-12-31,TRIP,1,TRIP
2016-12-31,TSCO,1,TSCO
2016-12-31,TSLA,1,TSLA
2016-12-31,TXN,1,TXN
2016-12-31,ULTA,1,ULTA
2016-12-31,VIAB,1,VIAB
2016-12-31,VOD,1,VOD
2016-12-31,VRSK,1,VRSK
2016-12-31,VRTX,1,VRTX
2016-12-31,WBA,1,WBA
2016-12-31,WDC,1,WDC
2016-12-31,XLNX,1,XLNX
2016-12-31,XRAY,1,XRAY
2016-12-31,YHOO,1,YHOO
2017-01-31,AAL,1,AAL
2017-01-31,AAPL,1,AAPL
2017-01-31,ADBE,1,ADBE
2017-01-31,ADI,1,ADI
2017-01-31,ADP,1,ADP
2017-01-31,ADSK,1,ADSK
2017-01-31,AKAM,1,AKAM
2017-01-31,ALXN,1,ALXN
2017-01-31,AMAT,1,AMAT
2017-01-31,AMGN,1,AMGN
2017-01-31,AMZN,1,AMZN
2017-01-31,ATVI,1,ATVI
2017-01-31,AVGO,1,AVGO
2017-01-31,BIDU,1,BIDU
2017-01-31,BIIB,1,BIIB
2017-01-31,BMRN,1,BMRN
2017-01-31,CA,1,CA
2017-01-31,CELG,1,CELG
2017-01-31,CERN,1,CERN
2017-01-31,CHKP,1,CHKP
2017-01-31,CHTR,1,CHTR
2017-01-31,CMCSA,1,CMCSA
2017-01-31,COST,1,COST
2017-01-31,CSCO,1,CSCO
2017-01-31,CSX,1,CSX
2017-01-31,CTAS,1,CTAS
2017-01-31,CTRP,1,TCOM
2017-01-31,CTSH,1,CTSH
2017-01-31,CTXS,1,CTXS
2017-01-31,DISCA,1,DISCA
2017-01-31,DISH,1,DISH
2017-01-31,DLTR,1,DLTR
2017-01-31,EA,1,EA
2017-01-31,EBAY,1,EBAY
2017-01-31,ESRX,1,ESRX
2017-01-31,EXPE,1,EXPE
2017-01-31,FAST,1,FAST
2017-01-31,FB,1,META
2017-01-31,FISV,1,FISV
2017-01-31,FOXA,1,FOXA
2017-01-31,GILD,1,GILD
2017-01-31,GOOGL,1,GOOGL
2017-01-31,HAS,1,HAS
2017-01-31,HOLX,1,HOLX
2017-01-31,HSIC,1,HSIC
2017-01-31,ILMN,1,ILMN
2017-01-31,INCY,1,INCY
2017-01-31,INTC,1,INTC
2017-01-31,INTU,1,INTU
2017-01-31,ISRG,1,ISRG
2017-01-31,JD,1,JD
2017-01-31,KHC,1,KHC
2017-01-31,KLAC,1,KLAC
2017-01-31,LBTYA,1,LBTYA
2017-01-31,LRCX,1,LRCX
2017-01-31,MAR,1,MAR
2017-01-31,MAT,1,MAT
2017-01-31,MCHP,1,MCHP
2017-01-31,MDLZ,1,MDLZ
2017-01-31,MNST,1,MNST
2017-01-31,MSFT,1,MSFT
2017-01-31,MU,1,MU
2017-01-31,MXIM,1,MXIM
2017-01-31,MYL,1,MYL
2017-01-31,NCLH,1,NCLH
2017-01-31,NFLX,1,NFLX
2017-01-31,NTES,1,NTES
2017-01-31,NVDA,1,NVDA
2017-01-31,NXPI,1,NXPI
2017-01-31,ORLY,1,ORLY
2017-01-31,PAYX,1,PAYX
2017-01-31,PCAR,1,PCAR
2017-01-31,PCLN,1,BKNG
2017-01-31,PYPL,1,PYPL
2017-01-31,QCOM,1,QCOM
2017-01-31,QRTEA,1,QRTEA
2017-01-31,REGN,1,REGN
2017-01-31,ROST,1,ROST
2017-01-31,SBAC,1,SBAC
2017-01-31,SBUX,1,SBUX
2017-01-31,SHPG,1,SHPG
2017-01-31,SIRI,1,SIRI
2017-01-31,STX,1,STX
2017-01-31,SWKS,1,SWKS
2017-01-31,SYMC,1,NLOK
2017-01-31,TMUS,1,TMUS
2017-01-31,TRIP,1,TRIP
2017-01-31,TSCO,1,TSCO
2017-01-31,TSLA,1,TSLA
2017-01-31,TXN,1,TXN
2017-01-31,ULTA,1,ULTA
2017-01-31,VIAB,1,VIAB
2017-01-31,VOD,1,VOD
2017-01-31,VRSK,1,VRSK
2017-01-31,VRTX,1,VRTX
2017-01-31,WBA,1,WBA
2017-01-31,WDC,1,WDC
2017-01-31,XLNX,1,XLNX
2017-01-31,XRAY,1,XRAY
2017-01-31,YHOO,1,YHOO
2017-02-28,AAL,1,AAL
2017-02-28,AAPL,1,AAPL
2017-02-28,ADBE,1,ADBE
2017-02-28,ADI,1,ADI
2017-02-28,ADP,1,ADP
2017-02-28,ADSK,1,ADSK
2017-02-28,AKAM,1,AKAM
2017-02-28,ALXN,1,ALXN
2017-02-28,AMAT,1,AMAT
2017-02-28,AMGN,1,AMGN
2017-02-28,AMZN,1,AMZN
2017-02-28,ATVI,1,ATVI
2017-02-28,AVGO,1,AVGO
2017-02-28,BIDU,1,BIDU
2017-02-28,BIIB,1,BIIB
2017-02-28,BMRN,1,BMRN
2017-02-28,CA,1,CA
2017-02-28,CELG,1,CELG
2017-02-28,CERN,1,CERN
2017-02-28,CHKP,1,CHKP
2017-02-28,CHTR,1,CHTR
2017-02-28,CMCSA,1,CMCSA
2017-02-28,COST,1,COST
2017-02-28,CSCO,1,CSCO
2017-02-28,CSX,1,CSX
2017-02-28,CTAS,1,CTAS
2017-02-28,CTRP,1,TCOM
2017-02-28,CTSH,1,CTSH
2017-02-28,CTXS,1,CTXS
2017-02-28,DISCA,1,DISCA
2017-02-28,DISH,1,DISH
2017-02-28,DLTR,1,DLTR
2017-02-28,EA,1,EA
2017-02-28,EBAY,1,EBAY
2017-02-28,ESRX,1,ESRX
2017-02-28,EXPE,1,EXPE
2017-02-28,FAST,1,FAST
2017-02-28,FB,1,META
2017-02-28,FISV,1,FISV
2017-02-28,FOXA,1,FOXA
2017-02-28,GILD,1,GILD
2017-02-28,GOOGL,1,GOOGL
2017-02-28,HAS,1,HAS
2017-02-28,HOLX,1,HOLX
2017-02-28,HSIC,1,HSIC
2017-02-28,ILMN,1,ILMN
2017-02-28,INCY,1,INCY
2017-02-28,INTC,1,INTC
2017-02-28,INTU,1,INTU
2017-02-28,ISRG,1,ISRG
2017-02-28,JBHT,1,JBHT
2017-02-28,JD,1,JD
2017-02-28,KHC,1,KHC
2017-02-28,KLAC,1,KLAC
2017-02-28,LBTYA,1,LBTYA
2017-02-28,LRCX,1,LRCX
2017-02-28,MAR,1,MAR
2017-02-28,MAT,1,MAT
2017-02-28,MCHP,1,MCHP
2017-02-28,MDLZ,1,MDLZ
2017-02-28,MNST,1,MNST
2017-02-28,MSFT,1,MSFT
2017-02-28,MU,1,MU
2017-02-28,MXIM,1,MXIM
2017-02-28,MYL,1,MYL
2017-02-28,NCLH,1,NCLH
2017-02-28,NFLX,1,NFLX
2017-02-28,NTES,1,NTES
2017-02-28,NVDA,1,NVDA
2017-02-28,ORLY,1,ORLY
2017-02-28,PAYX,1,PAYX
2017-02-28,PCAR,1,PCAR
2017-02-28,PCLN,1,BKNG
2017-02-28,PYPL,1,PYPL
2017-02-28,QCOM,1,QCOM
2017-02-28,QRTEA,1,QRTEA
2017-02-28,REGN,1,REGN
2017-02-28,ROST,1,ROST
2017-02-28,SBAC,1,SBAC
2017-02-28,SBUX,1,SBUX
2017-02-28,SHPG,1,SHPG
2017-02-28,SIRI,1,SIRI
2017-02-28,STX,1,STX
2017-02-28,SWKS,1,SWKS
2017-02-28,SYMC,1,NLOK
2017-02-28,TMUS,1,TMUS
2017-02-28,TRIP,1,TRIP
2017-02-28,TSCO,1,TSCO
2017-02-28,TSLA,1,TSLA
2017-02-28,TXN,1,TXN
2017-02-28,ULTA,1,ULTA
2017-02-28,VIAB,1,VIAB
2017-02-28,VOD,1,VOD
2017-02-28,VRSK,1,VRSK
2017-02-28,VRTX,1,VRTX
2017-02-28,WBA,1,WBA
2017-02-28,WDC,1,WDC
2017-02-28,XLNX,1,XLNX
2017-02-28,XRAY,1,XRAY
2017-02-28,YHOO,1,YHOO
2017-03-31,AAL,1,AAL
2017-03-31,AAPL,1,AAPL
2017-03-31,ADBE,1,ADBE
2017-03-31,ADI,1,ADI
2017-03-31,ADP,1,ADP
2017-03-31,ADSK,1,ADSK
2017-03-31,AKAM,1,AKAM
2017-03-31,ALXN,1,ALXN
2017-03-31,AMAT,1,AMAT
2017-03-31,AMGN,1,AMGN
2017-03-31,AMZN,1,AMZN
2017-03-31,ATVI,1,ATVI
2017-03-31,AVGO,1,AVGO
2017-03-31,BIDU,1,BIDU
2017-03-31,BIIB,1,BIIB
2017-03-31,BMRN,1,BMRN
2017-03-31,CA,1,CA
2017-03-31,CELG,1,CELG
2017-03-31,CERN,1,CERN
2017-03-31,CHKP,1,CHKP
2017-03-31,CHTR,1,CHTR
2017-03-31,CMCSA,1,CMCSA
2017-03-31,COST,1,COST
2017-03-31,CSCO,1,CSCO
2017-03-31,CSX,1,CSX
2017-03-31,CTAS,1,CTAS
2017-03-31,CTRP,1,TCOM
2017-03-31,CTSH,1,CTSH
2017-03-31,CTXS,1,CTXS
2017-03-31,DISCA,1,DISCA
2017-03-31,DISH,1,DISH
2017-03-31,DLTR,1,DLTR
2017-03-31,EA,1,EA
2017-03-31,EBAY,1,EBAY
2017-03-31,ESRX,1,ESRX
2017-03-31,EXPE,1,EXPE
2017-03-31,FAST,1,FAST
2017-03-31,FB,1,META
2017-03-31,FISV,1,FISV
2017-03-31,FOXA,1,FOXA
2017-03-31,GILD,1,GILD
2017-03-31,GOOGL,1,GOOGL
2017-03-31,HAS,1,HAS
2017-03-31,HOLX,1,HOLX
2017-03-31,HSIC,1,HSIC
2017-03-31,IDXX,1,IDXX
2017-03-31,ILMN,1,ILMN
2017-03-31,INCY,1,INCY
2017-03-31,INTC,1,INTC
2017-03-31,INTU,1,INTU
2017-03-31,ISRG,1,ISRG
2017-03-31,JBHT,1,JBHT
2017-03-31,JD,1,JD
2017-03-31,KHC,1,KHC
2017-03-31,KLAC,1,KLAC
2017-03-31,LBTYA,1,LBTYA
2017-03-31,LRCX,1,LRCX
2017-03-31,MAR,1,MAR
2017-03-31,MAT,1,MAT
2017-03-31,MCHP,1,MCHP
2017-03-31,MDLZ,1,MDLZ
2017-03-31,MNST,1,MNST
2017-03-31,MSFT,1,MSFT
2017-03-31,MU,1,MU
2017-03-31,MXIM,1,MXIM
2017-03-31,MYL,1,MYL
2017-03-31,NCLH,1,NCLH
2017-03-31,NFLX,1,NFLX
2017-03-31,NTES,1,NTES
2017-03-31,NVDA,1,NVDA
2017-03-31,ORLY,1,ORLY
2017-03-31,PAYX,1,PAYX
2017-03-31,PCAR,1,PCAR
2017-03-31,PCLN,1,BKNG
2017-03-31,PYPL,1,PYPL
2017-03-31,QCOM,1,QCOM
2017-03-31,QRTEA,1,QRTEA
2017-03-31,REGN,1,REGN
2017-03-31,ROST,1,ROST
2017-03-31,SBUX,1,SBUX
2017-03-31,SHPG,1,SHPG
2017-03-31,SIRI,1,SIRI
2017-03-31,STX,1,STX
2017-03-31,SWKS,1,SWKS
2017-03-31,SYMC,1,NLOK
2017-03-31,TMUS,1,TMUS
2017-03-31,TRIP,1,TRIP
2017-03-31,TSCO,1,TSCO
2017-03-31,TSLA,1,TSLA
2017-03-31,TXN,1,TXN
2017-03-31,ULTA,1,ULTA
2017-03-31,VIAB,1,VIAB
2017-03-31,VOD,1,VOD
2017-03-31,VRSK,1,VRSK
2017-03-31,VRTX,1,VRTX
2017-03-31,WBA,1,WBA
2017-03-31,WDC,1,WDC
2017-03-31,XLNX,1,XLNX
2017-03-31,XRAY,1,XRAY
2017-03-31,YHOO,1,YHOO
2017-04-30,AAL,1,AAL
2017-04-30,AAPL,1,AAPL
2017-04-30,ADBE,1,ADBE
2017-04-30,ADI,1,ADI
2017-04-30,ADP,1,ADP
2017-04-30,ADSK,1,ADSK
2017-04-30,AKAM,1,AKAM
2017-04-30,ALXN,1,ALXN
2017-04-30,AMAT,1,AMAT
2017-04-30,AMGN,1,AMGN
2017-04-30,AMZN,1,AMZN
2017-04-30,ATVI,1,ATVI
2017-04-30,AVGO,1,AVGO
2017-04-30,BIDU,1,BIDU
2017-04-30,BIIB,1,BIIB
2017-04-30,BMRN,1,BMRN
2017-04-30,CA,1,CA
2017-04-30,CELG,1,CELG
2017-04-30,CERN,1,CERN
2017-04-30,CHKP,1,CHKP
2017-04-30,CHTR,1,CHTR
2017-04-30,CMCSA,1,CMCSA
2017-04-30,COST,1,COST
2017-04-30,CSCO,1,CSCO
2017-04-30,CSX,1,CSX
2017-04-30,CTAS,1,CTAS
2017-04-30,CTRP,1,TCOM
2017-04-30,CTSH,1,CTSH
2017-04-30,CTXS,1,CTXS
2017-04-30,DISCA,1,DISCA
2017-04-30,DISH,1,DISH
2017-04-30,DLTR,1,DLTR
2017-04-30,EA,1,EA
2017-04-30,EBAY,1,EBAY
2017-04-30,ESRX,1,ESRX
2017-04-30,EXPE,1,EXPE
2017-04-30,FAST,1,FAST
2017-04-30,FB,1,META
2017-04-30,FISV,1,FISV
2017-04-30,FOXA,1,FOXA
2017-04-30,GILD,1,GILD
2017-04-30,GOOGL,1,GOOGL
2017-04-30,HAS,1,HAS
2017-04-30,HOLX,1,HOLX
2017-04-30,HSIC,1,HSIC
2017-04-30,IDXX,1,IDXX
2017-04-30,ILMN,1,ILMN
2017-04-30,INCY,1,INCY
2017-04-30,INTC,1,INTC
2017-04-30,INTU,1,INTU
2017-04-30,ISRG,1,ISRG
2017-04-30,JBHT,1,JBHT
2017-04-30,JD,1,JD
2017-04-30,KHC,1,KHC
2017-04-30,KLAC,1,KLAC
2017-04-30,LBTYA,1,LBTYA
2017-04-30,LRCX,1,LRCX
2017-04-30,MAR,1,MAR
2017-04-30,MAT,1,MAT
2017-04-30,MCHP,1,MCHP
2017-04-30,MDLZ,1,MDLZ
2017-04-30,MNST,1,MNST
2017-04-30,MSFT,1,MSFT
2017-04-30,MU,1,MU
2017-04-30,MXIM,1,MXIM
2017-04-30,MYL,1,MYL
2017-04-30,NCLH,1,NCLH
2017-04-30,NFLX,1,NFLX
2017-04-30,NTES,1,NTES
2017-04-30,NVDA,1,NVDA
2017-04-30,ORLY,1,ORLY
2017-04-30,PAYX,1,PAYX
2017-04-30,PCAR,1,PCAR
2017-04-30,PCLN,1,BKNG
2017-04-30,PYPL,1,PYPL
2017-04-30,QCOM,1,QCOM
2017-04-30,QRTEA,1,QRTEA
2017-04-30,REGN,1,REGN
2017-04-30,ROST,1,ROST
2017-04-30,SBUX,1,SBUX
2017-04-30,SHPG,1,SHPG
2017-04-30,SIRI,1,SIRI
2017-04-30,STX,1,STX
2017-04-30,SWKS,1,SWKS
2017-04-30,SYMC,1,NLOK
2017-04-30,TMUS,1,TMUS
2017-04-30,TSCO,1,TSCO
2017-04-30,TSLA,1,TSLA
2017-04-30,TXN,1,TXN
2017-04-30,ULTA,1,ULTA
2017-04-30,VIAB,1,VIAB
2017-04-30,VOD,1,VOD
2017-04-30,VRSK,1,VRSK
2017-04-30,VRTX,1,VRTX
2017-04-30,WBA,1,WBA
2017-04-30,WDC,1,WDC
2017-04-30,WYNN,1,WYNN
2017-04-30,XLNX,1,XLNX
2017-04-30,XRAY,1,XRAY
2017-04-30,YHOO,1,YHOO
2017-05-31,AAL,1,AAL
2017-05-31,AAPL,1,AAPL
2017-05-31,ADBE,1,ADBE
2017-05-31,ADI,1,ADI
2017-05-31,ADP,1,ADP
2017-05-31,ADSK,1,ADSK
2017-05-31,AKAM,1,AKAM
2017-05-31,ALXN,1,ALXN
2017-05-31,AMAT,1,AMAT
2017-05-31,AMGN,1,AMGN
2017-05-31,AMZN,1,AMZN
2017-05-31,ATVI,1,ATVI
2017-05-31,AVGO,1,AVGO
2017-05-31,BIDU,1,BIDU
2017-05-31,BIIB,1,BIIB
2017-05-31,BMRN,1,BMRN
2017-05-31,CA,1,CA
2017-05-31,CELG,1,CELG
2017-05-31,CERN,1,CERN
2017-05-31,CHKP,1,CHKP
2017-05-31,CHTR,1,CHTR
2017-05-31,CMCSA,1,CMCSA
2017-05-31,COST,1,COST
2017-05-31,CSCO,1,CSCO
2017-05-31,CSX,1,CSX
2017-05-31,CTAS,1,CTAS
2017-05-31,CTRP,1,TCOM
2017-05-31,CTSH,1,CTSH
2017-05-31,CTXS,1,CTXS
2017-05-31,DISCA,1,DISCA
2017-05-31,DISH,1,DISH
2017-05-31,DLTR,1,DLTR
2017-05-31,EA,1,EA
2017-05-31,EBAY,1,EBAY
2017-05-31,ESRX,1,ESRX
2017-05-31,EXPE,1,EXPE
2017-05-31,FAST,1,FAST
2017-05-31,FB,1,META
2017-05-31,FISV,1,FISV
2017-05-31,FOXA,1,FOXA
2017-05-31,GILD,1,GILD
2017-05-31,GOOGL,1,GOOGL
2017-05-31,HAS,1,HAS
2017-05-31,HOLX,1,HOLX
2017-05-31,HSIC,1,HSIC
2017-05-31,IDXX,1,IDXX
2017-05-31,ILMN,1,ILMN
2017-05-31,INCY,1,INCY
2017-05-31,INTC,1,INTC
2017-05-31,INTU,1,INTU
2017-05-31,ISRG,1,ISRG
2017-05-31,JBHT,1,JBHT
2017-05-31,JD,1,JD
2017-05-31,KHC,1,KHC
2017-05-31,KLAC,1,KLAC
2017-05-31,LBTYA,1,LBTYA
2017-05-31,LRCX,1,LRCX
2017-05-31,MAR,1,MAR
2017-05-31,MAT,1,MAT
2017-05-31,MCHP,1,MCHP
2017-05-31,MDLZ,1,MDLZ
2017-05-31,MNST,1,MNST
2017-05-31,MSFT,1,MSFT
2017-05-31,MU,1,MU
2017-05-31,MXIM,1,MXIM
2017-05-31,MYL,1,MYL
2017-05-31,NCLH,1,NCLH
2017-05-31,NFLX,1,NFLX
2017-05-31,NTES,1,NTES
2017-05-31,NVDA,1,NVDA
2017-05-31,ORLY,1,ORLY
2017-05-31,PAYX,1,PAYX
2017-05-31,PCAR,1,PCAR
2017-05-31,PCLN,1,BKNG
2017-05-31,PYPL,1,PYPL
2017-05-31,QCOM,1,QCOM
2017-05-31,QRTEA,1,QRTEA
2017-05-31,REGN,1,REGN
2017-05-31,ROST,1,ROST
2017-05-31,SBUX,1,SBUX
2017-05-31,SHPG,1,SHPG
2017-05-31,SIRI,1,SIRI
2017-05-31,STX,1,STX
2017-05-31,SWKS,1,SWKS
2017-05-31,SYMC,1,NLOK
2017-05-31,TMUS,1,TMUS
2017-05-31,TSCO,1,TSCO
2017-05-31,TSLA,1,TSLA
2017-05-31,TXN,1,TXN
2017-05-31,ULTA,1,ULTA
2017-05-31,VIAB,1,VIAB
2017-05-31,VOD,1,VOD
2017-05-31,VRSK,1,VRSK
2017-05-31,VRTX,1,VRTX
2017-05-31,WBA,1,WBA
2017-05-31,WDC,1,WDC
2017-05-31,WYNN,1,WYNN
2017-05-31,XLNX,1,XLNX
2017-05-31,XRAY,1,XRAY
2017-05-31,YHOO,1,YHOO
2017-06-30,AAL,1,AAL
2017-06-30,AAPL,1,AAPL
2017-06-30,ADBE,1,ADBE
2017-06-30,ADI,1,ADI
2017-06-30,ADP,1,ADP
2017-06-30,ADSK,1,ADSK
2017-06-30,AKAM,1,AKAM
2017-06-30,ALXN,1,ALXN
2017-06-30,AMAT,1,AMAT
2017-06-30,AMGN,1,AMGN
2017-06-30,AMZN,1,AMZN
2017-06-30,ATVI,1,ATVI
2017-06-30,AVGO,1,AVGO
2017-06-30,BIDU,1,BIDU
2017-06-30,BIIB,1,BIIB
2017-06-30,BMRN,1,BMRN
2017-06-30,CA,1,CA
2017-06-30,CELG,1,CELG
2017-06-30,CERN,1,CERN
2017-06-30,CHKP,1,CHKP
2017-06-30,CHTR,1,CHTR
2017-06-30,CMCSA,1,CMCSA
2017-06-30,COST,1,COST
2017-06-30,CSCO,1,CSCO
2017-06-30,CSX,1,CSX
2017-06-30,CTAS,1,CTAS
2017-06-30,CTRP,1,TCOM
2017-06-30,CTSH,1,CTSH
2017-06-30,CTXS,1,CTXS
2017-06-30,DISCA,1,DISCA
2017-06-30,DISH,1,DISH
2017-06-30,DLTR,1,DLTR
2017-06-30,EA,1,EA
2017-06-30,EBAY,1,EBAY
2017-06-30,ESRX,1,ESRX
2017-06-30,EXPE,1,EXPE
2017-06-30,FAST,1,FAST
2017-06-30,FB,1,META
2017-06-30,FISV,1,FISV
2017-06-30,FOXA,1,FOXA
2017-06-30,GILD,1,GILD
2017-06-30,GOOGL,1,GOOGL
2017-06-30,HAS,1,HAS
2017-06-30,HOLX,1,HOLX
2017-06-30,HSIC,1,HSIC
2017-06-30,IDXX,1,IDXX
2017-06-30,ILMN,1,ILMN
2017-06-30,INCY,1,INCY
2017-06-30,INTC,1,INTC
2017-06-30,INTU,1,INTU
2017-06-30,ISRG,1,ISRG
2017-06-30,JBHT,1,JBHT
2017-06-30,JD,1,JD
2017-06-30,KHC,1,KHC
2017-06-30,KLAC,1,KLAC
2017-06-30,LBTYA,1,LBTYA
2017-06-30,LRCX,1,LRCX
2017-06-30,MAR,1,MAR
2017-06-30,MAT,1,MAT
2017-06-30,MCHP,1,MCHP
2017-06-30,MDLZ,1,MDLZ
2017-06-30,MELI,1,MELI
2017-06-30,MNST,1,MNST
2017-06-30,MSFT,1,MSFT
2017-06-30,MU,1,MU
2017-06-30,MXIM,1,MXIM
2017-06-30,MYL,1,MYL
2017-06-30,NCLH,1,NCLH
2017-06-30,NFLX,1,NFLX
2017-06-30,NTES,1,NTES
2017-06-30,NVDA,1,NVDA
2017-06-30,ORLY,1,ORLY
2017-06-30,PAYX,1,PAYX
2017-06-30,PCAR,1,PCAR
2017-06-30,PCLN,1,BKNG
2017-06-30,PYPL,1,PYPL
2017-06-30,QCOM,1,QCOM
2017-06-30,QRTEA,1,QRTEA
2017-06-30,REGN,1,REGN
2017-06-30,ROST,1,ROST
2017-06-30,SBUX,1,SBUX
2017-06-30,SHPG,1,SHPG
2017-06-30,SIRI,1,SIRI
2017-06-30,STX,1,STX
2017-06-30,SWKS,1,SWKS
2017-06-30,SYMC,1,NLOK
2017-06-30,TMUS,1,TMUS
2017-06-30,TSCO,1,TSCO
2017-06-30,TSLA,1,TSLA
2017-06-30,TXN,1,TXN
2017-06-30,ULTA,1,ULTA
2017-06-30,VIAB,1,VIAB
2017-06-30,VOD,1,VOD
2017-06-30,VRSK,1,VRSK
2017-06-30,VRTX,1,VRTX
2017-06-30,WBA,1,WBA
2017-06-30,WDC,1,WDC
2017-06-30,WYNN,1,WYNN
2017-06-30,XLNX,1,XLNX
2017-06-30,XRAY,1,XRAY
2017-07-31,AAL,1,AAL
2017-07-31,AAPL,1,AAPL
2017-07-31,ADBE,1,ADBE
2017-07-31,ADI,1,ADI
2017-07-31,ADP,1,ADP
2017-07-31,ADSK,1,ADSK
2017-07-31,AKAM,1,AKAM
2017-07-31,ALXN,1,ALXN
2017-07-31,AMAT,1,AMAT
2017-07-31,AMGN,1,AMGN
2017-07-31,AMZN,1,AMZN
2017-07-31,ATVI,1,ATVI
2017-07-31,AVGO,1,AVGO
2017-07-31,BIDU,1,BIDU
2017-07-31,BIIB,1,BIIB
2017-07-31,BMRN,1,BMRN
2017-07-31,CA,1,CA
2017-07-31,CELG,1,CELG
2017-07-31,CERN,1,CERN
2017-07-31,CHKP,1,CHKP
2017-07-31,CHTR,1,CHTR
2017-07-31,CMCSA,1,CMCSA
2017-07-31,COST,1,COST
2017-07-31,CSCO,1,CSCO
2017-07-31,CSX,1,CSX
2017-07-31,CTAS,1,CTAS
2017-07-31,CTRP,1,TCOM
2017-07-31,CTSH,1,CTSH
2017-07-31,CTXS,1,CTXS
2017-07-31,DISCA,1,DISCA
2017-07-31,DISH,1,DISH
2017-07-31,DLTR,1,DLTR
2017-07-31,EA,1,EA
2017-07-31,EBAY,1,EBAY
2017-07-31,ESRX,1,ESRX
2017-07-31,EXPE,1,EXPE
2017-07-31,FAST,1,FAST
2017-07-31,FB,1,META
2017-07-31,FISV,1,FISV
2017-07-31,FOXA,1,FOXA
2017-07-31,GILD,1,GILD
2017-07-31,GOOGL,1,GOOGL
2017-07-31,HAS,1,HAS
2017-07-31,HOLX,1,HOLX
2017-07-31,HSIC,1,HSIC
2017-07-31,IDXX,1,IDXX
2017-07-31,ILMN,1,ILMN
2017-07-31,INCY,1,INCY
2017-07-31,INTC,1,INTC
2017-07-31,INTU,1,INTU
2017-07-31,ISRG,1,ISRG
2017-07-31,JBHT,1,JBHT
2017-07-31,JD,1,JD
2017-07-31,KHC,1,KHC
2017-07-31,KLAC,1,KLAC
2017-07-31,LBTYA,1,LBTYA
2017-07-31,LRCX,1,LRCX
2017-07-31,MAR,1,MAR
2017-07-31,MAT,1,MAT
2017-07-31,MCHP,1,MCHP
2017-07-31,MDLZ,1,MDLZ
2017-07-31,MELI,1,MELI
2017-07-31,MNST,1,MNST
2017-07-31,MSFT,1,MSFT
2017-07-31,MU,1,MU
2017-07-31,MXIM,1,MXIM
2017-07-31,MYL,1,MYL
2017-07-31,NCLH,1,NCLH
2017-07-31,NFLX,1,NFLX
2017-07-31,NTES,1,NTES
2017-07-31,NVDA,1,NVDA
2017-07-31,ORLY,1,ORLY
2017-07-31,PAYX,1,PAYX
2017-07-31,PCAR,1,PCAR
2017-07-31,PCLN,1,BKNG
2017-07-31,PYPL,1,PYPL
2017-07-31,QCOM,1,QCOM
2017-07-31,QRTEA,1,QRTEA
2017-07-31,REGN,1,REGN
2017-07-31,ROST,1,ROST
2017-07-31,SBUX,1,SBUX
2017-07-31,SHPG,1,SHPG
2017-07-31,SIRI,1,SIRI
2017-07-31,STX,1,STX
2017-07-31,SWKS,1,SWKS
2017-07-31,SYMC,1,NLOK
2017-07-31,TMUS,1,TMUS
2017-07-31,TSCO,1,TSCO
2017-07-31,TSLA,1,TSLA
2017-07-31,TXN,1,TXN
2017-07-31,ULTA,1,ULTA
2017-07-31,VIAB,1,VIAB
2017-07-31,VOD,1,VOD
2017-07-31,VRSK,1,VRSK
2017-07-31,VRTX,1,VRTX
2017-07-31,WBA,1,WBA
2017-07-31,WDC,1,WDC
2017-07-31,WYNN,1,WYNN
2017-07-31,XLNX,1,XLNX
2017-07-31,XRAY,1,XRAY
2017-08-31,AAL,1,AAL
2017-08-31,AAPL,1,AAPL
2017-08-31,ADBE,1,ADBE
2017-08-31,ADI,1,ADI
2017-08-31,ADP,1,ADP
2017-08-31,ADSK,1,ADSK
2017-08-31,AKAM,1,AKAM
2017-08-31,ALXN,1,ALXN
2017-08-31,AMAT,1,AMAT
2017-08-31,AMGN,1,AMGN
2017-08-31,AMZN,1,AMZN
2017-08-31,ATVI,1,ATVI
2017-08-31,AVGO,1,AVGO
2017-08-31,BIDU,1,BIDU
2017-08-31,BIIB,1,BIIB
2017-08-31,BMRN,1,BMRN
2017-08-31,CA,1,CA
2017-08-31,CELG,1,CELG
2017-08-31,CERN,1,CERN
2017-08-31,CHKP,1,CHKP
2017-08-31,CHTR,1,CHTR
2017-08-31,CMCSA,1,CMCSA
2017-08-31,COST,1,COST
2017-08-31,CSCO,1,CSCO
2017-08-31,CSX,1,CSX
2017-08-31,CTAS,1,CTAS
2017-08-31,CTRP,1,TCOM
2017-08-31,CTSH,1,CTSH
2017-08-31,CTXS,1,CTXS
2017-08-31,DISCA,1,DISCA
2017-08-31,DISH,1,DISH
2017-08-31,DLTR,1,DLTR
2017-08-31,EA,1,EA
2017-08-31,EBAY,1,EBAY
2017-08-31,ESRX,1,ESRX
2017-08-31,EXPE,1,EXPE
2017-08-31,FAST,1,FAST
2017-08-31,FB,1,META
2017-08-31,FISV,1,FISV
2017-08-31,FOXA,1,FOXA
2017-08-31,GILD,1,GILD
2017-08-31,GOOGL,1,GOOGL
2017-08-31,HAS,1,HAS
2017-08-31,HOLX,1,HOLX
2017-08-31,HSIC,1,HSIC
2017-08-31,IDXX,1,IDXX
2017-08-31,ILMN,1,ILMN
2017-08-31,INCY,1,INCY
2017-08-31,INTC,1,INTC
2017-08-31,INTU,1,INTU
2017-08-31,ISRG,1,ISRG
2017-08-31,JBHT,1,JBHT
2017-08-31,JD,1,JD
2017-08-31,KHC,1,KHC
2017-08-31,KLAC,1,KLAC
2017-08-31,LBTYA,1,LBTYA
2017-08-31,LRCX,1,LRCX
2017-08-31,MAR,1,MAR
2017-08-31,MAT,1,MAT
2017-08-31,MCHP,1,MCHP
2017-08-31,MDLZ,1,MDLZ
2017-08-31,MELI,1,MELI
2017-08-31,MNST,1,MNST
2017-08-31,MSFT,1,MSFT
2017-08-31,MU,1,MU
2017-08-31,MXIM,1,MXIM
2017-08-31,MYL,1,MYL
2017-08-31,NCLH,1,NCLH
2017-08-31,NFLX,1,NFLX
2017-08-31,NTES,1,NTES
2017-08-31,NVDA,1,NVDA
2017-08-31,ORLY,1,ORLY
2017-08-31,PAYX,1,PAYX
2017-08-31,PCAR,1,PCAR
2017-08-31,PCLN,1,BKNG
2017-08-31,PYPL,1,PYPL
2017-08-31,QCOM,1,QCOM
2017-08-31,QRTEA,1,QRTEA
2017-08-31,REGN,1,REGN
2017-08-31,ROST,1,ROST
2017-08-31,SBUX,1,SBUX
2017-08-31,SHPG,1,SHPG
2017-08-31,SIRI,1,SIRI
2017-08-31,STX,1,STX
2017-08-31,SWKS,1,SWKS
2017-08-31,SYMC,1,NLOK
2017-08-31,TMUS,1,TMUS
2017-08-31,TSCO,1,TSCO
2017-08-31,TSLA,1,TSLA
2017-08-31,TXN,1,TXN
2017-08-31,ULTA,1,ULTA
2017-08-31,VIAB,1,VIAB
2017-08-31,VOD,1,VOD
2017-08-31,VRSK,1,VRSK
2017-08-31,VRTX,1,VRTX
2017-08-31,WBA,1,WBA
2017-08-31,WDC,1,WDC
2017-08-31,WYNN,1,WYNN
2017-08-31,XLNX,1,XLNX
2017-08-31,XRAY,1,XRAY
2017-09-30,AAL,1,AAL
2017-09-30,AAPL,1,AAPL
2017-09-30,ADBE,1,ADBE
2017-09-30,ADI,1,ADI
2017-09-30,ADP,1,ADP
2017-09-30,ADSK,1,ADSK
2017-09-30,AKAM,1,AKAM
2017-09-30,ALXN,1,ALXN
2017-09-30,AMAT,1,AMAT
2017-09-30,AMGN,1,AMGN
2017-09-30,AMZN,1,AMZN
2017-09-30,ATVI,1,ATVI
2017-09-30,AVGO,1,AVGO
2017-09-30,BIDU,1,BIDU
2017-09-30,BIIB,1,BIIB
2017-09-30,BMRN,1,BMRN
2017-09-30,CA,1,CA
2017-09-30,CELG,1,CELG
2017-09-30,CERN,1,CERN
2017-09-30,CHKP,1,CHKP
2017-09-30,CHTR,1,CHTR
2017-09-30,CMCSA,1,CMCSA
2017-09-30,COST,1,COST
2017-09-30,CSCO,1,CSCO
2017-09-30,CSX,1,CSX
2017-09-30,CTAS,1,CTAS
2017-09-30,CTRP,1,TCOM
2017-09-30,CTSH,1,CTSH
2017-09-30,CTXS,1,CTXS
2017-09-30,DISCA,1,DISCA
2017-09-30,DISH,1,DISH
2017-09-30,DLTR,1,DLTR
2017-09-30,EA,1,EA
2017-09-30,EBAY,1,EBAY
2017-09-30,ESRX,1,ESRX
2017-09-30,EXPE,1,EXPE
2017-09-30,FAST,1,FAST
2017-09-30,FB,1,META
2017-09-30,FISV,1,FISV
2017-09-30,FOXA,1,FOXA
2017-09-30,GILD,1,GILD
2017-09-30,GOOGL,1,GOOGL
2017-09-30,HAS,1,HAS
2017-09-30,HOLX,1,HOLX
2017-09-30,HSIC,1,HSIC
2017-09-30,IDXX,1,IDXX
2017-09-30,ILMN,1,ILMN
2017-09-30,INCY,1,INCY
2017-09-30,INTC,1,INTC
2017-09-30,INTU,1,INTU
2017-09-30,ISRG,1,ISRG
2017-09-30,JBHT,1,JBHT
2017-09-30,JD,1,JD
2017-09-30,KHC,1,KHC
2017-09-30,KLAC,1,KLAC
2017-09-30,LBTYA,1,LBTYA
2017-09-30,LRCX,1,LRCX
2017-09-30,MAR,1,MAR
2017-09-30,MAT,1,MAT
2017-09-30,MCHP,1,MCHP
2017-09-30,MDLZ,1,MDLZ
2017-09-30,MELI,1,MELI
2017-09-30,MNST,1,MNST
2017-09-30,MSFT,1,MSFT
2017-09-30,MU,1,MU
2017-09-30,MXIM,1,MXIM
2017-09-30,MYL,1,MYL
2017-09-30,NCLH,1,NCLH
2017-09-30,NFLX,1,NFLX
2017-09-30,NTES,1,NTES
2017-09-30,NVDA,1,NVDA
2017-09-30,ORLY,1,ORLY
2017-09-30,PAYX,1,PAYX
2017-09-30,PCAR,1,PCAR
2017-09-30,PCLN,1,BKNG
2017-09-30,PYPL,1,PYPL
2017-09-30,QCOM,1,QCOM
2017-09-30,QRTEA,1,QRTEA
2017-09-30,REGN,1,REGN
2017-09-30,ROST,1,ROST
2017-09-30,SBUX,1,SBUX
2017-09-30,SHPG,1,SHPG
2017-09-30,SIRI,1,SIRI
2017-09-30,STX,1,STX
2017-09-30,SWKS,1,SWKS
2017-09-30,SYMC,1,NLOK
2017-09-30,TMUS,1,TMUS
2017-09-30,TSCO,1,TSCO
2017-09-30,TSLA,1,TSLA
2017-09-30,TXN,1,TXN
2017-09-30,ULTA,1,ULTA
2017-09-30,VIAB,1,VIAB
2017-09-30,VOD,1,VOD
2017-09-30,VRSK,1,VRSK
2017-09-30,VRTX,1,VRTX
2017-09-30,WBA,1,WBA
2017-09-30,WDC,1,WDC
2017-09-30,WYNN,1,WYNN
2017-09-30,XLNX,1,XLNX
2017-09-30,XRAY,1,XRAY
2017-10-31,AAL,1,AAL
2017-10-31,AAPL,1,AAPL
2017-10-31,ADBE,1,ADBE
2017-10-31,ADI,1,ADI
2017-10-31,ADP,1,ADP
2017-10-31,ADSK,1,ADSK
2017-10-31,AKAM,1,AKAM
2017-10-31,ALGN,1,ALGN
2017-10-31,ALXN,1,ALXN
2017-10-31,AMAT,1,AMAT
2017-10-31,AMGN,1,AMGN
2017-10-31,AMZN,1,AMZN
2017-10-31,ATVI,1,ATVI
2017-10-31,AVGO,1,AVGO
2017-10-31,BIDU,1,BIDU
2017-10-31,BIIB,1,BIIB
2017-10-31,BMRN,1,BMRN
2017-10-31,CA,1,CA
2017-10-31,CELG,1,CELG
2017-10-31,CERN,1,CERN
2017-10-31,CHKP,1,CHKP
2017-10-31,CHTR,1,CHTR
2017-10-31,CMCSA,1,CMCSA
2017-10-31,COST,1,COST
2017-10-31,CSCO,1,CSCO
2017-10-31,CSX,1,CSX
2017-10-31,CTAS,1,CTAS
2017-10-31,CTRP,1,TCOM
2017-10-31,CTSH,1,CTSH
2017-10-31,CTXS,1,CTXS
2017-10-31,DISCA,1,DISCA
2017-10-31,DISH,1,DISH
2017-10-31,DLTR,1,DLTR
2017-10-31,EA,1,EA
2017-10-31,EBAY,1,EBAY
2017-10-31,ESRX,1,ESRX
2017-10-31,EXPE,1,EXPE
2017-10-31,FAST,1,FAST
2017-10-31,FB,1,META
2017-10-31,FISV,1,FISV
2017-10-31,FOXA,1,FOXA
2017-10-31,GILD,1,GILD
2017-10-31,GOOGL,1,GOOGL
2017-10-31,HAS,1,HAS
2017-10-31,HOLX,1,HOLX
2017-10-31,HSIC,1,HSIC
2017-10-31,IDXX,1,IDXX
2017-10-31,ILMN,1,ILMN
2017-10-31,INCY,1,INCY
2017-10-31,INTC,1,INTC
2017-10-31,INTU,1,INTU
2017-10-31,ISRG,1,ISRG
2017-10-31,JBHT,1,JBHT
2017-10-31,JD,1,JD
2017-10-31,KHC,1,KHC
2017-10-31,KLAC,1,KLAC
2017-10-31,LBTYA,1,LBTYA
2017-10-31,LRCX,1,LRCX
2017-10-31,MAR,1,MAR
2017-10-31,MCHP,1,MCHP
2017-10-31,MDLZ,1,MDLZ
2017-10-31,MELI,1,MELI
2017-10-31,MNST,1,MNST
2017-10-31,MSFT,1,MSFT
2017-10-31,MU,1,MU
2017-10-31,MXIM,1,MXIM
2017-10-31,MYL,1,MYL
2017-10-31,NCLH,1,NCLH
2017-10-31,NFLX,1,NFLX
2017-10-31,NTES,1,NTES
2017-10-31,NVDA,1,NVDA
2017-10-31,ORLY,1,ORLY
2017-10-31,PAYX,1,PAYX
2017-10-31,PCAR,1,PCAR
2017-10-31,PCLN,1,BKNG
2017-10-31,PYPL,1,PYPL
2017-10-31,QCOM,1,QCOM
2017-10-31,QRTEA,1,QRTEA
2017-10-31,REGN,1,REGN
2017-10-31,ROST,1,ROST
2017-10-31,SBUX,1,SBUX
2017-10-31,SHPG,1,SHPG
2017-10-31,SIRI,1,SIRI
2017-10-31,STX,1,STX
2017-10-31,SWKS,1,SWKS
2017-10-31,SYMC,1,NLOK
2017-10-31,TMUS,1,TMUS
2017-10-31,TSCO,1,TSCO
2017-10-31,TSLA,1,TSLA
2017-10-31,TXN,1,TXN
2017-10-31,ULTA,1,ULTA
2017-10-31,VIAB,1,VIAB
2017-10-31,VOD,1,VOD
2017-10-31,VRSK,1,VRSK
2017-10-31,VRTX,1,VRTX
2017-10-31,WBA,1,WBA
2017-10-31,WDC,1,WDC
2017-10-31,WYNN,1,WYNN
2017-10-31,XLNX,1,XLNX
2017-10-31,XRAY,1,XRAY
2017-11-30,AAL,1,AAL
2017-11-30,AAPL,1,AAPL
2017-11-30,ADBE,1,ADBE
2017-11-30,ADI,1,ADI
2017-11-30,ADP,1,ADP
2017-11-30,ADSK,1,ADSK
2017-11-30,AKAM,1,AKAM
2017-11-30,ALGN,1,ALGN
2017-11-30,ALXN,1,ALXN
2017-11-30,AMAT,1,AMAT
2017-11-30,AMGN,1,AMGN
2017-11-30,AMZN,1,AMZN
2017-11-30,ATVI,1,ATVI
2017-11-30,AVGO,1,AVGO
2017-11-30,BIDU,1,BIDU
2017-11-30,BIIB,1,BIIB
2017-11-30,BMRN,1,BMRN
2017-11-30,CA,1,CA
2017-11-30,CELG,1,CELG
2017-11-30,CERN,1,CERN
2017-11-30,CHKP,1,CHKP
2017-11-30,CHTR,1,CHTR
2017-11-30,CMCSA,1,CMCSA
2017-11-30,COST,1,COST
2017-11-30,CSCO,1,CSCO
2017-11-30,CSX,1,CSX
2017-11-30,CTAS,1,CTAS
2017-11-30,CTRP,1,TCOM
2017-11-30,CTSH,1,CTSH
2017-11-30,CTXS,1,CTXS
2017-11-30,DISCA,1,DISCA
2017-11-30,DISH,1,DISH
2017-11-30,DLTR,1,DLTR
2017-11-30,EA,1,EA
2017-11-30,EBAY,1,EBAY
2017-11-30,ESRX,1,ESRX
2017-11-30,EXPE,1,EXPE
2017-11-30,FAST,1,FAST
2017-11-30,FB,1,META
2017-11-30,FISV,1,FISV
2017-11-30,FOXA,1,FOXA
2017-11-30,GILD,1,GILD
2017-11-30,GOOGL,1,GOOGL
2017-11-30,HAS,1,HAS
2017-11-30,HOLX,1,HOLX
2017-11-30,HSIC,1,HSIC
2017-11-30,IDXX,1,IDXX
2017-11-30,ILMN,1,ILMN
2017-11-30,INCY,1,INCY
2017-11-30,INTC,1,INTC
2017-11-30,INTU,1,INTU
2017-11-30,ISRG,1,ISRG
2017-11-30,JBHT,1,JBHT
2017-11-30,JD,1,JD
2017-11-30,KHC,1,KHC
2017-11-30,KLAC,1,KLAC
2017-11-30,LBTYA,1,LBTYA
2017-11-30,LRCX,1,LRCX
2017-11-30,MAR,1,MAR
2017-11-30,MCHP,1,MCHP
2017-11-30,MDLZ,1,MDLZ
2017-11-30,MELI,1,MELI
2017-11-30,MNST,1,MNST
2017-11-30,MSFT,1,MSFT
2017-11-30,MU,1,MU
2017-11-30,MXIM,1,MXIM
2017-11-30,MYL,1,MYL
2017-11-30,NCLH,1,NCLH
2017-11-30,NFLX,1,NFLX
2017-11-30,NTES,1,NTES
2017-11-30,NVDA,1,NVDA
2017-11-30,ORLY,1,ORLY
2017-11-30,PAYX,1,PAYX
2017-11-30,PCAR,1,PCAR
2017-11-30,PCLN,1,BKNG
2017-11-30,PYPL,1,PYPL
2017-11-30,QCOM,1,QCOM
2017-11-30,QRTEA,1,QRTEA
2017-11-30,REGN,1,REGN
2017-11-30,ROST,1,ROST
2017-11-30,SBUX,1,SBUX
2017-11-30,SHPG,1,SHPG
2017-11-30,SIRI,1,SIRI
2017-11-30,STX,1,STX
2017-11-30,SWKS,1,SWKS
2017-11-30,SYMC,1,NLOK
2017-11-30,TMUS,1,TMUS
2017-11-30,TSCO,1,TSCO
2017-11-30,TSLA,1,TSLA
2017-11-30,TXN,1,TXN
2017-11-30,ULTA,1,ULTA
2017-11-30,VIAB,1,VIAB
2017-11-30,VOD,1,VOD
2017-11-30,VRSK,1,VRSK
2017-11-30,VRTX,1,VRTX
2017-11-30,WBA,1,WBA
2017-11-30,WDC,1,WDC
2017-11-30,WYNN,1,WYNN
2017-11-30,XLNX,1,XLNX
2017-11-30,XRAY,1,XRAY
2017-12-31,AAL,1,AAL
2017-12-31,AAPL,1,AAPL
2017-12-31,ADBE,1,ADBE
2017-12-31,ADI,1,ADI
2017-12-31,ADP,1,ADP
2017-12-31,ADSK,1,ADSK
2017-12-31,ALGN,1,ALGN
2017-12-31,ALXN,1,ALXN
2017-12-31,AMAT,1,AMAT
2017-12-31,AMGN,1,AMGN
2017-12-31,AMZN,1,AMZN
2017-12-31,ASML,1,ASML
2017-12-31,ATVI,1,ATVI
2017-12-31,AVGO,1,AVGO
2017-12-31,BIDU,1,BIDU
2017-12-31,BIIB,1,BIIB
2017-12-31,BMRN,1,BMRN
2017-12-31,CA,1,CA
2017-12-31,CDNS,1,CDNS
2017-12-31,CELG,1,CELG
2017-12-31,CERN,1,CERN
2017-12-31,CHKP,1,CHKP
2017-12-31,CHTR,1,CHTR
2017-12-31,CMCSA,1,CMCSA
2017-12-31,COST,1,COST
2017-12-31,CSCO,1,CSCO
2017-12-31,CSX,1,CSX
2017-12-31,CTAS,1,CTAS
2017-12-31,CTRP,1,TCOM
2017-12-31,CTSH,1,CTSH
2017-12-31,CTXS,1,CTXS
2017-12-31,DISH,1,DISH
2017-12-31,DLTR,1,DLTR
2017-12-31,EA,1,EA
2017-12-31,EBAY,1,EBAY
2017-12-31,ESRX,1,ESRX
2017-12-31,EXPE,1,EXPE
2017-12-31,FAST,1,FAST
2017-12-31,FB,1,META
2017-12-31,FISV,1,FISV
2017-12-31,FOXA,1,FOXA
2017-12-31,GILD,1,GILD
2017-12-31,GOOGL,1,GOOGL
2017-12-31,HAS,1,HAS
2017-12-31,HOLX,1,HOLX
2017-12-31,HSIC,1,HSIC
2017-12-31,IDXX,1,IDXX
2017-12-31,ILMN,1,ILMN
2017-12-31,INCY,1,INCY
2017-12-31,INTC,1,INTC
2017-12-31,INTU,1,INTU
2017-12-31,ISRG,1,ISRG
2017-12-31,JBHT,1,JBHT
2017-12-31,JD,1,JD
2017-12-31,KHC,1,KHC
2017-12-31,KLAC,1,KLAC
2017-12-31,LBTYA,1,LBTYA
2017-12-31,LRCX,1,LRCX
2017-12-31,MAR,1,MAR
2017-12-31,MCHP,1,MCHP
2017-12-31,MDLZ,1,MDLZ
2017-12-31,MELI,1,MELI
2017-12-31,MNST,1,MNST
2017-12-31,MSFT,1,MSFT
2017-12-31,MU,1,MU
2017-12-31,MXIM,1,MXIM
2017-12-31,MYL,1,MYL
2017-12-31,NFLX,1,NFLX
2017-12-31,NTES,1,NTES
2017-12-31,NVDA,1,NVDA
2017-12-31,ORLY,1,ORLY
2017-12-31,PAYX,1,PAYX
2017-12-31,PCAR,1,PCAR
2017-12-31,PCLN,1,BKNG
2017-12-31,PYPL,1,PYPL
2017-12-31,QCOM,1,QCOM
2017-12-31,QRTEA,1,QRTEA
2017-12-31,REGN,1,REGN
2017-12-31,ROST,1,ROST
2017-12-31,SBUX,1,SBUX
2017-12-31,SHPG,1,SHPG
2017-12-31,SIRI,1,SIRI
2017-12-31,SNPS,1,SNPS
2017-12-31,STX,1,STX
2017-12-31,SWKS,1,SWKS
2017-12-31,SYMC,1,NLOK
2017-12-31,TMUS,1,TMUS
2017-12-31,TSLA,1,TSLA
2017-12-31,TTWO,1,TTWO
2017-12-31,TXN,1,TXN
2017-12-31,ULTA,1,ULTA
2017-12-31,VOD,1,VOD
2017-12-31,VRSK,1,VRSK
2017-12-31,VRTX,1,VRTX
2017-12-31,WBA,1,WBA
2017-12-31,WDAY,1,WDAY
2017-12-31,WDC,1,WDC
2017-12-31,WYNN,1,WYNN
2017-12-31,XLNX,1,XLNX
2017-12-31,XRAY,1,XRAY
2018-01-31,AAL,1,AAL
2018-01-31,AAPL,1,AAPL
2018-01-31,ADBE,1,ADBE
2018-01-31,ADI,1,ADI
2018-01-31,ADP,1,ADP
2018-01-31,ADSK,1,ADSK
2018-01-31,ALGN,1,ALGN
2018-01-31,ALXN,1,ALXN
2018-01-31,AMAT,1,AMAT
2018-01-31,AMGN,1,AMGN
2018-01-31,AMZN,1,AMZN
2018-01-31,ASML,1,ASML
2018-01-31,ATVI,1,ATVI
2018-01-31,AVGO,1,AVGO
2018-01-31,BIDU,1,BIDU
2018-01-31,BIIB,1,BIIB
2018-01-31,BMRN,1,BMRN
2018-01-31,CA,1,CA
2018-01-31,CDNS,1,CDNS
2018-01-31,CELG,1,CELG
2018-01-31,CERN,1,CERN
2018-01-31,CHKP,1,CHKP
2018-01-31,CHTR,1,CHTR
2018-01-31,CMCSA,1,CMCSA
2018-01-31,COST,1,COST
2018-01-31,CSCO,1,CSCO
2018-01-31,CSX,1,CSX
2018-01-31,CTAS,1,CTAS
2018-01-31,CTRP,1,TCOM
2018-01-31,CTSH,1,CTSH
2018-01-31,CTXS,1,CTXS
2018-01-31,DISH,1,DISH
2018-01-31,DLTR,1,DLTR
2018-01-31,EA,1,EA
2018-01-31,EBAY,1,EBAY
2018-01-31,ESRX,1,ESRX
2018-01-31,EXPE,1,EXPE
2018-01-31,FAST,1,FAST
2018-01-31,FB,1,META
2018-01-31,FISV,1,FISV
2018-01-31,FOXA,1,FOXA
2018-01-31,GILD,1,GILD
2018-01-31,GOOGL,1,GOOGL
2018-01-31,HAS,1,HAS
2018-01-31,HOLX,1,HOLX
2018-01-31,HSIC,1,HSIC
2018-01-31,IDXX,1,IDXX
2018-01-31,ILMN,1,ILMN
2018-01-31,INCY,1,INCY
2018-01-31,INTC,1,INTC
2018-01-31,INTU,1,INTU
2018-01-31,ISRG,1,ISRG
2018-01-31,JBHT,1,JBHT
2018-01-31,JD,1,JD
2018-01-31,KHC,1,KHC
2018-01-31,KLAC,1,KLAC
2018-01-31,LBTYA,1,LBTYA
2018-01-31,LRCX,1,LRCX
2018-01-31,MAR,1,MAR
2018-01-31,MCHP,1,MCHP
2018-01-31,MDLZ,1,MDLZ
2018-01-31,MELI,1,MELI
2018-01-31,MNST,1,MNST
2018-01-31,MSFT,1,MSFT
2018-01-31,MU,1,MU
2018-01-31,MXIM,1,MXIM
2018-01-31,MYL,1,MYL
2018-01-31,NFLX,1,NFLX
2018-01-31,NTES,1,NTES
2018-01-31,NVDA,1,NVDA
2018-01-31,ORLY,1,ORLY
2018-01-31,PAYX,1,PAYX
2018-01-31,PCAR,1,PCAR
2018-01-31,PCLN,1,BKNG
2018-01-31,PYPL,1,PYPL
2018-01-31,QCOM,1,QCOM
2018-01-31,QRTEA,1,QRTEA
2018-01-31,REGN,1,REGN
2018-01-31,ROST,1,ROST
2018-01-31,SBUX,1,SBUX
2018-01-31,SHPG,1,SHPG
2018-01-31,SIRI,1,SIRI
2018-01-31,SNPS,1,SNPS
2018-01-31,STX,1,STX
2018-01-31,SWKS,1,SWKS
2018-01-31,SYMC,1,NLOK
2018-01-31,TMUS,1,TMUS
2018-01-31,TSLA,1,TSLA
2018-01-31,TTWO,1,TTWO
2018-01-31,TXN,1,TXN
2018-01-31,ULTA,1,ULTA
2018-01-31,VOD,1,VOD
2018-01-31,VRSK,1,VRSK
2018-01-31,VRTX,1,VRTX
2018-01-31,WBA,1,WBA
2018-01-31,WDAY,1,WDAY
2018-01-31,WDC,1,WDC
2018-01-31,WYNN,1,WYNN
2018-01-31,XLNX,1,XLNX
2018-01-31,XRAY,1,XRAY
2018-02-28,AAL,1,AAL
2018-02-28,AAPL,1,AAPL
2018-02-28,ADBE,1,ADBE
2018-02-28,ADI,1,ADI
2018-02-28,ADP,1,ADP
2018-02-28,ADSK,1,ADSK
2018-02-28,ALGN,1,ALGN
2018-02-28,ALXN,1,ALXN
2018-02-28,AMAT,1,AMAT
2018-02-28,AMGN,1,AMGN
2018-02-28,AMZN,1,AMZN
2018-02-28,ASML,1,ASML
2018-02-28,ATVI,1,ATVI
2018-02-28,AVGO,1,AVGO
2018-02-28,BIDU,1,BIDU
2018-02-28,BIIB,1,BIIB
2018-02-28,BKNG,1,BKNG
2018-02-28,BMRN,1,BMRN
2018-02-28,CA,1,CA
2018-02-28,CDNS,1,CDNS
2018-02-28,CELG,1,CELG
2018-02-28,CERN,1,CERN
2018-02-28,CHKP,1,CHKP
2018-02-28,CHTR,1,CHTR
2018-02-28,CMCSA,1,CMCSA
2018-02-28,COST,1,COST
2018-02-28,CSCO,1,CSCO
2018-02-28,CSX,1,CSX
2018-02-28,CTAS,1,CTAS
2018-02-28,CTRP,1,TCOM
2018-02-28,CTSH,1,CTSH
2018-02-28,CTXS,1,CTXS
2018-02-28,DISH,1,DISH
2018-02-28,DLTR,1,DLTR
2018-02-28,EA,1,EA
2018-02-28,EBAY,1,EBAY
2018-02-28,ESRX,1,ESRX
2018-02-28,EXPE,1,EXPE
2018-02-28,FAST,1,FAST
2018-02-28,FB,1,META
2018-02-28,FISV,1,FISV
2018-02-28,FOXA,1,FOXA
2018-02-28,GILD,1,GILD
2018-02-28,GOOGL,1,GOOGL
2018-02-28,HAS,1,HAS
2018-02-28,HOLX,1,HOLX
2018-02-28,HSIC,1,HSIC
2018-02-28,IDXX,1,IDXX
2018-02-28,ILMN,1,ILMN
2018-02-28,INCY,1,INCY
2018-02-28,INTC,1,INTC
2018-02-28,INTU,1,INTU
2018-02-28,ISRG,1,ISRG
2018-02-28,JBHT,1,JBHT
2018-02-28,JD,1,JD
2018-02-28,KHC,1,KHC
2018-02-28,KLAC,1,KLAC
2018-02-28,LBTYA,1,LBTYA
2018-02-28,LRCX,1,LRCX
2018-02-28,MAR,1,MAR
2018-02-28,MCHP,1,MCHP
2018-02-28,MDLZ,1,MDLZ
2018-02-28,MELI,1,MELI
2018-02-28,MNST,1,MNST
2018-02-28,MSFT,1,MSFT
2018-02-28,MU,1,MU
2018-02-28,MXIM,1,MXIM
2018-02-28,MYL,1,MYL
2018-02-28,NFLX,1,NFLX
2018-02-28,NTES,1,NTES
2018-02-28,NVDA,1,NVDA
2018-02-28,ORLY,1,ORLY
2018-02-28,PAYX,1,PAYX
2018-02-28,PCAR,1,PCAR
2018-02-28,PYPL,1,PYPL
2018-02-28,QCOM,1,QCOM
2018-02-28,QRTEA,1,QRTEA
2018-02-28,REGN,1,REGN
2018-02-28,ROST,1,ROST
2018-02-28,SBUX,1,SBUX
2018-02-28,SHPG,1,SHPG
2018-02-28,SIRI,1,SIRI
2018-02-28,SNPS,1,SNPS
2018-02-28,STX,1,STX
2018-02-28,SWKS,1,SWKS
2018-02-28,SYMC,1,NLOK
2018-02-28,TMUS,1,TMUS
2018-02-28,TSLA,1,TSLA
2018-02-28,TTWO,1,TTWO
2018-02-28,TXN,1,TXN
2018-02-28,ULTA,1,ULTA
2018-02-28,VOD,1,VOD
2018-02-28,VRSK,1,VRSK
2018-02-28,VRTX,1,VRTX
2018-02-28,WBA,1,WBA
2018-02-28,WDAY,1,WDAY
2018-02-28,WDC,1,WDC
2018-02-28,WYNN,1,WYNN
2018-02-28,XLNX,1,XLNX
2018-02-28,XRAY,1,XRAY
2018-03-31,AAL,1,AAL
2018-03-31,AAPL,1,AAPL
2018-03-31,ADBE,1,ADBE
2018-03-31,ADI,1,ADI
2018-03-31,ADP,1,ADP
2018-03-31,ADSK,1,ADSK
2018-03-31,ALGN,1,ALGN
2018-03-31,ALXN,1,ALXN
2018-03-31,AMAT,1,AMAT
2018-03-31,AMGN,1,AMGN
2018-03-31,AMZN,1,AMZN
2018-03-31,ASML,1,ASML
2018-03-31,ATVI,1,ATVI
2018-03-31,AVGO,1,AVGO
2018-03-31,BIDU,1,BIDU
2018-03-31,BIIB,1,BIIB
2018-03-31,BKNG,1,BKNG
2018-03-31,BMRN,1,BMRN
2018-03-31,CA,1,CA
2018-03-31,CDNS,1,CDNS
2018-03-31,CELG,1,CELG
2018-03-31,CERN,1,CERN
2018-03-31,CHKP,1,CHKP
2018-03-31,CHTR,1,CHTR
2018-03-31,CMCSA,1,CMCSA
2018-03-31,COST,1,COST
2018-03-31,CSCO,1,CSCO
2018-03-31,CSX,1,CSX
2018-03-31,CTAS,1,CTAS
2018-03-31,CTRP,1,TCOM
2018-03-31,CTSH,1,CTSH
2018-03-31,CTXS,1,CTXS
2018-03-31,DISH,1,DISH
2018-03-31,DLTR,1,DLTR
2018-03-31,EA,1,EA
2018-03-31,EBAY,1,EBAY
2018-03-31,ESRX,1,ESRX
2018-03-31,EXPE,1,EXPE
2018-03-31,FAST,1,FAST
2018-03-31,FB,1,META
2018-03-31,FISV,1,FISV
2018-03-31,FOXA,1,FOXA
2018-03-31,GILD,1,GILD
2018-03-31,GOOGL,1,GOOGL
2018-03-31,HAS,1,HAS
2018-03-31,HOLX,1,HOLX
2018-03-31,HSIC,1,HSIC
2018-03-31,IDXX,1,IDXX
2018-03-31,ILMN,1,ILMN
2018-03-31,INCY,1,INCY
2018-03-31,INTC,1,INTC
2018-03-31,INTU,1,INTU
2018-03-31,ISRG,1,ISRG
2018-03-31,JBHT,1,JBHT
2018-03-31,JD,1,JD
2018-03-31,KHC,1,KHC
2018-03-31,KLAC,1,KLAC
2018-03-31,LBTYA,1,LBTYA
2018-03-31,LRCX,1,LRCX
2018-03-31,MAR,1,MAR
2018-03-31,MCHP,1,MCHP
2018-03-31,MDLZ,1,MDLZ
2018-03-31,MELI,1,MELI
2018-03-31,MNST,1,MNST
2018-03-31,MSFT,1,MSFT
2018-03-31,MU,1,MU
2018-03-31,MXIM,1,MXIM
2018-03-31,MYL,1,MYL
2018-03-31,NFLX,1,NFLX
2018-03-31,NTES,1,NTES
2018-03-31,NVDA,1,NVDA
2018-03-31,ORLY,1,ORLY
2018-03-31,PAYX,1,PAYX
2018-03-31,PCAR,1,PCAR
2018-03-31,PYPL,1,PYPL
2018-03-31,QCOM,1,QCOM
2018-03-31,QRTEA,1,QRTEA
2018-03-31,REGN,1,REGN
2018-03-31,ROST,1,ROST
2018-03-31,SBUX,1,SBUX
2018-03-31,SHPG,1,SHPG
2018-03-31,SIRI,1,SIRI
2018-03-31,SNPS,1,SNPS
2018-03-31,STX,1,STX
2018-03-31,SWKS,1,SWKS
2018-03-31,SYMC,1,NLOK
2018-03-31,TMUS,1,TMUS
2018-03-31,TSLA,1,TSLA
2018-03-31,TTWO,1,TTWO
2018-03-31,TXN,1,TXN
2018-03-31,ULTA,1,ULTA
2018-03-31,VOD,1,VOD
2018-03-31,VRSK,1,VRSK
2018-03-31,VRTX,1,VRTX
2018-03-31,WBA,1,WBA
2018-03-31,WDAY,1,WDAY
2018-03-31,WDC,1,WDC
2018-03-31,WYNN,1,WYNN
2018-03-31,XLNX,1,XLNX
2018-03-31,XRAY,1,XRAY
2018-04-30,AAL,1,AAL
2018-04-30,AAPL,1,AAPL
2018-04-30,ADBE,1,ADBE
2018-04-30,ADI,1,ADI
2018-04-30,ADP,1,ADP
2018-04-30,ADSK,1,ADSK
2018-04-30,ALGN,1,ALGN
2018-04-30,ALXN,1,ALXN
2018-04-30,AMAT,1,AMAT
2018-04-30,AMGN,1,AMGN
2018-04-30,AMZN,1,AMZN
2018-04-30,ASML,1,ASML
2018-04-30,ATVI,1,ATVI
2018-04-30,AVGO,1,AVGO
2018-04-30,BIDU,1,BIDU
2018-04-30,BIIB,1,BIIB
2018-04-30,BKNG,1,BKNG
2018-04-30,BMRN,1,BMRN
2018-04-30,CA,1,CA
2018-04-30,CDNS,1,CDNS
2018-04-30,CELG,1,CELG
2018-04-30,CERN,1,CERN
2018-04-30,CHKP,1,CHKP
2018-04-30,CHTR,1,CHTR
2018-04-30,CMCSA,1,CMCSA
2018-04-30,COST,1,COST
2018-04-30,CSCO,1,CSCO
2018-04-30,CSX,1,CSX
2018-04-30,CTAS,1,CTAS
2018-04-30,CTRP,1,TCOM
2018-04-30,CTSH,1,CTSH
2018-04-30,CTXS,1,CTXS
2018-04-30,DISH,1,DISH
2018-04-30,DLTR,1,DLTR
2018-04-30,EA,1,EA
2018-04-30,EBAY,1,EBAY
2018-04-30,ESRX,1,ESRX
2018-04-30,EXPE,1,EXPE
2018-04-30,FAST,1,FAST
2018-04-30,FB,1,META
2018-04-30,FISV,1,FISV
2018-04-30,FOXA,1,FOXA
2018-04-30,GILD,1,GILD
2018-04-30,GOOGL,1,GOOGL
2018-04-30,HAS,1,HAS
2018-04-30,HOLX,1,HOLX
2018-04-30,HSIC,1,HSIC
2018-04-30,IDXX,1,IDXX
2018-04-30,ILMN,1,ILMN
2018-04-30,INCY,1,INCY
2018-04-30,INTC,1,INTC
2018-04-30,INTU,1,INTU
2018-04-30,ISRG,1,ISRG
2018-04-30,JBHT,1,JBHT
2018-04-30,JD,1,JD
2018-04-30,KHC,1,KHC
2018-04-30,KLAC,1,KLAC
2018-04-30,LBTYA,1,LBTYA
2018-04-30,LRCX,1,LRCX
2018-04-30,MAR,1,MAR
2018-04-30,MCHP,1,MCHP
2018-04-30,MDLZ,1,MDLZ
2018-04-30,MELI,1,MELI
2018-04-30,MNST,1,MNST
2018-04-30,MSFT,1,MSFT
2018-04-30,MU,1,MU
2018-04-30,MXIM,1,MXIM
2018-04-30,MYL,1,MYL
2018-04-30,NFLX,1,NFLX
2018-04-30,NTES,1,NTES
2018-04-30,NVDA,1,NVDA
2018-04-30,ORLY,1,ORLY
2018-04-30,PAYX,1,PAYX
2018-04-30,PCAR,1,PCAR
2018-04-30,PYPL,1,PYPL
2018-04-30,QCOM,1,QCOM
2018-04-30,QRTEA,1,QRTEA
2018-04-30,REGN,1,REGN
2018-04-30,ROST,1,ROST
2018-04-30,SBUX,1,SBUX
2018-04-30,SHPG,1,SHPG
2018-04-30,SIRI,1,SIRI
2018-04-30,SNPS,1,SNPS
2018-04-30,STX,1,STX
2018-04-30,SWKS,1,SWKS
2018-04-30,SYMC,1,NLOK
2018-04-30,TMUS,1,TMUS
2018-04-30,TSLA,1,TSLA
2018-04-30,TTWO,1,TTWO
2018-04-30,TXN,1,TXN
2018-04-30,ULTA,1,ULTA
2018-04-30,VOD,1,VOD
2018-04-30,VRSK,1,VRSK
2018-04-30,VRTX,1,VRTX
2018-04-30,WBA,1,WBA
2018-04-30,WDAY,1,WDAY
2018-04-30,WDC,1,WDC
2018-04-30,WYNN,1,WYNN
2018-04-30,XLNX,1,XLNX
2018-04-30,XRAY,1,XRAY
2018-05-31,AAL,1,AAL
2018-05-31,AAPL,1,AAPL
2018-05-31,ADBE,1,ADBE
2018-05-31,ADI,1,ADI
2018-05-31,ADP,1,ADP
2018-05-31,ADSK,1,ADSK
2018-05-31,ALGN,1,ALGN
2018-05-31,ALXN,1,ALXN
2018-05-31,AMAT,1,AMAT
2018-05-31,AMGN,1,AMGN
2018-05-31,AMZN,1,AMZN
2018-05-31,ASML,1,ASML
2018-05-31,ATVI,1,ATVI
2018-05-31,AVGO,1,AVGO
2018-05-31,BIDU,1,BIDU
2018-05-31,BIIB,1,BIIB
2018-05-31,BKNG,1,BKNG
2018-05-31,BMRN,1,BMRN
2018-05-31,CA,1,CA
2018-05-31,CDNS,1,CDNS
2018-05-31,CELG,1,CELG
2018-05-31,CERN,1,CERN
2018-05-31,CHKP,1,CHKP
2018-05-31,CHTR,1,CHTR
2018-05-31,CMCSA,1,CMCSA
2018-05-31,COST,1,COST
2018-05-31,CSCO,1,CSCO
2018-05-31,CSX,1,CSX
2018-05-31,CTAS,1,CTAS
2018-05-31,CTRP,1,TCOM
2018-05-31,CTSH,1,CTSH
2018-05-31,CTXS,1,CTXS
2018-05-31,DISH,1,DISH
2018-05-31,DLTR,1,DLTR
2018-05-31,EA,1,EA
2018-05-31,EBAY,1,EBAY
2018-05-31,ESRX,1,ESRX
2018-05-31,EXPE,1,EXPE
2018-05-31,FAST,1,FAST
2018-05-31,FB,1,META
2018-05-31,FISV,1,FISV
2018-05-31,FOXA,1,FOXA
2018-05-31,GILD,1,GILD
2018-05-31,GOOGL,1,GOOGL
2018-05-31,HAS,1,HAS
2018-05-31,HOLX,1,HOLX
2018-05-31,HSIC,1,HSIC
2018-05-31,IDXX,1,IDXX
2018-05-31,ILMN,1,ILMN
2018-05-31,INCY,1,INCY
2018-05-31,INTC,1,INTC
2018-05-31,INTU,1,INTU
2018-05-31,ISRG,1,ISRG
2018-05-31,JBHT,1,JBHT
2018-05-31,JD,1,JD
2018-05-31,KHC,1,KHC
2018-05-31,KLAC,1,KLAC
2018-05-31,LBTYA,1,LBTYA
2018-05-31,LRCX,1,LRCX
2018-05-31,MAR,1,MAR
2018-05-31,MCHP,1,MCHP
2018-05-31,MDLZ,1,MDLZ
2018-05-31,MELI,1,MELI
2018-05-31,MNST,1,MNST
2018-05-31,MSFT,1,MSFT
2018-05-31,MU,1,MU
2018-05-31,MXIM,1,MXIM
2018-05-31,MYL,1,MYL
2018-05-31,NFLX,1,NFLX
2018-05-31,NTES,1,NTES
2018-05-31,NVDA,1,NVDA
2018-05-31,ORLY,1,ORLY
2018-05-31,PAYX,1,PAYX
2018-05-31,PCAR,1,PCAR
2018-05-31,PYPL,1,PYPL
2018-05-31,QCOM,1,QCOM
2018-05-31,QRTEA,1,QRTEA
2018-05-31,REGN,1,REGN
2018-05-31,ROST,1,ROST
2018-05-31,SBUX,1,SBUX
2018-05-31,SHPG,1,SHPG
2018-05-31,SIRI,1,SIRI
2018-05-31,SNPS,1,SNPS
2018-05-31,STX,1,STX
2018-05-31,SWKS,1,SWKS
2018-05-31,SYMC,1,NLOK
2018-05-31,TMUS,1,TMUS
2018-05-31,TSLA,1,TSLA
2018-05-31,TTWO,1,TTWO
2018-05-31,TXN,1,TXN
2018-05-31,ULTA,1,ULTA
2018-05-31,VOD,1,VOD
2018-05-31,VRSK,1,VRSK
2018-05-31,VRTX,1,VRTX
2018-05-31,WBA,1,WBA
2018-05-31,WDAY,1,WDAY
2018-05-31,WDC,1,WDC
2018-05-31,WYNN,1,WYNN
2018-05-31,XLNX,1,XLNX
2018-05-31,XRAY,1,XRAY
2018-06-30,AAL,1,AAL
2018-06-30,AAPL,1,AAPL
2018-06-30,ADBE,1,ADBE
2018-06-30,ADI,1,ADI
2018-06-30,ADP,1,ADP
2018-06-30,ADSK,1,ADSK
2018-06-30,ALGN,1,ALGN
2018-06-30,ALXN,1,ALXN
2018-06-30,AMAT,1,AMAT
2018-06-30,AMGN,1,AMGN
2018-06-30,AMZN,1,AMZN
2018-06-30,ASML,1,ASML
2018-06-30,ATVI,1,ATVI
2018-06-30,AVGO,1,AVGO
2018-06-30,BIDU,1,BIDU
2018-06-30,BIIB,1,BIIB
2018-06-30,BKNG,1,BKNG
2018-06-30,BMRN,1,BMRN
2018-06-30,CA,1,CA
2018-06-30,CDNS,1,CDNS
2018-06-30,CELG,1,CELG
2018-06-30,CERN,1,CERN
2018-06-30,CHKP,1,CHKP
2018-06-30,CHTR,1,CHTR
2018-06-30,CMCSA,1,CMCSA
2018-06-30,COST,1,COST
2018-06-30,CSCO,1,CSCO
2018-06-30,CSX,1,CSX
2018-06-30,CTAS,1,CTAS
2018-06-30,CTRP,1,TCOM
2018-06-30,CTSH,1,CTSH
2018-06-30,CTXS,1,CTXS
2018-06-30,DISH,1,DISH
2018-06-30,DLTR,1,DLTR
2018-06-30,EA,1,EA
2018-06-30,EBAY,1,EBAY
2018-06-30,ESRX,1,ESRX
2018-06-30,EXPE,1,EXPE
2018-06-30,FAST,1,FAST
2018-06-30,FB,1,META
2018-06-30,FISV,1,FISV
2018-06-30,FOXA,1,FOXA
2018-06-30,GILD,1,GILD
2018-06-30,GOOGL,1,GOOGL
2018-06-30,HAS,1,HAS
2018-06-30,HOLX,1,HOLX
2018-06-30,HSIC,1,HSIC
2018-06-30,IDXX,1,IDXX
2018-06-30,ILMN,1,ILMN
2018-06-30,INCY,1,INCY
2018-06-30,INTC,1,INTC
2018-06-30,INTU,1,INTU
2018-06-30,ISRG,1,ISRG
2018-06-30,JBHT,1,JBHT
2018-06-30,JD,1,JD
2018-06-30,KHC,1,KHC
2018-06-30,KLAC,1,KLAC
2018-06-30,LBTYA,1,LBTYA
2018-06-30,LRCX,1,LRCX
2018-06-30,MAR,1,MAR
2018-06-30,MCHP,1,MCHP
2018-06-30,MDLZ,1,MDLZ
2018-06-30,MELI,1,MELI
2018-06-30,MNST,1,MNST
2018-06-30,MSFT,1,MSFT
2018-06-30,MU,1,MU
2018-06-30,MXIM,1,MXIM
2018-06-30,MYL,1,MYL
2018-06-30,NFLX,1,NFLX
2018-06-30,NTES,1,NTES
2018-06-30,NVDA,1,NVDA
2018-06-30,ORLY,1,ORLY
2018-06-30,PAYX,1,PAYX
2018-06-30,PCAR,1,PCAR
2018-06-30,PYPL,1,PYPL
2018-06-30,QCOM,1,QCOM
2018-06-30,QRTEA,1,QRTEA
2018-06-30,REGN,1,REGN
2018-06-30,ROST,1,ROST
2018-06-30,SBUX,1,SBUX
2018-06-30,SHPG,1,SHPG
2018-06-30,SIRI,1,SIRI
2018-06-30,SNPS,1,SNPS
2018-06-30,STX,1,STX
2018-06-30,SWKS,1,SWKS
2018-06-30,SYMC,1,NLOK
2018-06-30,TMUS,1,TMUS
2018-06-30,TSLA,1,TSLA
2018-06-30,TTWO,1,TTWO
2018-06-30,TXN,1,TXN
2018-06-30,ULTA,1,ULTA
2018-06-30,VOD,1,VOD
2018-06-30,VRSK,1,VRSK
2018-06-30,VRTX,1,VRTX
2018-06-30,WBA,1,WBA
2018-06-30,WDAY,1,WDAY
2018-06-30,WDC,1,WDC
2018-06-30,WYNN,1,WYNN
2018-06-30,XLNX,1,XLNX
2018-06-30,XRAY,1,XRAY
2018-07-31,AAL,1,AAL
2018-07-31,AAPL,1,AAPL
2018-07-31,ADBE,1,ADBE
2018-07-31,ADI,1,ADI
2018-07-31,ADP,1,ADP
2018-07-31,ADSK,1,ADSK
2018-07-31,ALGN,1,ALGN
2018-07-31,ALXN,1,ALXN
2018-07-31,AMAT,1,AMAT
2018-07-31,AMGN,1,AMGN
2018-07-31,AMZN,1,AMZN
2018-07-31,ASML,1,ASML
2018-07-31,ATVI,1,ATVI
2018-07-31,AVGO,1,AVGO
2018-07-31,BIDU,1,BIDU
2018-07-31,BIIB,1,BIIB
2018-07-31,BKNG,1,BKNG
2018-07-31,BMRN,1,BMRN
2018-07-31,CA,1,CA
2018-07-31,CDNS,1,CDNS
2018-07-31,CELG,1,CELG
2018-07-31,CERN,1,CERN
2018-07-31,CHKP,1,CHKP
2018-07-31,CHTR,1,CHTR
2018-07-31,CMCSA,1,CMCSA
2018-07-31,COST,1,COST
2018-07-31,CSCO,1,CSCO
2018-07-31,CSX,1,CSX
2018-07-31,CTAS,1,CTAS
2018-07-31,CTRP,1,TCOM
2018-07-31,CTSH,1,CTSH
2018-07-31,CTXS,1,CTXS
2018-07-31,DLTR,1,DLTR
2018-07-31,EA,1,EA
2018-07-31,EBAY,1,EBAY
2018-07-31,ESRX,1,ESRX
2018-07-31,EXPE,1,EXPE
2018-07-31,FAST,1,FAST
2018-07-31,FB,1,META
2018-07-31,FISV,1,FISV
2018-07-31,FOXA,1,FOXA
2018-07-31,GILD,1,GILD
2018-07-31,GOOGL,1,GOOGL
2018-07-31,HAS,1,HAS
2018-07-31,HOLX,1,HOLX
2018-07-31,HSIC,1,HSIC
2018-07-31,IDXX,1,IDXX
2018-07-31,ILMN,1,ILMN
2018-07-31,INCY,1,INCY
2018-07-31,INTC,1,INTC
2018-07-31,INTU,1,INTU
2018-07-31,ISRG,1,ISRG
2018-07-31,JBHT,1,JBHT
2018-07-31,JD,1,JD
2018-07-31,KHC,1,KHC
2018-07-31,KLAC,1,KLAC
2018-07-31,LBTYA,1,LBTYA
2018-07-31,LRCX,1,LRCX
2018-07-31,MAR,1,MAR
2018-07-31,MCHP,1,MCHP
2018-07-31,MDLZ,1,MDLZ
2018-07-31,MELI,1,MELI
2018-07-31,MNST,1,MNST
2018-07-31,MSFT,1,MSFT
2018-07-31,MU,1,MU
2018-07-31,MXIM,1,MXIM
2018-07-31,MYL,1,MYL
2018-07-31,NFLX,1,NFLX
2018-07-31,NTES,1,NTES
2018-07-31,NVDA,1,NVDA
2018-07-31,ORLY,1,ORLY
2018-07-31,PAYX,1,PAYX
2018-07-31,PCAR,1,PCAR
2018-07-31,PEP,1,PEP
2018-07-31,PYPL,1,PYPL
2018-07-31,QCOM,1,QCOM
2018-07-31,QRTEA,1,QRTEA
2018-07-31,REGN,1,REGN
2018-07-31,ROST,1,ROST
2018-07-31,SBUX,1,SBUX
2018-07-31,SHPG,1,SHPG
2018-07-31,SIRI,1,SIRI
2018-07-31,SNPS,1,SNPS
2018-07-31,STX,1,STX
2018-07-31,SWKS,1,SWKS
2018-07-31,SYMC,1,NLOK
2018-07-31,TMUS,1,TMUS
2018-07-31,TSLA,1,TSLA
2018-07-31,TTWO,1,TTWO
2018-07-31,TXN,1,TXN
2018-07-31,ULTA,1,ULTA
2018-07-31,VOD,1,VOD
2018-07-31,VRSK,1,VRSK
2018-07-31,VRTX,1,VRTX
2018-07-31,WBA,1,WBA
2018-07-31,WDAY,1,WDAY
2018-07-31,WDC,1,WDC
2018-07-31,WYNN,1,WYNN
2018-07-31,XLNX,1,XLNX
2018-07-31,XRAY,1,XRAY
2018-08-31,AAL,1,AAL
2018-08-31,AAPL,1,AAPL
2018-08-31,ADBE,1,ADBE
2018-08-31,ADI,1,ADI
2018-08-31,ADP,1,ADP
2018-08-31,ADSK,1,ADSK
2018-08-31,ALGN,1,ALGN
2018-08-31,ALXN,1,ALXN
2018-08-31,AMAT,1,AMAT
2018-08-31,AMGN,1,AMGN
2018-08-31,AMZN,1,AMZN
2018-08-31,ASML,1,ASML
2018-08-31,ATVI,1,ATVI
2018-08-31,AVGO,1,AVGO
2018-08-31,BIDU,1,BIDU
2018-08-31,BIIB,1,BIIB
2018-08-31,BKNG,1,BKNG
2018-08-31,BMRN,1,BMRN
2018-08-31,CA,1,CA
2018-08-31,CDNS,1,CDNS
2018-08-31,CELG,1,CELG
2018-08-31,CERN,1,CERN
2018-08-31,CHKP,1,CHKP
2018-08-31,CHTR,1,CHTR
2018-08-31,CMCSA,1,CMCSA
2018-08-31,COST,1,COST
2018-08-31,CSCO,1,CSCO
2018-08-31,CSX,1,CSX
2018-08-31,CTAS,1,CTAS
2018-08-31,CTRP,1,TCOM
2018-08-31,CTSH,1,CTSH
2018-08-31,CTXS,1,CTXS
2018-08-31,DLTR,1,DLTR
2018-08-31,EA,1,EA
2018-08-31,EBAY,1,EBAY
2018-08-31,ESRX,1,ESRX
2018-08-31,EXPE,1,EXPE
2018-08-31,FAST,1,FAST
2018-08-31,FB,1,META
2018-08-31,FISV,1,FISV
2018-08-31,FOXA,1,FOXA
2018-08-31,GILD,1,GILD
2018-08-31,GOOGL,1,GOOGL
2018-08-31,HAS,1,HAS
2018-08-31,HOLX,1,HOLX
2018-08-31,HSIC,1,HSIC
2018-08-31,IDXX,1,IDXX
2018-08-31,ILMN,1,ILMN
2018-08-31,INCY,1,INCY
2018-08-31,INTC,1,INTC
2018-08-31,INTU,1,INTU
2018-08-31,ISRG,1,ISRG
2018-08-31,JBHT,1,JBHT
2018-08-31,JD,1,JD
2018-08-31,KHC,1,KHC
2018-08-31,KLAC,1,KLAC
2018-08-31,LBTYA,1,LBTYA
2018-08-31,LRCX,1,LRCX
2018-08-31,MAR,1,MAR
2018-08-31,MCHP,1,MCHP
2018-08-31,MDLZ,1,MDLZ
2018-08-31,MELI,1,MELI
2018-08-31,MNST,1,MNST
2018-08-31,MSFT,1,MSFT
2018-08-31,MU,1,MU
2018-08-31,MXIM,1,MXIM
2018-08-31,MYL,1,MYL
2018-08-31,NFLX,1,NFLX
2018-08-31,NTES,1,NTES
2018-08-31,NVDA,1,NVDA
2018-08-31,ORLY,1,ORLY
2018-08-31,PAYX,1,PAYX
2018-08-31,PCAR,1,PCAR
2018-08-31,PEP,1,PEP
2018-08-31,PYPL,1,PYPL
2018-08-31,QCOM,1,QCOM
2018-08-31,QRTEA,1,QRTEA
2018-08-31,REGN,1,REGN
2018-08-31,ROST,1,ROST
2018-08-31,SBUX,1,SBUX
2018-08-31,SHPG,1,SHPG
2018-08-31,SIRI,1,SIRI
2018-08-31,SNPS,1,SNPS
2018-08-31,STX,1,STX
2018-08-31,SWKS,1,SWKS
2018-08-31,SYMC,1,NLOK
2018-08-31,TMUS,1,TMUS
2018-08-31,TSLA,1,TSLA
2018-08-31,TTWO,1,TTWO
2018-08-31,TXN,1,TXN
2018-08-31,ULTA,1,ULTA
2018-08-31,VOD,1,VOD
2018-08-31,VRSK,1,VRSK
2018-08-31,VRTX,1,VRTX
2018-08-31,WBA,1,WBA
2018-08-31,WDAY,1,WDAY
2018-08-31,WDC,1,WDC
2018-08-31,WYNN,1,WYNN
2018-08-31,XLNX,1,XLNX
2018-08-31,XRAY,1,XRAY
2018-09-30,AAL,1,AAL
2018-09-30,AAPL,1,AAPL
2018-09-30,ADBE,1,ADBE
2018-09-30,ADI,1,ADI
2018-09-30,ADP,1,ADP
2018-09-30,ADSK,1,ADSK
2018-09-30,ALGN,1,ALGN
2018-09-30,ALXN,1,ALXN
2018-09-30,AMAT,1,AMAT
2018-09-30,AMGN,1,AMGN
2018-09-30,AMZN,1,AMZN
2018-09-30,ASML,1,ASML
2018-09-30,ATVI,1,ATVI
2018-09-30,AVGO,1,AVGO
2018-09-30,BIDU,1,BIDU
2018-09-30,BIIB,1,BIIB
2018-09-30,BKNG,1,BKNG
2018-09-30,BMRN,1,BMRN
2018-09-30,CA,1,CA
2018-09-30,CDNS,1,CDNS
2018-09-30,CELG,1,CELG
2018-09-30,CERN,1,CERN
2018-09-30,CHKP,1,CHKP
2018-09-30,CHTR,1,CHTR
2018-09-30,CMCSA,1,CMCSA
2018-09-30,COST,1,COST
2018-09-30,CSCO,1,CSCO
2018-09-30,CSX,1,CSX
2018-09-30,CTAS,1,CTAS
2018-09-30,CTRP,1,TCOM
2018-09-30,CTSH,1,CTSH
2018-09-30,CTXS,1,CTXS
2018-09-30,DLTR,1,DLTR
2018-09-30,EA,1,EA
2018-09-30,EBAY,1,EBAY
2018-09-30,ESRX,1,ESRX
2018-09-30,EXPE,1,EXPE
2018-09-30,FAST,1,FAST
2018-09-30,FB,1,META
2018-09-30,FISV,1,FISV
2018-09-30,FOXA,1,FOXA
2018-09-30,GILD,1,GILD
2018-09-30,GOOGL,1,GOOGL
2018-09-30,HAS,1,HAS
2018-09-30,HOLX,1,HOLX
2018-09-30,HSIC,1,HSIC
2018-09-30,IDXX,1,IDXX
2018-09-30,ILMN,1,ILMN
2018-09-30,INCY,1,INCY
2018-09-30,INTC,1,INTC
2018-09-30,INTU,1,INTU
2018-09-30,ISRG,1,ISRG
2018-09-30,JBHT,1,JBHT
2018-09-30,JD,1,JD
2018-09-30,KHC,1,KHC
2018-09-30,KLAC,1,KLAC
2018-09-30,LBTYA,1,LBTYA
2018-09-30,LRCX,1,LRCX
2018-09-30,MAR,1,MAR
2018-09-30,MCHP,1,MCHP
2018-09-30,MDLZ,1,MDLZ
2018-09-30,MELI,1,MELI
2018-09-30,MNST,1,MNST
2018-09-30,MSFT,1,MSFT
2018-09-30,MU,1,MU
2018-09-30,MXIM,1,MXIM
2018-09-30,MYL,1,MYL
2018-09-30,NFLX,1,NFLX
2018-09-30,NTES,1,NTES
2018-09-30,NVDA,1,NVDA
2018-09-30,ORLY,1,ORLY
2018-09-30,PAYX,1,PAYX
2018-09-30,PCAR,1,PCAR
2018-09-30,PEP,1,PEP
2018-09-30,PYPL,1,PYPL
2018-09-30,QCOM,1,QCOM
2018-09-30,QRTEA,1,QRTEA
2018-09-30,REGN,1,REGN
2018-09-30,ROST,1,ROST
2018-09-30,SBUX,1,SBUX
2018-09-30,SHPG,1,SHPG
2018-09-30,SIRI,1,SIRI
2018-09-30,SNPS,1,SNPS
2018-09-30,STX,1,STX
2018-09-30,SWKS,1,SWKS
2018-09-30,SYMC,1,NLOK
2018-09-30,TMUS,1,TMUS
2018-09-30,TSLA,1,TSLA
2018-09-30,TTWO,1,TTWO
2018-09-30,TXN,1,TXN
2018-09-30,ULTA,1,ULTA
2018-09-30,VOD,1,VOD
2018-09-30,VRSK,1,VRSK
2018-09-30,VRTX,1,VRTX
2018-09-30,WBA,1,WBA
2018-09-30,WDAY,1,WDAY
2018-09-30,WDC,1,WDC
2018-09-30,WYNN,1,WYNN
2018-09-30,XLNX,1,XLNX
2018-09-30,XRAY,1,XRAY
2018-10-31,AAL,1,AAL
2018-10-31,AAPL,1,AAPL
2018-10-31,ADBE,1,ADBE
2018-10-31,ADI,1,ADI
2018-10-31,ADP,1,ADP
2018-10-31,ADSK,1,ADSK
2018-10-31,ALGN,1,ALGN
2018-10-31,ALXN,1,ALXN
2018-10-31,AMAT,1,AMAT
2018-10-31,AMGN,1,AMGN
2018-10-31,AMZN,1,AMZN
2018-10-31,ASML,1,ASML
2018-10-31,ATVI,1,ATVI
2018-10-31,AVGO,1,AVGO
2018-10-31,BIDU,1,BIDU
2018-10-31,BIIB,1,BIIB
2018-10-31,BKNG,1,BKNG
2018-10-31,BMRN,1,BMRN
2018-10-31,CA,1,CA
2018-10-31,CDNS,1,CDNS
2018-10-31,CELG,1,CELG
2018-10-31,CERN,1,CERN
2018-10-31,CHKP,1,CHKP
2018-10-31,CHTR,1,CHTR
2018-10-31,CMCSA,1,CMCSA
2018-10-31,COST,1,COST
2018-10-31,CSCO,1,CSCO
2018-10-31,CSX,1,CSX
2018-10-31,CTAS,1,CTAS
2018-10-31,CTRP,1,TCOM
2018-10-31,CTSH,1,CTSH
2018-10-31,CTXS,1,CTXS
2018-10-31,DLTR,1,DLTR
2018-10-31,EA,1,EA
2018-10-31,EBAY,1,EBAY
2018-10-31,ESRX,1,ESRX
2018-10-31,EXPE,1,EXPE
2018-10-31,FAST,1,FAST
2018-10-31,FB,1,META
2018-10-31,FISV,1,FISV
2018-10-31,FOXA,1,FOXA
2018-10-31,GILD,1,GILD
2018-10-31,GOOGL,1,GOOGL
2018-10-31,HAS,1,HAS
2018-10-31,HOLX,1,HOLX
2018-10-31,HSIC,1,HSIC
2018-10-31,IDXX,1,IDXX
2018-10-31,ILMN,1,ILMN
2018-10-31,INCY,1,INCY
2018-10-31,INTC,1,INTC
2018-10-31,INTU,1,INTU
2018-10-31,ISRG,1,ISRG
2018-10-31,JBHT,1,JBHT
2018-10-31,JD,1,JD
2018-10-31,KHC,1,KHC
2018-10-31,KLAC,1,KLAC
2018-10-31,LBTYA,1,LBTYA
2018-10-31,LRCX,1,LRCX
2018-10-31,MAR,1,MAR
2018-10-31,MCHP,1,MCHP
2018-10-31,MDLZ,1,MDLZ
2018-10-31,MELI,1,MELI
2018-10-31,MNST,1,MNST
2018-10-31,MSFT,1,MSFT
2018-10-31,MU,1,MU
2018-10-31,MXIM,1,MXIM
2018-10-31,MYL,1,MYL
2018-10-31,NFLX,1,NFLX
2018-10-31,NTES,1,NTES
2018-10-31,NVDA,1,NVDA
2018-10-31,ORLY,1,ORLY
2018-10-31,PAYX,1,PAYX
2018-10-31,PCAR,1,PCAR
2018-10-31,PEP,1,PEP
2018-10-31,PYPL,1,PYPL
2018-10-31,QCOM,1,QCOM
2018-10-31,QRTEA,1,QRTEA
2018-10-31,REGN,1,REGN
2018-10-31,ROST,1,ROST
2018-10-31,SBUX,1,SBUX
2018-10-31,SHPG,1,SHPG
2018-10-31,SIRI,1,SIRI
2018-10-31,SNPS,1,SNPS
2018-10-31,STX,1,STX
2018-10-31,SWKS,1,SWKS
2018-10-31,SYMC,1,NLOK
2018-10-31,TMUS,1,TMUS
2018-10-31,TSLA,1,TSLA
2018-10-31,TTWO,1,TTWO
2018-10-31,TXN,1,TXN
2018-10-31,ULTA,1,ULTA
2018-10-31,VOD,1,VOD
2018-10-31,VRSK,1,VRSK
2018-10-31,VRTX,1,VRTX
2018-10-31,WBA,1,WBA
2018-10-31,WDAY,1,WDAY
2018-10-31,WDC,1,WDC
2018-10-31,WYNN,1,WYNN
2018-10-31,XLNX,1,XLNX
2018-10-31,XRAY,1,XRAY
2018-11-30,AAL,1,AAL
2018-11-30,AAPL,1,AAPL
2018-11-30,ADBE,1,ADBE
2018-11-30,ADI,1,ADI
2018-11-30,ADP,1,ADP
2018-11-30,ADSK,1,ADSK
2018-11-30,ALGN,1,ALGN
2018-11-30,ALXN,1,ALXN
2018-11-30,AMAT,1,AMAT
2018-11-30,AMGN,1,AMGN
2018-11-30,AMZN,1,AMZN
2018-11-30,ASML,1,ASML
2018-11-30,ATVI,1,ATVI
2018-11-30,AVGO,1,AVGO
2018-11-30,BIDU,1,BIDU
2018-11-30,BIIB,1,BIIB
2018-11-30,BKNG,1,BKNG
2018-11-30,BMRN,1,BMRN
2018-11-30,CDNS,1,CDNS
2018-11-30,CELG,1,CELG
2018-11-30,CERN,1,CERN
2018-11-30,CHKP,1,CHKP
2018-11-30,CHTR,1,CHTR
2018-11-30,CMCSA,1,CMCSA
2018-11-30,COST,1,COST
2018-11-30,CSCO,1,CSCO
2018-11-30,CSX,1,CSX
2018-11-30,CTAS,1,CTAS
2018-11-30,CTRP,1,TCOM
2018-11-30,CTSH,1,CTSH
2018-11-30,CTXS,1,CTXS
2018-11-30,DLTR,1,DLTR
2018-11-30,EA,1,EA
2018-11-30,EBAY,1,EBAY
2018-11-30,ESRX,1,ESRX
2018-11-30,EXPE,1,EXPE
2018-11-30,FAST,1,FAST
2018-11-30,FB,1,META
2018-11-30,FISV,1,FISV
2018-11-30,FOXA,1,FOXA
2018-11-30,GILD,1,GILD
2018-11-30,GOOGL,1,GOOGL
2018-11-30,HAS,1,HAS
2018-11-30,HOLX,1,HOLX
2018-11-30,HSIC,1,HSIC
2018-11-30,IDXX,1,IDXX
2018-11-30,ILMN,1,ILMN
2018-11-30,INCY,1,INCY
2018-11-30,INTC,1,INTC
2018-11-30,INTU,1,INTU
2018-11-30,ISRG,1,ISRG
2018-11-30,JBHT,1,JBHT
2018-11-30,JD,1,JD
2018-11-30,KHC,1,KHC
2018-11-30,KLAC,1,KLAC
2018-11-30,LBTYA,1,LBTYA
2018-11-30,LRCX,1,LRCX
2018-11-30,MAR,1,MAR
2018-11-30,MCHP,1,MCHP
2018-11-30,MDLZ,1,MDLZ
2018-11-30,MELI,1,MELI
2018-11-30,MNST,1,MNST
2018-11-30,MSFT,1,MSFT
2018-11-30,MU,1,MU
2018-11-30,MXIM,1,MXIM
2018-11-30,MYL,1,MYL
2018-11-30,NFLX,1,NFLX
2018-11-30,NTES,1,NTES
2018-11-30,NVDA,1,NVDA
2018-11-30,NXPI,1,NXPI
2018-11-30,ORLY,1,ORLY
2018-11-30,PAYX,1,PAYX
2018-11-30,PCAR,1,PCAR
2018-11-30,PEP,1,PEP
2018-11-30,PYPL,1,PYPL
2018-11-30,QCOM,1,QCOM
2018-11-30,QRTEA,1,QRTEA
2018-11-30,REGN,1,REGN
2018-11-30,ROST,1,ROST
2018-11-30,SBUX,1,SBUX
2018-11-30,SHPG,1,SHPG
2018-11-30,SIRI,1,SIRI
2018-11-30,SNPS,1,SNPS
2018-11-30,STX,1,STX
2018-11-30,SWKS,1,SWKS
2018-11-30,SYMC,1,NLOK
2018-11-30,TMUS,1,TMUS
2018-11-30,TSLA,1,TSLA
2018-11-30,TTWO,1,TTWO
2018-11-30,TXN,1,TXN
2018-11-30,ULTA,1,ULTA
2018-11-30,VOD,1,VOD
2018-11-30,VRSK,1,VRSK
2018-11-30,VRTX,1,VRTX
2018-11-30,WBA,1,WBA
2018-11-30,WDAY,1,WDAY
2018-11-30,WDC,1,WDC
2018-11-30,WYNN,1,WYNN
2018-11-30,XEL,1,XEL
2018-11-30,XLNX,1,XLNX
2018-12-31,AAL,1,AAL
2018-12-31,AAPL,1,AAPL
2018-12-31,ADBE,1,ADBE
2018-12-31,ADI,1,ADI
2018-12-31,ADP,1,ADP
2018-12-31,ADSK,1,ADSK
2018-12-31,ALGN,1,ALGN
2018-12-31,ALXN,1,ALXN
2018-12-31,AMAT,1,AMAT
2018-12-31,AMD,1,AMD
2018-12-31,AMGN,1,AMGN
2018-12-31,AMZN,1,AMZN
2018-12-31,ASML,1,ASML
2018-12-31,ATVI,1,ATVI
2018-12-31,AVGO,1,AVGO
2018-12-31,BIDU,1,BIDU
2018-12-31,BIIB,1,BIIB
2018-12-31,BKNG,1,BKNG
2018-12-31,BMRN,1,BMRN
2018-12-31,CDNS,1,CDNS
2018-12-31,CELG,1,CELG
2018-12-31,CERN,1,CERN
2018-12-31,CHKP,1,CHKP
2018-12-31,CHTR,1,CHTR
2018-12-31,CMCSA,1,CMCSA
2018-12-31,COST,1,COST
2018-12-31,CSCO,1,CSCO
2018-12-31,CSX,1,CSX
2018-12-31,CTAS,1,CTAS
2018-12-31,CTRP,1,TCOM
2018-12-31,CTSH,1,CTSH
2018-12-31,CTXS,1,CTXS
2018-12-31,DLTR,1,DLTR
2018-12-31,EA,1,EA
2018-12-31,EBAY,1,EBAY
2018-12-31,EXPE,1,EXPE
2018-12-31,FAST,1,FAST
2018-12-31,FB,1,META
2018-12-31,FISV,1,FISV
2018-12-31,FOXA,1,FOXA
2018-12-31,GILD,1,GILD
2018-12-31,GOOGL,1,GOOGL
2018-12-31,HAS,1,HAS
2018-12-31,HSIC,1,HSIC
2018-12-31,IDXX,1,IDXX
2018-12-31,ILMN,1,ILMN
2018-12-31,INCY,1,INCY
2018-12-31,INTC,1,INTC
2018-12-31,INTU,1,INTU
2018-12-31,ISRG,1,ISRG
2018-12-31,JBHT,1,JBHT
2018-12-31,JD,1,JD
2018-12-31,KHC,1,KHC
2018-12-31,KLAC,1,KLAC
2018-12-31,LBTYA,1,LBTYA
2018-12-31,LRCX,1,LRCX
2018-12-31,LULU,1,LULU
2018-12-31,MAR,1,MAR
2018-12-31,MCHP,1,MCHP
2018-12-31,MDLZ,1,MDLZ
2018-12-31,MELI,1,MELI
2018-12-31,MNST,1,MNST
2018-12-31,MSFT,1,MSFT
2018-12-31,MU,1,MU
2018-12-31,MXIM,1,MXIM
2018-12-31,MYL,1,MYL
2018-12-31,NFLX,1,NFLX
2018-12-31,NTAP,1,NTAP
2018-12-31,NTES,1,NTES
2018-12-31,NVDA,1,NVDA
2018-12-31,NXPI,1,NXPI
2018-12-31,ORLY,1,ORLY
2018-12-31,PAYX,1,PAYX
2018-12-31,PCAR,1,PCAR
2018-12-31,PEP,1,PEP
2018-12-31,PYPL,1,PYPL
2018-12-31,QCOM,1,QCOM
2018-12-31,REGN,1,REGN
2018-12-31,ROST,1,ROST
2018-12-31,SBUX,1,SBUX
2018-12-31,SIRI,1,SIRI
2018-12-31,SNPS,1,SNPS
2018-12-31,SWKS,1,SWKS
2018-12-31,SYMC,1,NLOK
2018-12-31,TMUS,1,TMUS
2018-12-31,TSLA,1,TSLA
2018-12-31,TTWO,1,TTWO
2018-12-31,TXN,1,TXN
2018-12-31,UAL,1,UAL
2018-12-31,ULTA,1,ULTA
2018-12-31,VRSK,1,VRSK
2018-12-31,VRSN,1,VRSN
2018-12-31,VRTX,1,VRTX
2018-12-31,WBA,1,WBA
2018-12-31,WDAY,1,WDAY
2018-12-31,WDC,1,WDC
2018-12-31,WLTW,1,WLTW
2018-12-31,WYNN,1,WYNN
2018-12-31,XEL,1,XEL
2018-12-31,XLNX,1,XLNX
2019-01-31,AAL,1,AAL
2019-01-31,AAPL,1,AAPL
2019-01-31,ADBE,1,ADBE
2019-01-31,ADI,1,ADI
2019-01-31,ADP,1,ADP
2019-01-31,ADSK,1,ADSK
2019-01-31,ALGN,1,ALGN
2019-01-31,ALXN,1,ALXN
2019-01-31,AMAT,1,AMAT
2019-01-31,AMD,1,AMD
2019-01-31,AMGN,1,AMGN
2019-01-31,AMZN,1,AMZN
2019-01-31,ASML,1,ASML
2019-01-31,ATVI,1,ATVI
2019-01-31,AVGO,1,AVGO
2019-01-31,BIDU,1,BIDU
2019-01-31,BIIB,1,BIIB
2019-01-31,BKNG,1,BKNG
2019-01-31,BMRN,1,BMRN
2019-01-31,CDNS,1,CDNS
2019-01-31,CELG,1,CELG
2019-01-31,CERN,1,CERN
2019-01-31,CHKP,1,CHKP
2019-01-31,CHTR,1,CHTR
2019-01-31,CMCSA,1,CMCSA
2019-01-31,COST,1,COST
2019-01-31,CSCO,1,CSCO
2019-01-31,CSX,1,CSX
2019-01-31,CTAS,1,CTAS
2019-01-31,CTRP,1,TCOM
2019-01-31,CTSH,1,CTSH
2019-01-31,CTXS,1,CTXS
2019-01-31,DLTR,1,DLTR
2019-01-31,EA,1,EA
2019-01-31,EBAY,1,EBAY
2019-01-31,EXPE,1,EXPE
2019-01-31,FAST,1,FAST
2019-01-31,FB,1,META
2019-01-31,FISV,1,FISV
2019-01-31,FOXA,1,FOXA
2019-01-31,GILD,1,GILD
2019-01-31,GOOGL,1,GOOGL
2019-01-31,HAS,1,HAS
2019-01-31,HSIC,1,HSIC
2019-01-31,IDXX,1,IDXX
2019-01-31,ILMN,1,ILMN
2019-01-31,INCY,1,INCY
2019-01-31,INTC,1,INTC
2019-01-31,INTU,1,INTU
2019-01-31,ISRG,1,ISRG
2019-01-31,JBHT,1,JBHT
2019-01-31,JD,1,JD
2019-01-31,KHC,1,KHC
2019-01-31,KLAC,1,KLAC
2019-01-31,LBTYA,1,LBTYA
2019-01-31,LRCX,1,LRCX
2019-01-31,LULU,1,LULU
2019-01-31,MAR,1,MAR
2019-01-31,MCHP,1,MCHP
2019-01-31,MDLZ,1,MDLZ
2019-01-31,MELI,1,MELI
2019-01-31,MNST,1,MNST
2019-01-31,MSFT,1,MSFT
2019-01-31,MU,1,MU
2019-01-31,MXIM,1,MXIM
2019-01-31,MYL,1,MYL
2019-01-31,NFLX,1,NFLX
2019-01-31,NTAP,1,NTAP
2019-01-31,NTES,1,NTES
2019-01-31,NVDA,1,NVDA
2019-01-31,NXPI,1,NXPI
2019-01-31,ORLY,1,ORLY
2019-01-31,PAYX,1,PAYX
2019-01-31,PCAR,1,PCAR
2019-01-31,PEP,1,PEP
2019-01-31,PYPL,1,PYPL
2019-01-31,QCOM,1,QCOM
2019-01-31,REGN,1,REGN
2019-01-31,ROST,1,ROST
2019-01-31,SBUX,1,SBUX
2019-01-31,SIRI,1,SIRI
2019-01-31,SNPS,1,SNPS
2019-01-31,SWKS,1,SWKS
2019-01-31,SYMC,1,NLOK
2019-01-31,TMUS,1,TMUS
2019-01-31,TSLA,1,TSLA
2019-01-31,TTWO,1,TTWO
2019-01-31,TXN,1,TXN
2019-01-31,UAL,1,UAL
2019-01-31,ULTA,1,ULTA
2019-01-31,VRSK,1,VRSK
2019-01-31,VRSN,1,VRSN
2019-01-31,VRTX,1,VRTX
2019-01-31,WBA,1,WBA
2019-01-31,WDAY,1,WDAY
2019-01-31,WDC,1,WDC
2019-01-31,WLTW,1,WLTW
2019-01-31,WYNN,1,WYNN
2019-01-31,XEL,1,XEL
2019-01-31,XLNX,1,XLNX
2019-02-28,AAL,1,AAL
2019-02-28,AAPL,1,AAPL
2019-02-28,ADBE,1,ADBE
2019-02-28,ADI,1,ADI
2019-02-28,ADP,1,ADP
2019-02-28,ADSK,1,ADSK
2019-02-28,ALGN,1,ALGN
2019-02-28,ALXN,1,ALXN
2019-02-28,AMAT,1,AMAT
2019-02-28,AMD,1,AMD
2019-02-28,AMGN,1,AMGN
2019-02-28,AMZN,1,AMZN
2019-02-28,ASML,1,ASML
2019-02-28,ATVI,1,ATVI
2019-02-28,AVGO,1,AVGO
2019-02-28,BIDU,1,BIDU
2019-02-28,BIIB,1,BIIB
2019-02-28,BKNG,1,BKNG
2019-02-28,BMRN,1,BMRN
2019-02-28,CDNS,1,CDNS
2019-02-28,CELG,1,CELG
2019-02-28,CERN,1,CERN
2019-02-28,CHKP,1,CHKP
2019-02-28,CHTR,1,CHTR
2019-02-28,CMCSA,1,CMCSA
2019-02-28,COST,1,COST
2019-02-28,CSCO,1,CSCO
2019-02-28,CSX,1,CSX
2019-02-28,CTAS,1,CTAS
2019-02-28,CTRP,1,TCOM
2019-02-28,CTSH,1,CTSH
2019-02-28,CTXS,1,CTXS
2019-02-28,DLTR,1,DLTR
2019-02-28,EA,1,EA
2019-02-28,EBAY,1,EBAY
2019-02-28,EXPE,1,EXPE
2019-02-28,FAST,1,FAST
2019-02-28,FB,1,META
2019-02-28,FISV,1,FISV
2019-02-28,FOXA,1,FOXA
2019-02-28,GILD,1,GILD
2019-02-28,GOOGL,1,GOOGL
2019-02-28,HAS,1,HAS
2019-02-28,HSIC,1,HSIC
2019-02-28,IDXX,1,IDXX
2019-02-28,ILMN,1,ILMN
2019-02-28,INCY,1,INCY
2019-02-28,INTC,1,INTC
2019-02-28,INTU,1,INTU
2019-02-28,ISRG,1,ISRG
2019-02-28,JBHT,1,JBHT
2019-02-28,JD,1,JD
2019-02-28,KHC,1,KHC
2019-02-28,KLAC,1,KLAC
2019-02-28,LBTYA,1,LBTYA
2019-02-28,LRCX,1,LRCX
2019-02-28,LULU,1,LULU
2019-02-28,MAR,1,MAR
2019-02-28,MCHP,1,MCHP
2019-02-28,MDLZ,1,MDLZ
2019-02-28,MELI,1,MELI
2019-02-28,MNST,1,MNST
2019-02-28,MSFT,1,MSFT
2019-02-28,MU,1,MU
2019-02-28,MXIM,1,MXIM
2019-02-28,MYL,1,MYL
2019-02-28,NFLX,1,NFLX
2019-02-28,NTAP,1,NTAP
2019-02-28,NTES,1,NTES
2019-02-28,NVDA,1,NVDA
2019-02-28,NXPI,1,NXPI
2019-02-28,ORLY,1,ORLY
2019-02-28,PAYX,1,PAYX
2019-02-28,PCAR,1,PCAR
2019-02-28,PEP,1,PEP
2019-02-28,PYPL,1,PYPL
2019-02-28,QCOM,1,QCOM
2019-02-28,REGN,1,REGN
2019-02-28,ROST,1,ROST
2019-02-28,SBUX,1,SBUX
2019-02-28,SIRI,1,SIRI
2019-02-28,SNPS,1,SNPS
2019-02-28,SWKS,1,SWKS
2019-02-28,SYMC,1,NLOK
2019-02-28,TMUS,1,TMUS
2019-02-28,TSLA,1,TSLA
2019-02-28,TTWO,1,TTWO
2019-02-28,TXN,1,TXN
2019-02-28,UAL,1,UAL
2019-02-28,ULTA,1,ULTA
2019-02-28,VRSK,1,VRSK
2019-02-28,VRSN,1,VRSN
2019-02-28,VRTX,1,VRTX
2019-02-28,WBA,1,WBA
2019-02-28,WDAY,1,WDAY
2019-02-28,WDC,1,WDC
2019-02-28,WLTW,1,WLTW
2019-02-28,WYNN,1,WYNN
2019-02-28,XEL,1,XEL
2019-02-28,XLNX,1,XLNX
2019-03-31,AAL,1,AAL
2019-03-31,AAPL,1,AAPL
2019-03-31,ADBE,1,ADBE
2019-03-31,ADI,1,ADI
2019-03-31,ADP,1,ADP
2019-03-31,ADSK,1,ADSK
2019-03-31,ALGN,1,ALGN
2019-03-31,ALXN,1,ALXN
2019-03-31,AMAT,1,AMAT
2019-03-31,AMD,1,AMD
2019-03-31,AMGN,1,AMGN
2019-03-31,AMZN,1,AMZN
2019-03-31,ASML,1,ASML
2019-03-31,ATVI,1,ATVI
2019-03-31,AVGO,1,AVGO
2019-03-31,BIDU,1,BIDU
2019-03-31,BIIB,1,BIIB
2019-03-31,BKNG,1,BKNG
2019-03-31,BMRN,1,BMRN
2019-03-31,CDNS,1,CDNS
2019-03-31,CELG,1,CELG
2019-03-31,CERN,1,CERN
2019-03-31,CHKP,1,CHKP
2019-03-31,CHTR,1,CHTR
2019-03-31,CMCSA,1,CMCSA
2019-03-31,COST,1,COST
2019-03-31,CSCO,1,CSCO
2019-03-31,CSX,1,CSX
2019-03-31,CTAS,1,CTAS
2019-03-31,CTRP,1,TCOM
2019-03-31,CTSH,1,CTSH
2019-03-31,CTXS,1,CTXS
2019-03-31,DLTR,1,DLTR
2019-03-31,EA,1,EA
2019-03-31,EBAY,1,EBAY
2019-03-31,EXPE,1,EXPE
2019-03-31,FAST,1,FAST
2019-03-31,FB,1,META
2019-03-31,FISV,1,FISV
2019-03-31,FOXA,1,FOXA
2019-03-31,GILD,1,GILD
2019-03-31,GOOGL,1,GOOGL
2019-03-31,HAS,1,HAS
2019-03-31,HSIC,1,HSIC
2019-03-31,IDXX,1,IDXX
2019-03-31,ILMN,1,ILMN
2019-03-31,INCY,1,INCY
2019-03-31,INTC,1,INTC
2019-03-31,INTU,1,INTU
2019-03-31,ISRG,1,ISRG
2019-03-31,JBHT,1,JBHT
2019-03-31,JD,1,JD
2019-03-31,KHC,1,KHC
2019-03-31,KLAC,1,KLAC
2019-03-31,LBTYA,1,LBTYA
2019-03-31,LRCX,1,LRCX
2019-03-31,LULU,1,LULU
2019-03-31,MAR,1,MAR
2019-03-31,MCHP,1,MCHP
2019-03-31,MDLZ,1,MDLZ
2019-03-31,MELI,1,MELI
2019-03-31,MNST,1,MNST
2019-03-31,MSFT,1,MSFT
2019-03-31,MU,1,MU
2019-03-31,MXIM,1,MXIM
2019-03-31,MYL,1,MYL
2019-03-31,NFLX,1,NFLX
2019-03-31,NTAP,1,NTAP
2019-03-31,NTES,1,NTES
2019-03-31,NVDA,1,NVDA
2019-03-31,NXPI,1,NXPI
2019-03-31,ORLY,1,ORLY
2019-03-31,PAYX,1,PAYX
2019-03-31,PCAR,1,PCAR
2019-03-31,PEP,1,PEP
2019-03-31,PYPL,1,PYPL
2019-03-31,QCOM,1,QCOM
2019-03-31,REGN,1,REGN
2019-03-31,ROST,1,ROST
2019-03-31,SBUX,1,SBUX
2019-03-31,SIRI,1,SIRI
2019-03-31,SNPS,1,SNPS
2019-03-31,SWKS,1,SWKS
2019-03-31,SYMC,1,NLOK
2019-03-31,TMUS,1,TMUS
2019-03-31,TSLA,1,TSLA
2019-03-31,TTWO,1,TTWO
2019-03-31,TXN,1,TXN
2019-03-31,UAL,1,UAL
2019-03-31,ULTA,1,ULTA
2019-03-31,VRSK,1,VRSK
2019-03-31,VRSN,1,VRSN
2019-03-31,VRTX,1,VRTX
2019-03-31,WBA,1,WBA
2019-03-31,WDAY,1,WDAY
2019-03-31,WDC,1,WDC
2019-03-31,WLTW,1,WLTW
2019-03-31,WYNN,1,WYNN
2019-03-31,XEL,1,XEL
2019-03-31,XLNX,1,XLNX
2019-04-30,AAL,1,AAL
2019-04-30,AAPL,1,AAPL
2019-04-30,ADBE,1,ADBE
2019-04-30,ADI,1,ADI
2019-04-30,ADP,1,ADP
2019-04-30,ADSK,1,ADSK
2019-04-30,ALGN,1,ALGN
2019-04-30,ALXN,1,ALXN
2019-04-30,AMAT,1,AMAT
2019-04-30,AMD,1,AMD
2019-04-30,AMGN,1,AMGN
2019-04-30,AMZN,1,AMZN
2019-04-30,ASML,1,ASML
2019-04-30,ATVI,1,ATVI
2019-04-30,AVGO,1,AVGO
2019-04-30,BIDU,1,BIDU
2019-04-30,BIIB,1,BIIB
2019-04-30,BKNG,1,BKNG
2019-04-30,BMRN,1,BMRN
2019-04-30,CDNS,1,CDNS
2019-04-30,CELG,1,CELG
2019-04-30,CERN,1,CERN
2019-04-30,CHKP,1,CHKP
2019-04-30,CHTR,1,CHTR
2019-04-30,CMCSA,1,CMCSA
2019-04-30,COST,1,COST
2019-04-30,CSCO,1,CSCO
2019-04-30,CSX,1,CSX
2019-04-30,CTAS,1,CTAS
2019-04-30,CTRP,1,TCOM
2019-04-30,CTSH,1,CTSH
2019-04-30,CTXS,1,CTXS
2019-04-30,DLTR,1,DLTR
2019-04-30,EA,1,EA
2019-04-30,EBAY,1,EBAY
2019-04-30,EXPE,1,EXPE
2019-04-30,FAST,1,FAST
2019-04-30,FB,1,META
2019-04-30,FISV,1,FISV
2019-04-30,FOXA,1,FOXA
2019-04-30,GILD,1,GILD
2019-04-30,GOOGL,1,GOOGL
2019-04-30,HAS,1,HAS
2019-04-30,HSIC,1,HSIC
2019-04-30,IDXX,1,IDXX
2019-04-30,ILMN,1,ILMN
2019-04-30,INCY,1,INCY
2019-04-30,INTC,1,INTC
2019-04-30,INTU,1,INTU
2019-04-30,ISRG,1,ISRG
2019-04-30,JBHT,1,JBHT
2019-04-30,JD,1,JD
2019-04-30,KHC,1,KHC
2019-04-30,KLAC,1,KLAC
2019-04-30,LBTYA,1,LBTYA
2019-04-30,LRCX,1,LRCX
2019-04-30,LULU,1,LULU
2019-04-30,MAR,1,MAR
2019-04-30,MCHP,1,MCHP
2019-04-30,MDLZ,1,MDLZ
2019-04-30,MELI,1,MELI
2019-04-30,MNST,1,MNST
2019-04-30,MSFT,1,MSFT
2019-04-30,MU,1,MU
2019-04-30,MXIM,1,MXIM
2019-04-30,MYL,1,MYL
2019-04-30,NFLX,1,NFLX
2019-04-30,NTAP,1,NTAP
2019-04-30,NTES,1,NTES
2019-04-30,NVDA,1,NVDA
2019-04-30,NXPI,1,NXPI
2019-04-30,ORLY,1,ORLY
2019-04-30,PAYX,1,PAYX
2019-04-30,PCAR,1,PCAR
2019-04-30,PEP,1,PEP
2019-04-30,PYPL,1,PYPL
2019-04-30,QCOM,1,QCOM
2019-04-30,REGN,1,REGN
2019-04-30,ROST,1,ROST
2019-04-30,SBUX,1,SBUX
2019-04-30,SIRI,1,SIRI
2019-04-30,SNPS,1,SNPS
2019-04-30,SWKS,1,SWKS
2019-04-30,SYMC,1,NLOK
2019-04-30,TMUS,1,TMUS
2019-04-30,TSLA,1,TSLA
2019-04-30,TTWO,1,TTWO
2019-04-30,TXN,1,TXN
2019-04-30,UAL,1,UAL
2019-04-30,ULTA,1,ULTA
2019-04-30,VRSK,1,VRSK
2019-04-30,VRSN,1,VRSN
2019-04-30,VRTX,1,VRTX
2019-04-30,WBA,1,WBA
2019-04-30,WDAY,1,WDAY
2019-04-30,WDC,1,WDC
2019-04-30,WLTW,1,WLTW
2019-04-30,WYNN,1,WYNN
2019-04-30,XEL,1,XEL
2019-04-30,XLNX,1,XLNX
2019-05-31,AAL,1,AAL
2019-05-31,AAPL,1,AAPL
2019-05-31,ADBE,1,ADBE
2019-05-31,ADI,1,ADI
2019-05-31,ADP,1,ADP
2019-05-31,ADSK,1,ADSK
2019-05-31,ALGN,1,ALGN
2019-05-31,ALXN,1,ALXN
2019-05-31,AMAT,1,AMAT
2019-05-31,AMD,1,AMD
2019-05-31,AMGN,1,AMGN
2019-05-31,AMZN,1,AMZN
2019-05-31,ASML,1,ASML
2019-05-31,ATVI,1,ATVI
2019-05-31,AVGO,1,AVGO
2019-05-31,BIDU,1,BIDU
2019-05-31,BIIB,1,BIIB
2019-05-31,BKNG,1,BKNG
2019-05-31,BMRN,1,BMRN
2019-05-31,CDNS,1,CDNS
2019-05-31,CELG,1,CELG
2019-05-31,CERN,1,CERN
2019-05-31,CHKP,1,CHKP
2019-05-31,CHTR,1,CHTR
2019-05-31,CMCSA,1,CMCSA
2019-05-31,COST,1,COST
2019-05-31,CSCO,1,CSCO
2019-05-31,CSX,1,CSX
2019-05-31,CTAS,1,CTAS
2019-05-31,CTRP,1,TCOM
2019-05-31,CTSH,1,CTSH
2019-05-31,CTXS,1,CTXS
2019-05-31,DLTR,1,DLTR
2019-05-31,EA,1,EA
2019-05-31,EBAY,1,EBAY
2019-05-31,EXPE,1,EXPE
2019-05-31,FAST,1,FAST
2019-05-31,FB,1,META
2019-05-31,FISV,1,FISV
2019-05-31,FOXA,1,FOXA
2019-05-31,GILD,1,GILD
2019-05-31,GOOGL,1,GOOGL
2019-05-31,HAS,1,HAS
2019-05-31,HSIC,1,HSIC
2019-05-31,IDXX,1,IDXX
2019-05-31,ILMN,1,ILMN
2019-05-31,INCY,1,INCY
2019-05-31,INTC,1,INTC
2019-05-31,INTU,1,INTU
2019-05-31,ISRG,1,ISRG
2019-05-31,JBHT,1,JBHT
2019-05-31,JD,1,JD
2019-05-31,KHC,1,KHC
2019-05-31,KLAC,1,KLAC
2019-05-31,LBTYA,1,LBTYA
2019-05-31,LRCX,1,LRCX
2019-05-31,LULU,1,LULU
2019-05-31,MAR,1,MAR
2019-05-31,MCHP,1,MCHP
2019-05-31,MDLZ,1,MDLZ
2019-05-31,MELI,1,MELI
2019-05-31,MNST,1,MNST
2019-05-31,MSFT,1,MSFT
2019-05-31,MU,1,MU
2019-05-31,MXIM,1,MXIM
2019-05-31,MYL,1,MYL
2019-05-31,NFLX,1,NFLX
2019-05-31,NTAP,1,NTAP
2019-05-31,NTES,1,NTES
2019-05-31,NVDA,1,NVDA
2019-05-31,NXPI,1,NXPI
2019-05-31,ORLY,1,ORLY
2019-05-31,PAYX,1,PAYX
2019-05-31,PCAR,1,PCAR
2019-05-31,PEP,1,PEP
2019-05-31,PYPL,1,PYPL
2019-05-31,QCOM,1,QCOM
2019-05-31,REGN,1,REGN
2019-05-31,ROST,1,ROST
2019-05-31,SBUX,1,SBUX
2019-05-31,SIRI,1,SIRI
2019-05-31,SNPS,1,SNPS
2019-05-31,SWKS,1,SWKS
2019-05-31,SYMC,1,NLOK
2019-05-31,TMUS,1,TMUS
2019-05-31,TSLA,1,TSLA
2019-05-31,TTWO,1,TTWO
2019-05-31,TXN,1,TXN
2019-05-31,UAL,1,UAL
2019-05-31,ULTA,1,ULTA
2019-05-31,VRSK,1,VRSK
2019-05-31,VRSN,1,VRSN
2019-05-31,VRTX,1,VRTX
2019-05-31,WBA,1,WBA
2019-05-31,WDAY,1,WDAY
2019-05-31,WDC,1,WDC
2019-05-31,WLTW,1,WLTW
2019-05-31,WYNN,1,WYNN
2019-05-31,XEL,1,XEL
2019-05-31,XLNX,1,XLNX
2019-06-30,AAL,1,AAL
2019-06-30,AAPL,1,AAPL
2019-06-30,ADBE,1,ADBE
2019-06-30,ADI,1,ADI
2019-06-30,ADP,1,ADP
2019-06-30,ADSK,1,ADSK
2019-06-30,ALGN,1,ALGN
2019-06-30,ALXN,1,ALXN
2019-06-30,AMAT,1,AMAT
2019-06-30,AMD,1,AMD
2019-06-30,AMGN,1,AMGN
2019-06-30,AMZN,1,AMZN
2019-06-30,ASML,1,ASML
2019-06-30,ATVI,1,ATVI
2019-06-30,AVGO,1,AVGO
2019-06-30,BIDU,1,BIDU
2019-06-30,BIIB,1,BIIB
2019-06-30,BKNG,1,BKNG
2019-06-30,BMRN,1,BMRN
2019-06-30,CDNS,1,CDNS
2019-06-30,CELG,1,CELG
2019-06-30,CERN,1,CERN
2019-06-30,CHKP,1,CHKP
2019-06-30,CHTR,1,CHTR
2019-06-30,CMCSA,1,CMCSA
2019-06-30,COST,1,COST
2019-06-30,CSCO,1,CSCO
2019-06-30,CSX,1,CSX
2019-06-30,CTAS,1,CTAS
2019-06-30,CTRP,1,TCOM
2019-06-30,CTSH,1,CTSH
2019-06-30,CTXS,1,CTXS
2019-06-30,DLTR,1,DLTR
2019-06-30,EA,1,EA
2019-06-30,EBAY,1,EBAY
2019-06-30,EXPE,1,EXPE
2019-06-30,FAST,1,FAST
2019-06-30,FB,1,META
2019-06-30,FISV,1,FISV
2019-06-30,FOXA,1,FOXA
2019-06-30,GILD,1,GILD
2019-06-30,GOOGL,1,GOOGL
2019-06-30,HAS,1,HAS
2019-06-30,HSIC,1,HSIC
2019-06-30,IDXX,1,IDXX
2019-06-30,ILMN,1,ILMN
2019-06-30,INCY,1,INCY
2019-06-30,INTC,1,INTC
2019-06-30,INTU,1,INTU
2019-06-30,ISRG,1,ISRG
2019-06-30,JBHT,1,JBHT
2019-06-30,JD,1,JD
2019-06-30,KHC,1,KHC
2019-06-30,KLAC,1,KLAC
2019-06-30,LBTYA,1,LBTYA
2019-06-30,LRCX,1,LRCX
2019-06-30,LULU,1,LULU
2019-06-30,MAR,1,MAR
2019-06-30,MCHP,1,MCHP
2019-06-30,MDLZ,1,MDLZ
2019-06-30,MELI,1,MELI
2019-06-30,MNST,1,MNST
2019-06-30,MSFT,1,MSFT
2019-06-30,MU,1,MU
2019-06-30,MXIM,1,MXIM
2019-06-30,MYL,1,MYL
2019-06-30,NFLX,1,NFLX
2019-06-30,NTAP,1,NTAP
2019-06-30,NTES,1,NTES
2019-06-30,NVDA,1,NVDA
2019-06-30,NXPI,1,NXPI
2019-06-30,ORLY,1,ORLY
2019-06-30,PAYX,1,PAYX
2019-06-30,PCAR,1,PCAR
2019-06-30,PEP,1,PEP
2019-06-30,PYPL,1,PYPL
2019-06-30,QCOM,1,QCOM
2019-06-30,REGN,1,REGN
2019-06-30,ROST,1,ROST
2019-06-30,SBUX,1,SBUX
2019-06-30,SIRI,1,SIRI
2019-06-30,SNPS,1,SNPS
2019-06-30,SWKS,1,SWKS
2019-06-30,SYMC,1,NLOK
2019-06-30,TMUS,1,TMUS
2019-06-30,TSLA,1,TSLA
2019-06-30,TTWO,1,TTWO
2019-06-30,TXN,1,TXN
2019-06-30,UAL,1,UAL
2019-06-30,ULTA,1,ULTA
2019-06-30,VRSK,1,VRSK
2019-06-30,VRSN,1,VRSN
2019-06-30,VRTX,1,VRTX
2019-06-30,WBA,1,WBA
2019-06-30,WDAY,1,WDAY
2019-06-30,WDC,1,WDC
2019-06-30,WLTW,1,WLTW
2019-06-30,WYNN,1,WYNN
2019-06-30,XEL,1,XEL
2019-06-30,XLNX,1,XLNX
2019-07-31,AAL,1,AAL
2019-07-31,AAPL,1,AAPL
2019-07-31,ADBE,1,ADBE
2019-07-31,ADI,1,ADI
2019-07-31,ADP,1,ADP
2019-07-31,ADSK,1,ADSK
2019-07-31,ALGN,1,ALGN
2019-07-31,ALXN,1,ALXN
2019-07-31,AMAT,1,AMAT
2019-07-31,AMD,1,AMD
2019-07-31,AMGN,1,AMGN
2019-07-31,AMZN,1,AMZN
2019-07-31,ASML,1,ASML
2019-07-31,ATVI,1,ATVI
2019-07-31,AVGO,1,AVGO
2019-07-31,BIDU,1,BIDU
2019-07-31,BIIB,1,BIIB
2019-07-31,BKNG,1,BKNG
2019-07-31,BMRN,1,BMRN
2019-07-31,CDNS,1,CDNS
2019-07-31,CELG,1,CELG
2019-07-31,CERN,1,CERN
2019-07-31,CHKP,1,CHKP
2019-07-31,CHTR,1,CHTR
2019-07-31,CMCSA,1,CMCSA
2019-07-31,COST,1,COST
2019-07-31,CSCO,1,CSCO
2019-07-31,CSX,1,CSX
2019-07-31,CTAS,1,CTAS
2019-07-31,CTRP,1,TCOM
2019-07-31,CTSH,1,CTSH
2019-07-31,CTXS,1,CTXS
2019-07-31,DLTR,1,DLTR
2019-07-31,EA,1,EA
2019-07-31,EBAY,1,EBAY
2019-07-31,EXPE,1,EXPE
2019-07-31,FAST,1,FAST
2019-07-31,FB,1,META
2019-07-31,FISV,1,FISV
2019-07-31,FOXA,1,FOXA
2019-07-31,GILD,1,GILD
2019-07-31,GOOGL,1,GOOGL
2019-07-31,HAS,1,HAS
2019-07-31,HSIC,1,HSIC
2019-07-31,IDXX,1,IDXX
2019-07-31,ILMN,1,ILMN
2019-07-31,INCY,1,INCY
2019-07-31,INTC,1,INTC
2019-07-31,INTU,1,INTU
2019-07-31,ISRG,1,ISRG
2019-07-31,JBHT,1,JBHT
2019-07-31,JD,1,JD
2019-07-31,KHC,1,KHC
2019-07-31,KLAC,1,KLAC
2019-07-31,LBTYA,1,LBTYA
2019-07-31,LRCX,1,LRCX
2019-07-31,LULU,1,LULU
2019-07-31,MAR,1,MAR
2019-07-31,MCHP,1,MCHP
2019-07-31,MDLZ,1,MDLZ
2019-07-31,MELI,1,MELI
2019-07-31,MNST,1,MNST
2019-07-31,MSFT,1,MSFT
2019-07-31,MU,1,MU
2019-07-31,MXIM,1,MXIM
2019-07-31,MYL,1,MYL
2019-07-31,NFLX,1,NFLX
2019-07-31,NTAP,1,NTAP
2019-07-31,NTES,1,NTES
2019-07-31,NVDA,1,NVDA
2019-07-31,NXPI,1,NXPI
2019-07-31,ORLY,1,ORLY
2019-07-31,PAYX,1,PAYX
2019-07-31,PCAR,1,PCAR
2019-07-31,PEP,1,PEP
2019-07-31,PYPL,1,PYPL
2019-07-31,QCOM,1,QCOM
2019-07-31,REGN,1,REGN
2019-07-31,ROST,1,ROST
2019-07-31,SBUX,1,SBUX
2019-07-31,SIRI,1,SIRI
2019-07-31,SNPS,1,SNPS
2019-07-31,SWKS,1,SWKS
2019-07-31,SYMC,1,NLOK
2019-07-31,TMUS,1,TMUS
2019-07-31,TSLA,1,TSLA
2019-07-31,TTWO,1,TTWO
2019-07-31,TXN,1,TXN
2019-07-31,UAL,1,UAL
2019-07-31,ULTA,1,ULTA
2019-07-31,VRSK,1,VRSK
2019-07-31,VRSN,1,VRSN
2019-07-31,VRTX,1,VRTX
2019-07-31,WBA,1,WBA
2019-07-31,WDAY,1,WDAY
2019-07-31,WDC,1,WDC
2019-07-31,WLTW,1,WLTW
2019-07-31,WYNN,1,WYNN
2019-07-31,XEL,1,XEL
2019-07-31,XLNX,1,XLNX
2019-08-31,AAL,1,AAL
2019-08-31,AAPL,1,AAPL
2019-08-31,ADBE,1,ADBE
2019-08-31,ADI,1,ADI
2019-08-31,ADP,1,ADP
2019-08-31,ADSK,1,ADSK
2019-08-31,ALGN,1,ALGN
2019-08-31,ALXN,1,ALXN
2019-08-31,AMAT,1,AMAT
2019-08-31,AMD,1,AMD
2019-08-31,AMGN,1,AMGN
2019-08-31,AMZN,1,AMZN
2019-08-31,ASML,1,ASML
2019-08-31,ATVI,1,ATVI
2019-08-31,AVGO,1,AVGO
2019-08-31,BIDU,1,BIDU
2019-08-31,BIIB,1,BIIB
2019-08-31,BKNG,1,BKNG
2019-08-31,BMRN,1,BMRN
2019-08-31,CDNS,1,CDNS
2019-08-31,CELG,1,CELG
2019-08-31,CERN,1,CERN
2019-08-31,CHKP,1,CHKP
2019-08-31,CHTR,1,CHTR
2019-08-31,CMCSA,1,CMCSA
2019-08-31,COST,1,COST
2019-08-31,CSCO,1,CSCO
2019-08-31,CSX,1,CSX
2019-08-31,CTAS,1,CTAS
2019-08-31,CTRP,1,TCOM
2019-08-31,CTSH,1,CTSH
2019-08-31,CTXS,1,CTXS
2019-08-31,DLTR,1,DLTR
2019-08-31,EA,1,EA
2019-08-31,EBAY,1,EBAY
2019-08-31,EXPE,1,EXPE
2019-08-31,FAST,1,FAST
2019-08-31,FB,1,META
2019-08-31,FISV,1,FISV
2019-08-31,FOXA,1,FOXA
2019-08-31,GILD,1,GILD
2019-08-31,GOOGL,1,GOOGL
2019-08-31,HAS,1,HAS
2019-08-31,HSIC,1,HSIC
2019-08-31,IDXX,1,IDXX
2019-08-31,ILMN,1,ILMN
2019-08-31,INCY,1,INCY
2019-08-31,INTC,1,INTC
2019-08-31,INTU,1,INTU
2019-08-31,ISRG,1,ISRG
2019-08-31,JBHT,1,JBHT
2019-08-31,JD,1,JD
2019-08-31,KHC,1,KHC
2019-08-31,KLAC,1,KLAC
2019-08-31,LBTYA,1,LBTYA
2019-08-31,LRCX,1,LRCX
2019-08-31,LULU,1,LULU
2019-08-31,MAR,1,MAR
2019-08-31,MCHP,1,MCHP
2019-08-31,MDLZ,1,MDLZ
2019-08-31,MELI,1,MELI
2019-08-31,MNST,1,MNST
2019-08-31,MSFT,1,MSFT
2019-08-31,MU,1,MU
2019-08-31,MXIM,1,MXIM
2019-08-31,MYL,1,MYL
2019-08-31,NFLX,1,NFLX
2019-08-31,NTAP,1,NTAP
2019-08-31,NTES,1,NTES
2019-08-31,NVDA,1,NVDA
2019-08-31,NXPI,1,NXPI
2019-08-31,ORLY,1,ORLY
2019-08-31,PAYX,1,PAYX
2019-08-31,PCAR,1,PCAR
2019-08-31,PEP,1,PEP
2019-08-31,PYPL,1,PYPL
2019-08-31,QCOM,1,QCOM
2019-08-31,REGN,1,REGN
2019-08-31,ROST,1,ROST
2019-08-31,SBUX,1,SBUX
2019-08-31,SIRI,1,SIRI
2019-08-31,SNPS,1,SNPS
2019-08-31,SWKS,1,SWKS
2019-08-31,SYMC,1,NLOK
2019-08-31,TMUS,1,TMUS
2019-08-31,TSLA,1,TSLA
2019-08-31,TTWO,1,TTWO
2019-08-31,TXN,1,TXN
2019-08-31,UAL,1,UAL
2019-08-31,ULTA,1,ULTA
2019-08-31,VRSK,1,VRSK
2019-08-31,VRSN,1,VRSN
2019-08-31,VRTX,1,VRTX
2019-08-31,WBA,1,WBA
2019-08-31,WDAY,1,WDAY
2019-08-31,WDC,1,WDC
2019-08-31,WLTW,1,WLTW
2019-08-31,WYNN,1,WYNN
2019-08-31,XEL,1,XEL
2019-08-31,XLNX,1,XLNX
2019-09-30,AAL,1,AAL
2019-09-30,AAPL,1,AAPL
2019-09-30,ADBE,1,ADBE
2019-09-30,ADI,1,ADI
2019-09-30,ADP,1,ADP
2019-09-30,ADSK,1,ADSK
2019-09-30,ALGN,1,ALGN
2019-09-30,ALXN,1,ALXN
2019-09-30,AMAT,1,AMAT
2019-09-30,AMD,1,AMD
2019-09-30,AMGN,1,AMGN
2019-09-30,AMZN,1,AMZN
2019-09-30,ASML,1,ASML
2019-09-30,ATVI,1,ATVI
2019-09-30,AVGO,1,AVGO
2019-09-30,BIDU,1,BIDU
2019-09-30,BIIB,1,BIIB
2019-09-30,BKNG,1,BKNG
2019-09-30,BMRN,1,BMRN
2019-09-30,CDNS,1,CDNS
2019-09-30,CELG,1,CELG
2019-09-30,CERN,1,CERN
2019-09-30,CHKP,1,CHKP
2019-09-30,CHTR,1,CHTR
2019-09-30,CMCSA,1,CMCSA
2019-09-30,COST,1,COST
2019-09-30,CSCO,1,CSCO
2019-09-30,CSX,1,CSX
2019-09-30,CTAS,1,CTAS
2019-09-30,CTRP,1,TCOM
2019-09-30,CTSH,1,CTSH
2019-09-30,CTXS,1,CTXS
2019-09-30,DLTR,1,DLTR
2019-09-30,EA,1,EA
2019-09-30,EBAY,1,EBAY
2019-09-30,EXPE,1,EXPE
2019-09-30,FAST,1,FAST
2019-09-30,FB,1,META
2019-09-30,FISV,1,FISV
2019-09-30,FOXA,1,FOXA
2019-09-30,GILD,1,GILD
2019-09-30,GOOGL,1,GOOGL
2019-09-30,HAS,1,HAS
2019-09-30,HSIC,1,HSIC
2019-09-30,IDXX,1,IDXX
2019-09-30,ILMN,1,ILMN
2019-09-30,INCY,1,INCY
2019-09-30,INTC,1,INTC
2019-09-30,INTU,1,INTU
2019-09-30,ISRG,1,ISRG
2019-09-30,JBHT,1,JBHT
2019-09-30,JD,1,JD
2019-09-30,KHC,1,KHC
2019-09-30,KLAC,1,KLAC
2019-09-30,LBTYA,1,LBTYA
2019-09-30,LRCX,1,LRCX
2019-09-30,LULU,1,LULU
2019-09-30,MAR,1,MAR
2019-09-30,MCHP,1,MCHP
2019-09-30,MDLZ,1,MDLZ
2019-09-30,MELI,1,MELI
2019-09-30,MNST,1,MNST
2019-09-30,MSFT,1,MSFT
2019-09-30,MU,1,MU
2019-09-30,MXIM,1,MXIM
2019-09-30,MYL,1,MYL
2019-09-30,NFLX,1,NFLX
2019-09-30,NTAP,1,NTAP
2019-09-30,NTES,1,NTES
2019-09-30,NVDA,1,NVDA
2019-09-30,NXPI,1,NXPI
2019-09-30,ORLY,1,ORLY
2019-09-30,PAYX,1,PAYX
2019-09-30,PCAR,1,PCAR
2019-09-30,PEP,1,PEP
2019-09-30,PYPL,1,PYPL
2019-09-30,QCOM,1,QCOM
2019-09-30,REGN,1,REGN
2019-09-30,ROST,1,ROST
2019-09-30,SBUX,1,SBUX
2019-09-30,SIRI,1,SIRI
2019-09-30,SNPS,1,SNPS
2019-09-30,SWKS,1,SWKS
2019-09-30,SYMC,1,NLOK
2019-09-30,TMUS,1,TMUS
2019-09-30,TSLA,1,TSLA
2019-09-30,TTWO,1,TTWO
2019-09-30,TXN,1,TXN
2019-09-30,UAL,1,UAL
2019-09-30,ULTA,1,ULTA
2019-09-30,VRSK,1,VRSK
2019-09-30,VRSN,1,VRSN
2019-09-30,VRTX,1,VRTX
2019-09-30,WBA,1,WBA
2019-09-30,WDAY,1,WDAY
2019-09-30,WDC,1,WDC
2019-09-30,WLTW,1,WLTW
2019-09-30,WYNN,1,WYNN
2019-09-30,XEL,1,XEL
2019-09-30,XLNX,1,XLNX
2019-10-31,AAL,1,AAL
2019-10-31,AAPL,1,AAPL
2019-10-31,ADBE,1,ADBE
2019-10-31,ADI,1,ADI
2019-10-31,ADP,1,ADP
2019-10-31,ADSK,1,ADSK
2019-10-31,ALGN,1,ALGN
2019-10-31,ALXN,1,ALXN
2019-10-31,AMAT,1,AMAT
2019-10-31,AMD,1,AMD
2019-10-31,AMGN,1,AMGN
2019-10-31,AMZN,1,AMZN
2019-10-31,ASML,1,ASML
2019-10-31,ATVI,1,ATVI
2019-10-31,AVGO,1,AVGO
2019-10-31,BIDU,1,BIDU
2019-10-31,BIIB,1,BIIB
2019-10-31,BKNG,1,BKNG
2019-10-31,BMRN,1,BMRN
2019-10-31,CDNS,1,CDNS
2019-10-31,CELG,1,CELG
2019-10-31,CERN,1,CERN
2019-10-31,CHKP,1,CHKP
2019-10-31,CHTR,1,CHTR
2019-10-31,CMCSA,1,CMCSA
2019-10-31,COST,1,COST
2019-10-31,CSCO,1,CSCO
2019-10-31,CSX,1,CSX
2019-10-31,CTAS,1,CTAS
2019-10-31,CTRP,1,TCOM
2019-10-31,CTSH,1,CTSH
2019-10-31,CTXS,1,CTXS
2019-10-31,DLTR,1,DLTR
2019-10-31,EA,1,EA
2019-10-31,EBAY,1,EBAY
2019-10-31,EXPE,1,EXPE
2019-10-31,FAST,1,FAST
2019-10-31,FB,1,META
2019-10-31,FISV,1,FISV
2019-10-31,FOXA,1,FOXA
2019-10-31,GILD,1,GILD
2019-10-31,GOOGL,1,GOOGL
2019-10-31,HAS,1,HAS
2019-10-31,HSIC,1,HSIC
2019-10-31,IDXX,1,IDXX
2019-10-31,ILMN,1,ILMN
2019-10-31,INCY,1,INCY
2019-10-31,INTC,1,INTC
2019-10-31,INTU,1,INTU
2019-10-31,ISRG,1,ISRG
2019-10-31,JBHT,1,JBHT
2019-10-31,JD,1,JD
2019-10-31,KHC,1,KHC
2019-10-31,KLAC,1,KLAC
2019-10-31,LBTYA,1,LBTYA
2019-10-31,LRCX,1,LRCX
2019-10-31,LULU,1,LULU
2019-10-31,MAR,1,MAR
2019-10-31,MCHP,1,MCHP
2019-10-31,MDLZ,1,MDLZ
2019-10-31,MELI,1,MELI
2019-10-31,MNST,1,MNST
2019-10-31,MSFT,1,MSFT
2019-10-31,MU,1,MU
2019-10-31,MXIM,1,MXIM
2019-10-31,MYL,1,MYL
2019-10-31,NFLX,1,NFLX
2019-10-31,NTAP,1,NTAP
2019-10-31,NTES,1,NTES
2019-10-31,NVDA,1,NVDA
2019-10-31,NXPI,1,NXPI
2019-10-31,ORLY,1,ORLY
2019-10-31,PAYX,1,PAYX
2019-10-31,PCAR,1,PCAR
2019-10-31,PEP,1,PEP
2019-10-31,PYPL,1,PYPL
2019-10-31,QCOM,1,QCOM
2019-10-31,REGN,1,REGN
2019-10-31,ROST,1,ROST
2019-10-31,SBUX,1,SBUX
2019-10-31,SIRI,1,SIRI
2019-10-31,SNPS,1,SNPS
2019-10-31,SWKS,1,SWKS
2019-10-31,SYMC,1,NLOK
2019-10-31,TMUS,1,TMUS
2019-10-31,TSLA,1,TSLA
2019-10-31,TTWO,1,TTWO
2019-10-31,TXN,1,TXN
2019-10-31,UAL,1,UAL
2019-10-31,ULTA,1,ULTA
2019-10-31,VRSK,1,VRSK
2019-10-31,VRSN,1,VRSN
2019-10-31,VRTX,1,VRTX
2019-10-31,WBA,1,WBA
2019-10-31,WDAY,1,WDAY
2019-10-31,WDC,1,WDC
2019-10-31,WLTW,1,WLTW
2019-10-31,WYNN,1,WYNN
2019-10-31,XEL,1,XEL
2019-10-31,XLNX,1,XLNX
2019-11-30,AAL,1,AAL
2019-11-30,AAPL,1,AAPL
2019-11-30,ADBE,1,ADBE
2019-11-30,ADI,1,ADI
2019-11-30,ADP,1,ADP
2019-11-30,ADSK,1,ADSK
2019-11-30,ALGN,1,ALGN
2019-11-30,ALXN,1,ALXN
2019-11-30,AMAT,1,AMAT
2019-11-30,AMD,1,AMD
2019-11-30,AMGN,1,AMGN
2019-11-30,AMZN,1,AMZN
2019-11-30,ASML,1,ASML
2019-11-30,ATVI,1,ATVI
2019-11-30,AVGO,1,AVGO
2019-11-30,BIDU,1,BIDU
2019-11-30,BIIB,1,BIIB
2019-11-30,BKNG,1,BKNG
2019-11-30,BMRN,1,BMRN
2019-11-30,CDNS,1,CDNS
2019-11-30,CERN,1,CERN
2019-11-30,CHKP,1,CHKP
2019-11-30,CHTR,1,CHTR
2019-11-30,CMCSA,1,CMCSA
2019-11-30,COST,1,COST
2019-11-30,CSCO,1,CSCO
2019-11-30,CSX,1,CSX
2019-11-30,CTAS,1,CTAS
2019-11-30,CTSH,1,CTSH
2019-11-30,CTXS,1,CTXS
2019-11-30,DLTR,1,DLTR
2019-11-30,EA,1,EA
2019-11-30,EBAY,1,EBAY
2019-11-30,EXC,1,EXC
2019-11-30,EXPE,1,EXPE
2019-11-30,FAST,1,FAST
2019-11-30,FB,1,META
2019-11-30,FISV,1,FISV
2019-11-30,FOXA,1,FOXA
2019-11-30,GILD,1,GILD
2019-11-30,GOOGL,1,GOOGL
2019-11-30,HAS,1,HAS
2019-11-30,HSIC,1,HSIC
2019-11-30,IDXX,1,IDXX
2019-11-30,ILMN,1,ILMN
2019-11-30,INCY,1,INCY
2019-11-30,INTC,1,INTC
2019-11-30,INTU,1,INTU
2019-11-30,ISRG,1,ISRG
2019-11-30,JBHT,1,JBHT
2019-11-30,JD,1,JD
2019-11-30,KHC,1,KHC
2019-11-30,KLAC,1,KLAC
2019-11-30,LBTYA,1,LBTYA
2019-11-30,LRCX,1,LRCX
2019-11-30,LULU,1,LULU
2019-11-30,MAR,1,MAR
2019-11-30,MCHP,1,MCHP
2019-11-30,MDLZ,1,MDLZ
2019-11-30,MELI,1,MELI
2019-11-30,MNST,1,MNST
2019-11-30,MSFT,1,MSFT
2019-11-30,MU,1,MU
2019-11-30,MXIM,1,MXIM
2019-11-30,MYL,1,MYL
2019-11-30,NFLX,1,NFLX
2019-11-30,NLOK,1,NLOK
2019-11-30,NTAP,1,NTAP
2019-11-30,NTES,1,NTES
2019-11-30,NVDA,1,NVDA
2019-11-30,NXPI,1,NXPI
2019-11-30,ORLY,1,ORLY
2019-11-30,PAYX,1,PAYX
2019-11-30,PCAR,1,PCAR
2019-11-30,PEP,1,PEP
2019-11-30,PYPL,1,PYPL
2019-11-30,QCOM,1,QCOM
2019-11-30,REGN,1,REGN
2019-11-30,ROST,1,ROST
2019-11-30,SBUX,1,SBUX
2019-11-30,SIRI,1,SIRI
2019-11-30,SNPS,1,SNPS
2019-11-30,SWKS,1,SWKS
2019-11-30,TCOM,1,TCOM
2019-11-30,TMUS,1,TMUS
2019-11-30,TSLA,1,TSLA
2019-11-30,TTWO,1,TTWO
2019-11-30,TXN,1,TXN
2019-11-30,UAL,1,UAL
2019-11-30,ULTA,1,ULTA
2019-11-30,VRSK,1,VRSK
2019-11-30,VRSN,1,VRSN
2019-11-30,VRTX,1,VRTX
2019-11-30,WBA,1,WBA
2019-11-30,WDAY,1,WDAY
2019-11-30,WDC,1,WDC
2019-11-30,WLTW,1,WLTW
2019-11-30,WYNN,1,WYNN
2019-11-30,XEL,1,XEL
2019-11-30,XLNX,1,XLNX
2019-12-31,AAL,1,AAL
2019-12-31,AAPL,1,AAPL
2019-12-31,ADBE,1,ADBE
2019-12-31,ADI,1,ADI
2019-12-31,ADP,1,ADP
2019-12-31,ADSK,1,ADSK
2019-12-31,ALGN,1,ALGN
2019-12-31,ALXN,1,ALXN
2019-12-31,AMAT,1,AMAT
2019-12-31,AMD,1,AMD
2019-12-31,AMGN,1,AMGN
2019-12-31,AMZN,1,AMZN
2019-12-31,ANSS,1,ANSS
2019-12-31,ASML,1,ASML
2019-12-31,ATVI,1,ATVI
2019-12-31,AVGO,1,AVGO
2019-12-31,BIDU,1,BIDU
2019-12-31,BIIB,1,BIIB
2019-12-31,BKNG,1,BKNG
2019-12-31,BMRN,1,BMRN
2019-12-31,CDNS,1,CDNS
2019-12-31,CDW,1,CDW
2019-12-31,CERN,1,CERN
2019-12-31,CHKP,1,CHKP
2019-12-31,CHTR,1,CHTR
2019-12-31,CMCSA,1,CMCSA
2019-12-31,COST,1,COST
2019-12-31,CPRT,1,CPRT
2019-12-31,CSCO,1,CSCO
2019-12-31,CSGP,1,CSGP
2019-12-31,CSX,1,CSX
2019-12-31,CTAS,1,CTAS
2019-12-31,CTSH,1,CTSH
2019-12-31,CTXS,1,CTXS
2019-12-31,DLTR,1,DLTR
2019-12-31,EA,1,EA
2019-12-31,EBAY,1,EBAY
2019-12-31,EXC,1,EXC
2019-12-31,EXPE,1,EXPE
2019-12-31,FAST,1,FAST
2019-12-31,FB,1,META
2019-12-31,FISV,1,FISV
2019-12-31,FOXA,1,FOXA
2019-12-31,GILD,1,GILD
2019-12-31,GOOGL,1,GOOGL
2019-12-31,IDXX,1,IDXX
2019-12-31,ILMN,1,ILMN
2019-12-31,INCY,1,INCY
2019-12-31,INTC,1,INTC
2019-12-31,INTU,1,INTU
2019-12-31,ISRG,1,ISRG
2019-12-31,JD,1,JD
2019-12-31,KHC,1,KHC
2019-12-31,KLAC,1,KLAC
2019-12-31,LBTYA,1,LBTYA
2019-12-31,LRCX,1,LRCX
2019-12-31,LULU,1,LULU
2019-12-31,MAR,1,MAR
2019-12-31,MCHP,1,MCHP
2019-12-31,MDLZ,1,MDLZ
2019-12-31,MELI,1,MELI
2019-12-31,MNST,1,MNST
2019-12-31,MSFT,1,MSFT
2019-12-31,MU,1,MU
2019-12-31,MXIM,1,MXIM
2019-12-31,NFLX,1,NFLX
2019-12-31,NTAP,1,NTAP
2019-12-31,NTES,1,NTES
2019-12-31,NVDA,1,NVDA
2019-12-31,NXPI,1,NXPI
2019-12-31,ORLY,1,ORLY
2019-12-31,PAYX,1,PAYX
2019-12-31,PCAR,1,PCAR
2019-12-31,PEP,1,PEP
2019-12-31,PYPL,1,PYPL
2019-12-31,QCOM,1,QCOM
2019-12-31,REGN,1,REGN
2019-12-31,ROST,1,ROST
2019-12-31,SBUX,1,SBUX
2019-12-31,SGEN,1,SGEN
2019-12-31,SIRI,1,SIRI
2019-12-31,SNPS,1,SNPS
2019-12-31,SPLK,1,SPLK
2019-12-31,SWKS,1,SWKS
2019-12-31,TCOM,1,TCOM
2019-12-31,TMUS,1,TMUS
2019-12-31,TSLA,1,TSLA
2019-12-31,TTWO,1,TTWO
2019-12-31,TXN,1,TXN
2019-12-31,UAL,1,UAL
2019-12-31,ULTA,1,ULTA
2019-12-31,VRSK,1,VRSK
2019-12-31,VRSN,1,VRSN
2019-12-31,VRTX,1,VRTX
2019-12-31,WBA,1,WBA
2019-12-31,WDAY,1,WDAY
2019-12-31,WDC,1,WDC
2019-12-31,WLTW,1,WLTW
2019-12-31,XEL,1,XEL
2019-12-31,XLNX,1,XLNX
2020-01-31,AAL,1,AAL
2020-01-31,AAPL,1,AAPL
2020-01-31,ADBE,1,ADBE
2020-01-31,ADI,1,ADI
2020-01-31,ADP,1,ADP
2020-01-31,ADSK,1,ADSK
2020-01-31,ALGN,1,ALGN
2020-01-31,ALXN,1,ALXN
2020-01-31,AMAT,1,AMAT
2020-01-31,AMD,1,AMD
2020-01-31,AMGN,1,AMGN
2020-01-31,AMZN,1,AMZN
2020-01-31,ANSS,1,ANSS
2020-01-31,ASML,1,ASML
2020-01-31,ATVI,1,ATVI
2020-01-31,AVGO,1,AVGO
2020-01-31,BIDU,1,BIDU
2020-01-31,BIIB,1,BIIB
2020-01-31,BKNG,1,BKNG
2020-01-31,BMRN,1,BMRN
2020-01-31,CDNS,1,CDNS
2020-01-31,CDW,1,CDW
2020-01-31,CERN,1,CERN
2020-01-31,CHKP,1,CHKP
2020-01-31,CHTR,1,CHTR
2020-01-31,CMCSA,1,CMCSA
2020-01-31,COST,1,COST
2020-01-31,CPRT,1,CPRT
2020-01-31,CSCO,1,CSCO
2020-01-31,CSGP,1,CSGP
2020-01-31,CSX,1,CSX
2020-01-31,CTAS,1,CTAS
2020-01-31,CTSH,1,CTSH
2020-01-31,CTXS,1,CTXS
2020-01-31,DLTR,1,DLTR
2020-01-31,EA,1,EA
2020-01-31,EBAY,1,EBAY
2020-01-31,EXC,1,EXC
2020-01-31,EXPE,1,EXPE
2020-01-31,FAST,1,FAST
2020-01-31,FB,1,META
2020-01-31,FISV,1,FISV
2020-01-31,FOXA,1,FOXA
2020-01-31,GILD,1,GILD
2020-01-31,GOOGL,1,GOOGL
2020-01-31,IDXX,1,IDXX
2020-01-31,ILMN,1,ILMN
2020-01-31,INCY,1,INCY
2020-01-31,INTC,1,INTC
2020-01-31,INTU,1,INTU
2020-01-31,ISRG,1,ISRG
2020-01-31,JD,1,JD
2020-01-31,KHC,1,KHC
2020-01-31,KLAC,1,KLAC
2020-01-31,LBTYA,1,LBTYA
2020-01-31,LRCX,1,LRCX
2020-01-31,LULU,1,LULU
2020-01-31,MAR,1,MAR
2020-01-31,MCHP,1,MCHP
2020-01-31,MDLZ,1,MDLZ
2020-01-31,MELI,1,MELI
2020-01-31,MNST,1,MNST
2020-01-31,MSFT,1,MSFT
2020-01-31,MU,1,MU
2020-01-31,MXIM,1,MXIM
2020-01-31,NFLX,1,NFLX
2020-01-31,NTAP,1,NTAP
2020-01-31,NTES,1,NTES
2020-01-31,NVDA,1,NVDA
2020-01-31,NXPI,1,NXPI
2020-01-31,ORLY,1,ORLY
2020-01-31,PAYX,1,PAYX
2020-01-31,PCAR,1,PCAR
2020-01-31,PEP,1,PEP
2020-01-31,PYPL,1,PYPL
2020-01-31,QCOM,1,QCOM
2020-01-31,REGN,1,REGN
2020-01-31,ROST,1,ROST
2020-01-31,SBUX,1,SBUX
2020-01-31,SGEN,1,SGEN
2020-01-31,SIRI,1,SIRI
2020-01-31,SNPS,1,SNPS
2020-01-31,SPLK,1,SPLK
2020-01-31,SWKS,1,SWKS
2020-01-31,TCOM,1,TCOM
2020-01-31,TMUS,1,TMUS
2020-01-31,TSLA,1,TSLA
2020-01-31,TTWO,1,TTWO
2020-01-31,TXN,1,TXN
2020-01-31,UAL,1,UAL
2020-01-31,ULTA,1,ULTA
2020-01-31,VRSK,1,VRSK
2020-01-31,VRSN,1,VRSN
2020-01-31,VRTX,1,VRTX
2020-01-31,WBA,1,WBA
2020-01-31,WDAY,1,WDAY
2020-01-31,WDC,1,WDC
2020-01-31,WLTW,1,WLTW
2020-01-31,XEL,1,XEL
2020-01-31,XLNX,1,XLNX
2020-02-29,AAL,1,AAL
2020-02-29,AAPL,1,AAPL
2020-02-29,ADBE,1,ADBE
2020-02-29,ADI,1,ADI
2020-02-29,ADP,1,ADP
2020-02-29,ADSK,1,ADSK
2020-02-29,ALGN,1,ALGN
2020-02-29,ALXN,1,ALXN
2020-02-29,AMAT,1,AMAT
2020-02-29,AMD,1,AMD
2020-02-29,AMGN,1,AMGN
2020-02-29,AMZN,1,AMZN
2020-02-29,ANSS,1,ANSS
2020-02-29,ASML,1,ASML
2020-02-29,ATVI,1,ATVI
2020-02-29,AVGO,1,AVGO
2020-02-29,BIDU,1,BIDU
2020-02-29,BIIB,1,BIIB
2020-02-29,BKNG,1,BKNG
2020-02-29,BMRN,1,BMRN
2020-02-29,CDNS,1,CDNS
2020-02-29,CDW,1,CDW
2020-02-29,CERN,1,CERN
2020-02-29,CHKP,1,CHKP
2020-02-29,CHTR,1,CHTR
2020-02-29,CMCSA,1,CMCSA
2020-02-29,COST,1,COST
2020-02-29,CPRT,1,CPRT
2020-02-29,CSCO,1,CSCO
2020-02-29,CSGP,1,CSGP
2020-02-29,CSX,1,CSX
2020-02-29,CTAS,1,CTAS
2020-02-29,CTSH,1,CTSH
2020-02-29,CTXS,1,CTXS
2020-02-29,DLTR,1,DLTR
2020-02-29,EA,1,EA
2020-02-29,EBAY,1,EBAY
2020-02-29,EXC,1,EXC
2020-02-29,EXPE,1,EXPE
2020-02-29,FAST,1,FAST
2020-02-29,FB,1,META
2020-02-29,FISV,1,FISV
2020-02-29,FOXA,1,FOXA
2020-02-29,GILD,1,GILD
2020-02-29,GOOGL,1,GOOGL
2020-02-29,IDXX,1,IDXX
2020-02-29,ILMN,1,ILMN
2020-02-29,INCY,1,INCY
2020-02-29,INTC,1,INTC
2020-02-29,INTU,1,INTU
2020-02-29,ISRG,1,ISRG
2020-02-29,JD,1,JD
2020-02-29,KHC,1,KHC
2020-02-29,KLAC,1,KLAC
2020-02-29,LBTYA,1,LBTYA
2020-02-29,LRCX,1,LRCX
2020-02-29,LULU,1,LULU
2020-02-29,MAR,1,MAR
2020-02-29,MCHP,1,MCHP
2020-02-29,MDLZ,1,MDLZ
2020-02-29,MELI,1,MELI
2020-02-29,MNST,1,MNST
2020-02-29,MSFT,1,MSFT
2020-02-29,MU,1,MU
2020-02-29,MXIM,1,MXIM
2020-02-29,NFLX,1,NFLX
2020-02-29,NTAP,1,NTAP
2020-02-29,NTES,1,NTES
2020-02-29,NVDA,1,NVDA
2020-02-29,NXPI,1,NXPI
2020-02-29,ORLY,1,ORLY
2020-02-29,PAYX,1,PAYX
2020-02-29,PCAR,1,PCAR
2020-02-29,PEP,1,PEP
2020-02-29,PYPL,1,PYPL
2020-02-29,QCOM,1,QCOM
2020-02-29,REGN,1,REGN
2020-02-29,ROST,1,ROST
2020-02-29,SBUX,1,SBUX
2020-02-29,SGEN,1,SGEN
2020-02-29,SIRI,1,SIRI
2020-02-29,SNPS,1,SNPS
2020-02-29,SPLK,1,SPLK
2020-02-29,SWKS,1,SWKS
2020-02-29,TCOM,1,TCOM
2020-02-29,TMUS,1,TMUS
2020-02-29,TSLA,1,TSLA
2020-02-29,TTWO,1,TTWO
2020-02-29,TXN,1,TXN
2020-02-29,UAL,1,UAL
2020-02-29,ULTA,1,ULTA
2020-02-29,VRSK,1,VRSK
2020-02-29,VRSN,1,VRSN
2020-02-29,VRTX,1,VRTX
2020-02-29,WBA,1,WBA
2020-02-29,WDAY,1,WDAY
2020-02-29,WDC,1,WDC
2020-02-29,WLTW,1,WLTW
2020-02-29,XEL,1,XEL
2020-02-29,XLNX,1,XLNX
2020-03-31,AAL,1,AAL
2020-03-31,AAPL,1,AAPL
2020-03-31,ADBE,1,ADBE
2020-03-31,ADI,1,ADI
2020-03-31,ADP,1,ADP
2020-03-31,ADSK,1,ADSK
2020-03-31,ALGN,1,ALGN
2020-03-31,ALXN,1,ALXN
2020-03-31,AMAT,1,AMAT
2020-03-31,AMD,1,AMD
2020-03-31,AMGN,1,AMGN
2020-03-31,AMZN,1,AMZN
2020-03-31,ANSS,1,ANSS
2020-03-31,ASML,1,ASML
2020-03-31,ATVI,1,ATVI
2020-03-31,AVGO,1,AVGO
2020-03-31,BIDU,1,BIDU
2020-03-31,BIIB,1,BIIB
2020-03-31,BKNG,1,BKNG
2020-03-31,BMRN,1,BMRN
2020-03-31,CDNS,1,CDNS
2020-03-31,CDW,1,CDW
2020-03-31,CERN,1,CERN
2020-03-31,CHKP,1,CHKP
2020-03-31,CHTR,1,CHTR
2020-03-31,CMCSA,1,CMCSA
2020-03-31,COST,1,COST
2020-03-31,CPRT,1,CPRT
2020-03-31,CSCO,1,CSCO
2020-03-31,CSGP,1,CSGP
2020-03-31,CSX,1,CSX
2020-03-31,CTAS,1,CTAS
2020-03-31,CTSH,1,CTSH
2020-03-31,CTXS,1,CTXS
2020-03-31,DLTR,1,DLTR
2020-03-31,EA,1,EA
2020-03-31,EBAY,1,EBAY
2020-03-31,EXC,1,EXC
2020-03-31,EXPE,1,EXPE
2020-03-31,FAST,1,FAST
2020-03-31,FB,1,META
2020-03-31,FISV,1,FISV
2020-03-31,FOXA,1,FOXA
2020-03-31,GILD,1,GILD
2020-03-31,GOOGL,1,GOOGL
2020-03-31,IDXX,1,IDXX
2020-03-31,ILMN,1,ILMN
2020-03-31,INCY,1,INCY
2020-03-31,INTC,1,INTC
2020-03-31,INTU,1,INTU
2020-03-31,ISRG,1,ISRG
2020-03-31,JD,1,JD
2020-03-31,KHC,1,KHC
2020-03-31,KLAC,1,KLAC
2020-03-31,LBTYA,1,LBTYA
2020-03-31,LRCX,1,LRCX
2020-03-31,LULU,1,LULU
2020-03-31,MAR,1,MAR
2020-03-31,MCHP,1,MCHP
2020-03-31,MDLZ,1,MDLZ
2020-03-31,MELI,1,MELI
2020-03-31,MNST,1,MNST
2020-03-31,MSFT,1,MSFT
2020-03-31,MU,1,MU
2020-03-31,MXIM,1,MXIM
2020-03-31,NFLX,1,NFLX
2020-03-31,NTAP,1,NTAP
2020-03-31,NTES,1,NTES
2020-03-31,NVDA,1,NVDA
2020-03-31,NXPI,1,NXPI
2020-03-31,ORLY,1,ORLY
2020-03-31,PAYX,1,PAYX
2020-03-31,PCAR,1,PCAR
2020-03-31,PEP,1,PEP
2020-03-31,PYPL,1,PYPL
2020-03-31,QCOM,1,QCOM
2020-03-31,REGN,1,REGN
2020-03-31,ROST,1,ROST
2020-03-31,SBUX,1,SBUX
2020-03-31,SGEN,1,SGEN
2020-03-31,SIRI,1,SIRI
2020-03-31,SNPS,1,SNPS
2020-03-31,SPLK,1,SPLK
2020-03-31,SWKS,1,SWKS
2020-03-31,TCOM,1,TCOM
2020-03-31,TMUS,1,TMUS
2020-03-31,TSLA,1,TSLA
2020-03-31,TTWO,1,TTWO
2020-03-31,TXN,1,TXN
2020-03-31,UAL,1,UAL
2020-03-31,ULTA,1,ULTA
2020-03-31,VRSK,1,VRSK
2020-03-31,VRSN,1,VRSN
2020-03-31,VRTX,1,VRTX
2020-03-31,WBA,1,WBA
2020-03-31,WDAY,1,WDAY
2020-03-31,WDC,1,WDC
2020-03-31,WLTW,1,WLTW
2020-03-31,XEL,1,XEL
2020-03-31,XLNX,1,XLNX
2020-04-30,AAPL,1,AAPL
2020-04-30,ADBE,1,ADBE
2020-04-30,ADI,1,ADI
2020-04-30,ADP,1,ADP
2020-04-30,ADSK,1,ADSK
2020-04-30,ALGN,1,ALGN
2020-04-30,ALXN,1,ALXN
2020-04-30,AMAT,1,AMAT
2020-04-30,AMD,1,AMD
2020-04-30,AMGN,1,AMGN
2020-04-30,AMZN,1,AMZN
2020-04-30,ANSS,1,ANSS
2020-04-30,ASML,1,ASML
2020-04-30,ATVI,1,ATVI
2020-04-30,AVGO,1,AVGO
2020-04-30,BIDU,1,BIDU
2020-04-30,BIIB,1,BIIB
2020-04-30,BKNG,1,BKNG
2020-04-30,BMRN,1,BMRN
2020-04-30,CDNS,1,CDNS
2020-04-30,CDW,1,CDW
2020-04-30,CERN,1,CERN
2020-04-30,CHKP,1,CHKP
2020-04-30,CHTR,1,CHTR
2020-04-30,CMCSA,1,CMCSA
2020-04-30,COST,1,COST
2020-04-30,CPRT,1,CPRT
2020-04-30,CSCO,1,CSCO
2020-04-30,CSGP,1,CSGP
2020-04-30,CSX,1,CSX
2020-04-30,CTAS,1,CTAS
2020-04-30,CTSH,1,CTSH
2020-04-30,CTXS,1,CTXS
2020-04-30,DLTR,1,DLTR
2020-04-30,DXCM,1,DXCM
2020-04-30,EA,1,EA
2020-04-30,EBAY,1,EBAY
2020-04-30,EXC,1,EXC
2020-04-30,EXPE,1,EXPE
2020-04-30,FAST,1,FAST
2020-04-30,FB,1,META
2020-04-30,FISV,1,FISV
2020-04-30,FOXA,1,FOXA
2020-04-30,GILD,1,GILD
2020-04-30,GOOGL,1,GOOGL
2020-04-30,IDXX,1,IDXX
2020-04-30,ILMN,1,ILMN
2020-04-30,INCY,1,INCY
2020-04-30,INTC,1,INTC
2020-04-30,INTU,1,INTU
2020-04-30,ISRG,1,ISRG
2020-04-30,JD,1,JD
2020-04-30,KHC,1,KHC
2020-04-30,KLAC,1,KLAC
2020-04-30,LBTYA,1,LBTYA
2020-04-30,LRCX,1,LRCX
2020-04-30,LULU,1,LULU
2020-04-30,MAR,1,MAR
2020-04-30,MCHP,1,MCHP
2020-04-30,MDLZ,1,MDLZ
2020-04-30,MELI,1,MELI
2020-04-30,MNST,1,MNST
2020-04-30,MSFT,1,MSFT
2020-04-30,MU,1,MU
2020-04-30,MXIM,1,MXIM
2020-04-30,NFLX,1,NFLX
2020-04-30,NTAP,1,NTAP
2020-04-30,NTES,1,NTES
2020-04-30,NVDA,1,NVDA
2020-04-30,NXPI,1,NXPI
2020-04-30,ORLY,1,ORLY
2020-04-30,PAYX,1,PAYX
2020-04-30,PCAR,1,PCAR
2020-04-30,PEP,1,PEP
2020-04-30,PYPL,1,PYPL
2020-04-30,QCOM,1,QCOM
2020-04-30,REGN,1,REGN
2020-04-30,ROST,1,ROST
2020-04-30,SBUX,1,SBUX
2020-04-30,SGEN,1,SGEN
2020-04-30,SIRI,1,SIRI
2020-04-30,SNPS,1,SNPS
2020-04-30,SPLK,1,SPLK
2020-04-30,SWKS,1,SWKS
2020-04-30,TCOM,1,TCOM
2020-04-30,TMUS,1,TMUS
2020-04-30,TSLA,1,TSLA
2020-04-30,TTWO,1,TTWO
2020-04-30,TXN,1,TXN
2020-04-30,UAL,1,UAL
2020-04-30,ULTA,1,ULTA
2020-04-30,VRSK,1,VRSK
2020-04-30,VRSN,1,VRSN
2020-04-30,VRTX,1,VRTX
2020-04-30,WBA,1,WBA
2020-04-30,WDAY,1,WDAY
2020-04-30,WDC,1,WDC
2020-04-30,XEL,1,XEL
2020-04-30,XLNX,1,XLNX
2020-04-30,ZM,1,ZM
2020-05-31,AAPL,1,AAPL
2020-05-31,ADBE,1,ADBE
2020-05-31,ADI,1,ADI
2020-05-31,ADP,1,ADP
2020-05-31,ADSK,1,ADSK
2020-05-31,ALGN,1,ALGN
2020-05-31,ALXN,1,ALXN
2020-05-31,AMAT,1,AMAT
2020-05-31,AMD,1,AMD
2020-05-31,AMGN,1,AMGN
2020-05-31,AMZN,1,AMZN
2020-05-31,ANSS,1,ANSS
2020-05-31,ASML,1,ASML
2020-05-31,ATVI,1,ATVI
2020-05-31,AVGO,1,AVGO
2020-05-31,BIDU,1,BIDU
2020-05-31,BIIB,1,BIIB
2020-05-31,BKNG,1,BKNG
2020-05-31,BMRN,1,BMRN
2020-05-31,CDNS,1,CDNS
2020-05-31,CDW,1,CDW
2020-05-31,CERN,1,CERN
2020-05-31,CHKP,1,CHKP
2020-05-31,CHTR,1,CHTR
2020-05-31,CMCSA,1,CMCSA
2020-05-31,COST,1,COST
2020-05-31,CPRT,1,CPRT
2020-05-31,CSCO,1,CSCO
2020-05-31,CSGP,1,CSGP
2020-05-31,CSX,1,CSX
2020-05-31,CTAS,1,CTAS
2020-05-31,CTSH,1,CTSH
2020-05-31,CTXS,1,CTXS
2020-05-31,DLTR,1,DLTR
2020-05-31,DXCM,1,DXCM
2020-05-31,EA,1,EA
2020-05-31,EBAY,1,EBAY
2020-05-31,EXC,1,EXC
2020-05-31,EXPE,1,EXPE
2020-05-31,FAST,1,FAST
2020-05-31,FB,1,META
2020-05-31,FISV,1,FISV
2020-05-31,FOXA,1,FOXA
2020-05-31,GILD,1,GILD
2020-05-31,GOOGL,1,GOOGL
2020-05-31,IDXX,1,IDXX
2020-05-31,ILMN,1,ILMN
2020-05-31,INCY,1,INCY
2020-05-31,INTC,1,INTC
2020-05-31,INTU,1,INTU
2020-05-31,ISRG,1,ISRG
2020-05-31,JD,1,JD
2020-05-31,KHC,1,KHC
2020-05-31,KLAC,1,KLAC
2020-05-31,LBTYA,1,LBTYA
2020-05-31,LRCX,1,LRCX
2020-05-31,LULU,1,LULU
2020-05-31,MAR,1,MAR
2020-05-31,MCHP,1,MCHP
2020-05-31,MDLZ,1,MDLZ
2020-05-31,MELI,1,MELI
2020-05-31,MNST,1,MNST
2020-05-31,MSFT,1,MSFT
2020-05-31,MU,1,MU
2020-05-31,MXIM,1,MXIM
2020-05-31,NFLX,1,NFLX
2020-05-31,NTAP,1,NTAP
2020-05-31,NTES,1,NTES
2020-05-31,NVDA,1,NVDA
2020-05-31,NXPI,1,NXPI
2020-05-31,ORLY,1,ORLY
2020-05-31,PAYX,1,PAYX
2020-05-31,PCAR,1,PCAR
2020-05-31,PEP,1,PEP
2020-05-31,PYPL,1,PYPL
2020-05-31,QCOM,1,QCOM
2020-05-31,REGN,1,REGN
2020-05-31,ROST,1,ROST
2020-05-31,SBUX,1,SBUX
2020-05-31,SGEN,1,SGEN
2020-05-31,SIRI,1,SIRI
2020-05-31,SNPS,1,SNPS
2020-05-31,SPLK,1,SPLK
2020-05-31,SWKS,1,SWKS
2020-05-31,TCOM,1,TCOM
2020-05-31,TMUS,1,TMUS
2020-05-31,TSLA,1,TSLA
2020-05-31,TTWO,1,TTWO
2020-05-31,TXN,1,TXN
2020-05-31,UAL,1,UAL
2020-05-31,ULTA,1,ULTA
2020-05-31,VRSK,1,VRSK
2020-05-31,VRSN,1,VRSN
2020-05-31,VRTX,1,VRTX
2020-05-31,WBA,1,WBA
2020-05-31,WDAY,1,WDAY
2020-05-31,WDC,1,WDC
2020-05-31,XEL,1,XEL
2020-05-31,XLNX,1,XLNX
2020-05-31,ZM,1,ZM
2020-06-30,AAPL,1,AAPL
2020-06-30,ADBE,1,ADBE
2020-06-30,ADI,1,ADI
2020-06-30,ADP,1,ADP
2020-06-30,ADSK,1,ADSK
2020-06-30,ALGN,1,ALGN
2020-06-30,ALXN,1,ALXN
2020-06-30,AMAT,1,AMAT
2020-06-30,AMD,1,AMD
2020-06-30,AMGN,1,AMGN
2020-06-30,AMZN,1,AMZN
2020-06-30,ANSS,1,ANSS
2020-06-30,ASML,1,ASML
2020-06-30,ATVI,1,ATVI
2020-06-30,AVGO,1,AVGO
2020-06-30,BIDU,1,BIDU
2020-06-30,BIIB,1,BIIB
2020-06-30,BKNG,1,BKNG
2020-06-30,BMRN,1,BMRN
2020-06-30,CDNS,1,CDNS
2020-06-30,CDW,1,CDW
2020-06-30,CERN,1,CERN
2020-06-30,CHKP,1,CHKP
2020-06-30,CHTR,1,CHTR
2020-06-30,CMCSA,1,CMCSA
2020-06-30,COST,1,COST
2020-06-30,CPRT,1,CPRT
2020-06-30,CSCO,1,CSCO
2020-06-30,CSGP,1,CSGP
2020-06-30,CSX,1,CSX
2020-06-30,CTAS,1,CTAS
2020-06-30,CTSH,1,CTSH
2020-06-30,CTXS,1,CTXS
2020-06-30,DLTR,1,DLTR
2020-06-30,DOCU,1,DOCU
2020-06-30,DXCM,1,DXCM
2020-06-30,EA,1,EA
2020-06-30,EBAY,1,EBAY
2020-06-30,EXC,1,EXC
2020-06-30,EXPE,1,EXPE
2020-06-30,FAST,1,FAST
2020-06-30,FB,1,META
2020-06-30,FISV,1,FISV
2020-06-30,FOXA,1,FOXA
2020-06-30,GILD,1,GILD
2020-06-30,GOOGL,1,GOOGL
2020-06-30,IDXX,1,IDXX
2020-06-30,ILMN,1,ILMN
2020-06-30,INCY,1,INCY
2020-06-30,INTC,1,INTC
2020-06-30,INTU,1,INTU
2020-06-30,ISRG,1,ISRG
2020-06-30,JD,1,JD
2020-06-30,KHC,1,KHC
2020-06-30,KLAC,1,KLAC
2020-06-30,LBTYA,1,LBTYA
2020-06-30,LRCX,1,LRCX
2020-06-30,LULU,1,LULU
2020-06-30,MAR,1,MAR
2020-06-30,MCHP,1,MCHP
2020-06-30,MDLZ,1,MDLZ
2020-06-30,MELI,1,MELI
2020-06-30,MNST,1,MNST
2020-06-30,MSFT,1,MSFT
2020-06-30,MU,1,MU
2020-06-30,MXIM,1,MXIM
2020-06-30,NFLX,1,NFLX
2020-06-30,NTAP,1,NTAP
2020-06-30,NTES,1,NTES
2020-06-30,NVDA,1,NVDA
2020-06-30,NXPI,1,NXPI
2020-06-30,ORLY,1,ORLY
2020-06-30,PAYX,1,PAYX
2020-06-30,PCAR,1,PCAR
2020-06-30,PEP,1,PEP
2020-06-30,PYPL,1,PYPL
2020-06-30,QCOM,1,QCOM
2020-06-30,REGN,1,REGN
2020-06-30,ROST,1,ROST
2020-06-30,SBUX,1,SBUX
2020-06-30,SGEN,1,SGEN
2020-06-30,SIRI,1,SIRI
2020-06-30,SNPS,1,SNPS
2020-06-30,SPLK,1,SPLK
2020-06-30,SWKS,1,SWKS
2020-06-30,TCOM,1,TCOM
2020-06-30,TMUS,1,TMUS
2020-06-30,TSLA,1,TSLA
2020-06-30,TTWO,1,TTWO
2020-06-30,TXN,1,TXN
2020-06-30,ULTA,1,ULTA
2020-06-30,VRSK,1,VRSK
2020-06-30,VRSN,1,VRSN
2020-06-30,VRTX,1,VRTX
2020-06-30,WBA,1,WBA
2020-06-30,WDAY,1,WDAY
2020-06-30,WDC,1,WDC
2020-06-30,XEL,1,XEL
2020-06-30,XLNX,1,XLNX
2020-06-30,ZM,1,ZM
2020-07-31,AAPL,1,AAPL
2020-07-31,ADBE,1,ADBE
2020-07-31,ADI,1,ADI
2020-07-31,ADP,1,ADP
2020-07-31,ADSK,1,ADSK
2020-07-31,ALGN,1,ALGN
2020-07-31,ALXN,1,ALXN
2020-07-31,AMAT,1,AMAT
2020-07-31,AMD,1,AMD
2020-07-31,AMGN,1,AMGN
2020-07-31,AMZN,1,AMZN
2020-07-31,ANSS,1,ANSS
2020-07-31,ASML,1,ASML
2020-07-31,ATVI,1,ATVI
2020-07-31,AVGO,1,AVGO
2020-07-31,BIDU,1,BIDU
2020-07-31,BIIB,1,BIIB
2020-07-31,BKNG,1,BKNG
2020-07-31,BMRN,1,BMRN
2020-07-31,CDNS,1,CDNS
2020-07-31,CDW,1,CDW
2020-07-31,CERN,1,CERN
2020-07-31,CHKP,1,CHKP
2020-07-31,CHTR,1,CHTR
2020-07-31,CMCSA,1,CMCSA
2020-07-31,COST,1,COST
2020-07-31,CPRT,1,CPRT
2020-07-31,CSCO,1,CSCO
2020-07-31,CSX,1,CSX
2020-07-31,CTAS,1,CTAS
2020-07-31,CTSH,1,CTSH
2020-07-31,CTXS,1,CTXS
2020-07-31,DLTR,1,DLTR
2020-07-31,DOCU,1,DOCU
2020-07-31,DXCM,1,DXCM
2020-07-31,EA,1,EA
2020-07-31,EBAY,1,EBAY
2020-07-31,EXC,1,EXC
2020-07-31,EXPE,1,EXPE
2020-07-31,FAST,1,FAST
2020-07-31,FB,1,META
2020-07-31,FISV,1,FISV
2020-07-31,FOXA,1,FOXA
2020-07-31,GILD,1,GILD
2020-07-31,GOOGL,1,GOOGL
2020-07-31,IDXX,1,IDXX
2020-07-31,ILMN,1,ILMN
2020-07-31,INCY,1,INCY
2020-07-31,INTC,1,INTC
2020-07-31,INTU,1,INTU
2020-07-31,ISRG,1,ISRG
2020-07-31,JD,1,JD
2020-07-31,KHC,1,KHC
2020-07-31,KLAC,1,KLAC
2020-07-31,LBTYA,1,LBTYA
2020-07-31,LRCX,1,LRCX
2020-07-31,LULU,1,LULU
2020-07-31,MAR,1,MAR
2020-07-31,MCHP,1,MCHP
2020-07-31,MDLZ,1,MDLZ
2020-07-31,MELI,1,MELI
2020-07-31,MNST,1,MNST
2020-07-31,MRNA,1,MRNA
2020-07-31,MSFT,1,MSFT
2020-07-31,MU,1,MU
2020-07-31,MXIM,1,MXIM
2020-07-31,NFLX,1,NFLX
2020-07-31,NTAP,1,NTAP
2020-07-31,NTES,1,NTES
2020-07-31,NVDA,1,NVDA
2020-07-31,NXPI,1,NXPI
2020-07-31,ORLY,1,ORLY
2020-07-31,PAYX,1,PAYX
2020-07-31,PCAR,1,PCAR
2020-07-31,PEP,1,PEP
2020-07-31,PYPL,1,PYPL
2020-07-31,QCOM,1,QCOM
2020-07-31,REGN,1,REGN
2020-07-31,ROST,1,ROST
2020-07-31,SBUX,1,SBUX
2020-07-31,SGEN,1,SGEN
2020-07-31,SIRI,1,SIRI
2020-07-31,SNPS,1,SNPS
2020-07-31,SPLK,1,SPLK
2020-07-31,SWKS,1,SWKS
2020-07-31,TCOM,1,TCOM
2020-07-31,TMUS,1,TMUS
2020-07-31,TSLA,1,TSLA
2020-07-31,TTWO,1,TTWO
2020-07-31,TXN,1,TXN
2020-07-31,ULTA,1,ULTA
2020-07-31,VRSK,1,VRSK
2020-07-31,VRSN,1,VRSN
2020-07-31,VRTX,1,VRTX
2020-07-31,WBA,1,WBA
2020-07-31,WDAY,1,WDAY
2020-07-31,WDC,1,WDC
2020-07-31,XEL,1,XEL
2020-07-31,XLNX,1,XLNX
2020-07-31,ZM,1,ZM
2020-08-31,AAPL,1,AAPL
2020-08-31,ADBE,1,ADBE
2020-08-31,ADI,1,ADI
2020-08-31,ADP,1,ADP
2020-08-31,ADSK,1,ADSK
2020-08-31,ALGN,1,ALGN
2020-08-31,ALXN,1,ALXN
2020-08-31,AMAT,1,AMAT
2020-08-31,AMD,1,AMD
2020-08-31,AMGN,1,AMGN
2020-08-31,AMZN,1,AMZN
2020-08-31,ANSS,1,ANSS
2020-08-31,ASML,1,ASML
2020-08-31,ATVI,1,ATVI
2020-08-31,AVGO,1,AVGO
2020-08-31,BIDU,1,BIDU
2020-08-31,BIIB,1,BIIB
2020-08-31,BKNG,1,BKNG
2020-08-31,BMRN,1,BMRN
2020-08-31,CDNS,1,CDNS
2020-08-31,CDW,1,CDW
2020-08-31,CERN,1,CERN
2020-08-31,CHKP,1,CHKP
2020-08-31,CHTR,1,CHTR
2020-08-31,CMCSA,1,CMCSA
2020-08-31,COST,1,COST
2020-08-31,CPRT,1,CPRT
2020-08-31,CSCO,1,CSCO
2020-08-31,CSX,1,CSX
2020-08-31,CTAS,1,CTAS
2020-08-31,CTSH,1,CTSH
2020-08-31,CTXS,1,CTXS
2020-08-31,DLTR,1,DLTR
2020-08-31,DOCU,1,DOCU
2020-08-31,DXCM,1,DXCM
2020-08-31,EA,1,EA
2020-08-31,EBAY,1,EBAY
2020-08-31,EXC,1,EXC
2020-08-31,EXPE,1,EXPE
2020-08-31,FAST,1,FAST
2020-08-31,FB,1,META
2020-08-31,FISV,1,FISV
2020-08-31,FOXA,1,FOXA
2020-08-31,GILD,1,GILD
2020-08-31,GOOGL,1,GOOGL
2020-08-31,IDXX,1,IDXX
2020-08-31,ILMN,1,ILMN
2020-08-31,INCY,1,INCY
2020-08-31,INTC,1,INTC
2020-08-31,INTU,1,INTU
2020-08-31,ISRG,1,ISRG
2020-08-31,JD,1,JD
2020-08-31,KHC,1,KHC
2020-08-31,KLAC,1,KLAC
2020-08-31,LBTYA,1,LBTYA
2020-08-31,LRCX,1,LRCX
2020-08-31,LULU,1,LULU
2020-08-31,MAR,1,MAR
2020-08-31,MCHP,1,MCHP
2020-08-31,MDLZ,1,MDLZ
2020-08-31,MELI,1,MELI
2020-08-31,MNST,1,MNST
2020-08-31,MRNA,1,MRNA
2020-08-31,MSFT,1,MSFT
2020-08-31,MU,1,MU
2020-08-31,MXIM,1,MXIM
2020-08-31,NFLX,1,NFLX
2020-08-31,NTES,1,NTES
2020-08-31,NVDA,1,NVDA
2020-08-31,NXPI,1,NXPI
2020-08-31,ORLY,1,ORLY
2020-08-31,PAYX,1,PAYX
2020-08-31,PCAR,1,PCAR
2020-08-31,PDD,1,PDD
2020-08-31,PEP,1,PEP
2020-08-31,PYPL,1,PYPL
2020-08-31,QCOM,1,QCOM
2020-08-31,REGN,1,REGN
2020-08-31,ROST,1,ROST
2020-08-31,SBUX,1,SBUX
2020-08-31,SGEN,1,SGEN
2020-08-31,SIRI,1,SIRI
2020-08-31,SNPS,1,SNPS
2020-08-31,SPLK,1,SPLK
2020-08-31,SWKS,1,SWKS
2020-08-31,TCOM,1,TCOM
2020-08-31,TMUS,1,TMUS
2020-08-31,TSLA,1,TSLA
2020-08-31,TTWO,1,TTWO
2020-08-31,TXN,1,TXN
2020-08-31,ULTA,1,ULTA
2020-08-31,VRSK,1,VRSK
2020-08-31,VRSN,1,VRSN
2020-08-31,VRTX,1,VRTX
2020-08-31,WBA,1,WBA
2020-08-31,WDAY,1,WDAY
2020-08-31,WDC,1,WDC
2020-08-31,XEL,1,XEL
2020-08-31,XLNX,1,XLNX
2020-08-31,ZM,1,ZM
2020-09-30,AAPL,1,AAPL
2020-09-30,ADBE,1,ADBE
2020-09-30,ADI,1,ADI
2020-09-30,ADP,1,ADP
2020-09-30,ADSK,1,ADSK
2020-09-30,ALGN,1,ALGN
2020-09-30,ALXN,1,ALXN
2020-09-30,AMAT,1,AMAT
2020-09-30,AMD,1,AMD
2020-09-30,AMGN,1,AMGN
2020-09-30,AMZN,1,AMZN
2020-09-30,ANSS,1,ANSS
2020-09-30,ASML,1,ASML
2020-09-30,ATVI,1,ATVI
2020-09-30,AVGO,1,AVGO
2020-09-30,BIDU,1,BIDU
2020-09-30,BIIB,1,BIIB
2020-09-30,BKNG,1,BKNG
2020-09-30,BMRN,1,BMRN
2020-09-30,CDNS,1,CDNS
2020-09-30,CDW,1,CDW
2020-09-30,CERN,1,CERN
2020-09-30,CHKP,1,CHKP
2020-09-30,CHTR,1,CHTR
2020-09-30,CMCSA,1,CMCSA
2020-09-30,COST,1,COST
2020-09-30,CPRT,1,CPRT
2020-09-30,CSCO,1,CSCO
2020-09-30,CSX,1,CSX
2020-09-30,CTAS,1,CTAS
2020-09-30,CTSH,1,CTSH
2020-09-30,CTXS,1,CTXS
2020-09-30,DLTR,1,DLTR
2020-09-30,DOCU,1,DOCU
2020-09-30,DXCM,1,DXCM
2020-09-30,EA,1,EA
2020-09-30,EBAY,1,EBAY
2020-09-30,EXC,1,EXC
2020-09-30,EXPE,1,EXPE
2020-09-30,FAST,1,FAST
2020-09-30,FB,1,META
2020-09-30,FISV,1,FISV
2020-09-30,FOXA,1,FOXA
2020-09-30,GILD,1,GILD
2020-09-30,GOOGL,1,GOOGL
2020-09-30,IDXX,1,IDXX
2020-09-30,ILMN,1,ILMN
2020-09-30,INCY,1,INCY
2020-09-30,INTC,1,INTC
2020-09-30,INTU,1,INTU
2020-09-30,ISRG,1,ISRG
2020-09-30,JD,1,JD
2020-09-30,KHC,1,KHC
2020-09-30,KLAC,1,KLAC
2020-09-30,LBTYA,1,LBTYA
2020-09-30,LRCX,1,LRCX
2020-09-30,LULU,1,LULU
2020-09-30,MAR,1,MAR
2020-09-30,MCHP,1,MCHP
2020-09-30,MDLZ,1,MDLZ
2020-09-30,MELI,1,MELI
2020-09-30,MNST,1,MNST
2020-09-30,MRNA,1,MRNA
2020-09-30,MSFT,1,MSFT
2020-09-30,MU,1,MU
2020-09-30,MXIM,1,MXIM
2020-09-30,NFLX,1,NFLX
2020-09-30,NTES,1,NTES
2020-09-30,NVDA,1,NVDA
2020-09-30,NXPI,1,NXPI
2020-09-30,ORLY,1,ORLY
2020-09-30,PAYX,1,PAYX
2020-09-30,PCAR,1,PCAR
2020-09-30,PDD,1,PDD
2020-09-30,PEP,1,PEP
2020-09-30,PYPL,1,PYPL
2020-09-30,QCOM,1,QCOM
2020-09-30,REGN,1,REGN
2020-09-30,ROST,1,ROST
2020-09-30,SBUX,1,SBUX
2020-09-30,SGEN,1,SGEN
2020-09-30,SIRI,1,SIRI
2020-09-30,SNPS,1,SNPS
2020-09-30,SPLK,1,SPLK
2020-09-30,SWKS,1,SWKS
2020-09-30,TCOM,1,TCOM
2020-09-30,TMUS,1,TMUS
2020-09-30,TSLA,1,TSLA
2020-09-30,TTWO,1,TTWO
2020-09-30,TXN,1,TXN
2020-09-30,ULTA,1,ULTA
2020-09-30,VRSK,1,VRSK
2020-09-30,VRSN,1,VRSN
2020-09-30,VRTX,1,VRTX
2020-09-30,WBA,1,WBA
2020-09-30,WDAY,1,WDAY
2020-09-30,WDC,1,WDC
2020-09-30,XEL,1,XEL
2020-09-30,XLNX,1,XLNX
2020-09-30,ZM,1,ZM
2020-10-31,AAPL,1,AAPL
2020-10-31,ADBE,1,ADBE
2020-10-31,ADI,1,ADI
2020-10-31,ADP,1,ADP
2020-10-31,ADSK,1,ADSK
2020-10-31,ALGN,1,ALGN
2020-10-31,ALXN,1,ALXN
2020-10-31,AMAT,1,AMAT
2020-10-31,AMD,1,AMD
2020-10-31,AMGN,1,AMGN
2020-10-31,AMZN,1,AMZN
2020-10-31,ANSS,1,ANSS
2020-10-31,ASML,1,ASML
2020-10-31,ATVI,1,ATVI
2020-10-31,AVGO,1,AVGO
2020-10-31,BIDU,1,BIDU
2020-10-31,BIIB,1,BIIB
2020-10-31,BKNG,1,BKNG
2020-10-31,BMRN,1,BMRN
2020-10-31,CDNS,1,CDNS
2020-10-31,CDW,1,CDW
2020-10-31,CERN,1,CERN
2020-10-31,CHKP,1,CHKP
2020-10-31,CHTR,1,CHTR
2020-10-31,CMCSA,1,CMCSA
2020-10-31,COST,1,COST
2020-10-31,CPRT,1,CPRT
2020-10-31,CSCO,1,CSCO
2020-10-31,CSX,1,CSX
2020-10-31,CTAS,1,CTAS
2020-10-31,CTSH,1,CTSH
2020-10-31,CTXS,1,CTXS
2020-10-31,DLTR,1,DLTR
2020-10-31,DOCU,1,DOCU
2020-10-31,DXCM,1,DXCM
2020-10-31,EA,1,EA
2020-10-31,EBAY,1,EBAY
2020-10-31,EXC,1,EXC
2020-10-31,EXPE,1,EXPE
2020-10-31,FAST,1,FAST
2020-10-31,FB,1,META
2020-10-31,FISV,1,FISV
2020-10-31,FOXA,1,FOXA
2020-10-31,GILD,1,GILD
2020-10-31,GOOGL,1,GOOGL
2020-10-31,IDXX,1,IDXX
2020-10-31,ILMN,1,ILMN
2020-10-31,INCY,1,INCY
2020-10-31,INTC,1,INTC
2020-10-31,INTU,1,INTU
2020-10-31,ISRG,1,ISRG
2020-10-31,JD,1,JD
2020-10-31,KDP,1,KDP
2020-10-31,KHC,1,KHC
2020-10-31,KLAC,1,KLAC
2020-10-31,LBTYA,1,LBTYA
2020-10-31,LRCX,1,LRCX
2020-10-31,LULU,1,LULU
2020-10-31,MAR,1,MAR
2020-10-31,MCHP,1,MCHP
2020-10-31,MDLZ,1,MDLZ
2020-10-31,MELI,1,MELI
2020-10-31,MNST,1,MNST
2020-10-31,MRNA,1,MRNA
2020-10-31,MSFT,1,MSFT
2020-10-31,MU,1,MU
2020-10-31,MXIM,1,MXIM
2020-10-31,NFLX,1,NFLX
2020-10-31,NTES,1,NTES
2020-10-31,NVDA,1,NVDA
2020-10-31,NXPI,1,NXPI
2020-10-31,ORLY,1,ORLY
2020-10-31,PAYX,1,PAYX
2020-10-31,PCAR,1,PCAR
2020-10-31,PDD,1,PDD
2020-10-31,PEP,1,PEP
2020-10-31,PYPL,1,PYPL
2020-10-31,QCOM,1,QCOM
2020-10-31,REGN,1,REGN
2020-10-31,ROST,1,ROST
2020-10-31,SBUX,1,SBUX
2020-10-31,SGEN,1,SGEN
2020-10-31,SIRI,1,SIRI
2020-10-31,SNPS,1,SNPS
2020-10-31,SPLK,1,SPLK
2020-10-31,SWKS,1,SWKS
2020-10-31,TCOM,1,TCOM
2020-10-31,TMUS,1,TMUS
2020-10-31,TSLA,1,TSLA
2020-10-31,TTWO,1,TTWO
2020-10-31,TXN,1,TXN
2020-10-31,ULTA,1,ULTA
2020-10-31,VRSK,1,VRSK
2020-10-31,VRSN,1,VRSN
2020-10-31,VRTX,1,VRTX
2020-10-31,WBA,1,WBA
2020-10-31,WDAY,1,WDAY
2020-10-31,XEL,1,XEL
2020-10-31,XLNX,1,XLNX
2020-10-31,ZM,1,ZM
2020-11-30,AAPL,1,AAPL
2020-11-30,ADBE,1,ADBE
2020-11-30,ADI,1,ADI
2020-11-30,ADP,1,ADP
2020-11-30,ADSK,1,ADSK
2020-11-30,ALGN,1,ALGN
2020-11-30,ALXN,1,ALXN
2020-11-30,AMAT,1,AMAT
2020-11-30,AMD,1,AMD
2020-11-30,AMGN,1,AMGN
2020-11-30,AMZN,1,AMZN
2020-11-30,ANSS,1,ANSS
2020-11-30,ASML,1,ASML
2020-11-30,ATVI,1,ATVI
2020-11-30,AVGO,1,AVGO
2020-11-30,BIDU,1,BIDU
2020-11-30,BIIB,1,BIIB
2020-11-30,BKNG,1,BKNG
2020-11-30,BMRN,1,BMRN
2020-11-30,CDNS,1,CDNS
2020-11-30,CDW,1,CDW
2020-11-30,CERN,1,CERN
2020-11-30,CHKP,1,CHKP
2020-11-30,CHTR,1,CHTR
2020-11-30,CMCSA,1,CMCSA
2020-11-30,COST,1,COST
2020-11-30,CPRT,1,CPRT
2020-11-30,CSCO,1,CSCO
2020-11-30,CSX,1,CSX
2020-11-30,CTAS,1,CTAS
2020-11-30,CTSH,1,CTSH
2020-11-30,CTXS,1,CTXS
2020-11-30,DLTR,1,DLTR
2020-11-30,DOCU,1,DOCU
2020-11-30,DXCM,1,DXCM
2020-11-30,EA,1,EA
2020-11-30,EBAY,1,EBAY
2020-11-30,EXC,1,EXC
2020-11-30,EXPE,1,EXPE
2020-11-30,FAST,1,FAST
2020-11-30,FB,1,META
2020-11-30,FISV,1,FISV
2020-11-30,FOXA,1,FOXA
2020-11-30,GILD,1,GILD
2020-11-30,GOOGL,1,GOOGL
2020-11-30,IDXX,1,IDXX
2020-11-30,ILMN,1,ILMN
2020-11-30,INCY,1,INCY
2020-11-30,INTC,1,INTC
2020-11-30,INTU,1,INTU
2020-11-30,ISRG,1,ISRG
2020-11-30,JD,1,JD
2020-11-30,KDP,1,KDP
2020-11-30,KHC,1,KHC
2020-11-30,KLAC,1,KLAC
2020-11-30,LBTYA,1,LBTYA
2020-11-30,LRCX,1,LRCX
2020-11-30,LULU,1,LULU
2020-11-30,MAR,1,MAR
2020-11-30,MCHP,1,MCHP
2020-11-30,MDLZ,1,MDLZ
2020-11-30,MELI,1,MELI
2020-11-30,MNST,1,MNST
2020-11-30,MRNA,1,MRNA
2020-11-30,MSFT,1,MSFT
2020-11-30,MU,1,MU
2020-11-30,MXIM,1,MXIM
2020-11-30,NFLX,1,NFLX
2020-11-30,NTES,1,NTES
2020-11-30,NVDA,1,NVDA
2020-11-30,NXPI,1,NXPI
2020-11-30,ORLY,1,ORLY
2020-11-30,PAYX,1,PAYX
2020-11-30,PCAR,1,PCAR
2020-11-30,PDD,1,PDD
2020-11-30,PEP,1,PEP
2020-11-30,PYPL,1,PYPL
2020-11-30,QCOM,1,QCOM
2020-11-30,REGN,1,REGN
2020-11-30,ROST,1,ROST
2020-11-30,SBUX,1,SBUX
2020-11-30,SGEN,1,SGEN
2020-11-30,SIRI,1,SIRI
2020-11-30,SNPS,1,SNPS
2020-11-30,SPLK,1,SPLK
2020-11-30,SWKS,1,SWKS
2020-11-30,TCOM,1,TCOM
2020-11-30,TMUS,1,TMUS
2020-11-30,TSLA,1,TSLA
2020-11-30,TTWO,1,TTWO
2020-11-30,TXN,1,TXN
2020-11-30,ULTA,1,ULTA
2020-11-30,VRSK,1,VRSK
2020-11-30,VRSN,1,VRSN
2020-11-30,VRTX,1,VRTX
2020-11-30,WBA,1,WBA
2020-11-30,WDAY,1,WDAY
2020-11-30,XEL,1,XEL
2020-11-30,XLNX,1,XLNX
2020-11-30,ZM,1,ZM
2020-12-31,AAPL,1,AAPL
2020-12-31,ADBE,1,ADBE
2020-12-31,ADI,1,ADI
2020-12-31,ADP,1,ADP
2020-12-31,ADSK,1,ADSK
2020-12-31,AEP,1,AEP
2020-12-31,ALGN,1,ALGN
2020-12-31,ALXN,1,ALXN
2020-12-31,AMAT,1,AMAT
2020-12-31,AMD,1,AMD
2020-12-31,AMGN,1,AMGN
2020-12-31,AMZN,1,AMZN
2020-12-31,ANSS,1,ANSS
2020-12-31,ASML,1,ASML
2020-12-31,ATVI,1,ATVI
2020-12-31,AVGO,1,AVGO
2020-12-31,BIDU,1,BIDU
2020-12-31,BIIB,1,BIIB
2020-12-31,BKNG,1,BKNG
2020-12-31,CDNS,1,CDNS
2020-12-31,CDW,1,CDW
2020-12-31,CERN,1,CERN
2020-12-31,CHKP,1,CHKP
2020-12-31,CHTR,1,CHTR
2020-12-31,CMCSA,1,CMCSA
2020-12-31,COST,1,COST
2020-12-31,CPRT,1,CPRT
2020-12-31,CSCO,1,CSCO
2020-12-31,CSX,1,CSX
2020-12-31,CTAS,1,CTAS
2020-12-31,CTSH,1,CTSH
2020-12-31,DLTR,1,DLTR
2020-12-31,DOCU,1,DOCU
2020-12-31,DXCM,1,DXCM
2020-12-31,EA,1,EA
2020-12-31,EBAY,1,EBAY
2020-12-31,EXC,1,EXC
2020-12-31,FAST,1,FAST
2020-12-31,FB,1,META
2020-12-31,FISV,1,FISV
2020-12-31,FOXA,1,FOXA
2020-12-31,GILD,1,GILD
2020-12-31,GOOGL,1,GOOGL
2020-12-31,IDXX,1,IDXX
2020-12-31,ILMN,1,ILMN
2020-12-31,INCY,1,INCY
2020-12-31,INTC,1,INTC
2020-12-31,INTU,1,INTU
2020-12-31,ISRG,1,ISRG
2020-12-31,JD,1,JD
2020-12-31,KDP,1,KDP
2020-12-31,KHC,1,KHC
2020-12-31,KLAC,1,KLAC
2020-12-31,LRCX,1,LRCX
2020-12-31,LULU,1,LULU
2020-12-31,MAR,1,MAR
2020-12-31,MCHP,1,MCHP
2020-12-31,MDLZ,1,MDLZ
2020-12-31,MELI,1,MELI
2020-12-31,MNST,1,MNST
2020-12-31,MRNA,1,MRNA
2020-12-31,MRVL,1,MRVL
2020-12-31,MSFT,1,MSFT
2020-12-31,MTCH,1,MTCH
2020-12-31,MU,1,MU
2020-12-31,MXIM,1,MXIM
2020-12-31,NFLX,1,NFLX
2020-12-31,NTES,1,NTES
2020-12-31,NVDA,1,NVDA
2020-12-31,NXPI,1,NXPI
2020-12-31,OKTA,1,OKTA
2020-12-31,ORLY,1,ORLY
2020-12-31,PAYX,1,PAYX
2020-12-31,PCAR,1,PCAR
2020-12-31,PDD,1,PDD
2020-12-31,PEP,1,PEP
2020-12-31,PTON,1,PTON
2020-12-31,PYPL,1,PYPL
2020-12-31,QCOM,1,QCOM
2020-12-31,REGN,1,REGN
2020-12-31,ROST,1,ROST
2020-12-31,SBUX,1,SBUX
2020-12-31,SGEN,1,SGEN
2020-12-31,SIRI,1,SIRI
2020-12-31,SNPS,1,SNPS
2020-12-31,SPLK,1,SPLK
2020-12-31,SWKS,1,SWKS
2020-12-31,TCOM,1,TCOM
2020-12-31,TEAM,1,TEAM
2020-12-31,TMUS,1,TMUS
2020-12-31,TSLA,1,TSLA
2020-12-31,TXN,1,TXN
2020-12-31,VRSK,1,VRSK
2020-12-31,VRSN,1,VRSN
2020-12-31,VRTX,1,VRTX
2020-12-31,WBA,1,WBA
2020-12-31,WDAY,1,WDAY
2020-12-31,XEL,1,XEL
2020-12-31,XLNX,1,XLNX
2020-12-31,ZM,1,ZM
2021-01-31,AAPL,1,AAPL
2021-01-31,ADBE,1,ADBE
2021-01-31,ADI,1,ADI
2021-01-31,ADP,1,ADP
2021-01-31,ADSK,1,ADSK
2021-01-31,AEP,1,AEP
2021-01-31,ALGN,1,ALGN
2021-01-31,ALXN,1,ALXN
2021-01-31,AMAT,1,AMAT
2021-01-31,AMD,1,AMD
2021-01-31,AMGN,1,AMGN
2021-01-31,AMZN,1,AMZN
2021-01-31,ANSS,1,ANSS
2021-01-31,ASML,1,ASML
2021-01-31,ATVI,1,ATVI
2021-01-31,AVGO,1,AVGO
2021-01-31,BIDU,1,BIDU
2021-01-31,BIIB,1,BIIB
2021-01-31,BKNG,1,BKNG
2021-01-31,CDNS,1,CDNS
2021-01-31,CDW,1,CDW
2021-01-31,CERN,1,CERN
2021-01-31,CHKP,1,CHKP
2021-01-31,CHTR,1,CHTR
2021-01-31,CMCSA,1,CMCSA
2021-01-31,COST,1,COST
2021-01-31,CPRT,1,CPRT
2021-01-31,CSCO,1,CSCO
2021-01-31,CSX,1,CSX
2021-01-31,CTAS,1,CTAS
2021-01-31,CTSH,1,CTSH
2021-01-31,DLTR,1,DLTR
2021-01-31,DOCU,1,DOCU
2021-01-31,DXCM,1,DXCM
2021-01-31,EA,1,EA
2021-01-31,EBAY,1,EBAY
2021-01-31,EXC,1,EXC
2021-01-31,FAST,1,FAST
2021-01-31,FB,1,META
2021-01-31,FISV,1,FISV
2021-01-31,FOXA,1,FOXA
2021-01-31,GILD,1,GILD
2021-01-31,GOOGL,1,GOOGL
2021-01-31,IDXX,1,IDXX
2021-01-31,ILMN,1,ILMN
2021-01-31,INCY,1,INCY
2021-01-31,INTC,1,INTC
2021-01-31,INTU,1,INTU
2021-01-31,ISRG,1,ISRG
2021-01-31,JD,1,JD
2021-01-31,KDP,1,KDP
2021-01-31,KHC,1,KHC
2021-01-31,KLAC,1,KLAC
2021-01-31,LRCX,1,LRCX
2021-01-31,LULU,1,LULU
2021-01-31,MAR,1,MAR
2021-01-31,MCHP,1,MCHP
2021-01-31,MDLZ,1,MDLZ
2021-01-31,MELI,1,MELI
2021-01-31,MNST,1,MNST
2021-01-31,MRNA,1,MRNA
2021-01-31,MRVL,1,MRVL
2021-01-31,MSFT,1,MSFT
2021-01-31,MTCH,1,MTCH
2021-01-31,MU,1,MU
2021-01-31,MXIM,1,MXIM
2021-01-31,NFLX,1,NFLX
2021-01-31,NTES,1,NTES
2021-01-31,NVDA,1,NVDA
2021-01-31,NXPI,1,NXPI
2021-01-31,OKTA,1,OKTA
2021-01-31,ORLY,1,ORLY
2021-01-31,PAYX,1,PAYX
2021-01-31,PCAR,1,PCAR
2021-01-31,PDD,1,PDD
2021-01-31,PEP,1,PEP
2021-01-31,PTON,1,PTON
2021-01-31,PYPL,1,PYPL
2021-01-31,QCOM,1,QCOM
2021-01-31,REGN,1,REGN
2021-01-31,ROST,1,ROST
2021-01-31,SBUX,1,SBUX
2021-01-31,SGEN,1,SGEN
2021-01-31,SIRI,1,SIRI
2021-01-31,SNPS,1,SNPS
2021-01-31,SPLK,1,SPLK
2021-01-31,SWKS,1,SWKS
2021-01-31,TCOM,1,TCOM
2021-01-31,TEAM,1,TEAM
2021-01-31,TMUS,1,TMUS
2021-01-31,TSLA,1,TSLA
2021-01-31,TXN,1,TXN
2021-01-31,VRSK,1,VRSK
2021-01-31,VRSN,1,VRSN
2021-01-31,VRTX,1,VRTX
2021-01-31,WBA,1,WBA
2021-01-31,WDAY,1,WDAY
2021-01-31,XEL,1,XEL
2021-01-31,XLNX,1,XLNX
2021-01-31,ZM,1,ZM
2021-02-28,AAPL,1,AAPL
2021-02-28,ADBE,1,ADBE
2021-02-28,ADI,1,ADI
2021-02-28,ADP,1,ADP
2021-02-28,ADSK,1,ADSK
2021-02-28,AEP,1,AEP
2021-02-28,ALGN,1,ALGN
2021-02-28,ALXN,1,ALXN
2021-02-28,AMAT,1,AMAT
2021-02-28,AMD,1,AMD
2021-02-28,AMGN,1,AMGN
2021-02-28,AMZN,1,AMZN
2021-02-28,ANSS,1,ANSS
2021-02-28,ASML,1,ASML
2021-02-28,ATVI,1,ATVI
2021-02-28,AVGO,1,AVGO
2021-02-28,BIDU,1,BIDU
2021-02-28,BIIB,1,BIIB
2021-02-28,BKNG,1,BKNG
2021-02-28,CDNS,1,CDNS
2021-02-28,CDW,1,CDW
2021-02-28,CERN,1,CERN
2021-02-28,CHKP,1,CHKP
2021-02-28,CHTR,1,CHTR
2021-02-28,CMCSA,1,CMCSA
2021-02-28,COST,1,COST
2021-02-28,CPRT,1,CPRT
2021-02-28,CSCO,1,CSCO
2021-02-28,CSX,1,CSX
2021-02-28,CTAS,1,CTAS
2021-02-28,CTSH,1,CTSH
2021-02-28,DLTR,1,DLTR
2021-02-28,DOCU,1,DOCU
2021-02-28,DXCM,1,DXCM
2021-02-28,EA,1,EA
2021-02-28,EBAY,1,EBAY
2021-02-28,EXC,1,EXC
2021-02-28,FAST,1,FAST
2021-02-28,FB,1,META
2021-02-28,FISV,1,FISV
2021-02-28,FOXA,1,FOXA
2021-02-28,GILD,1,GILD
2021-02-28,GOOGL,1,GOOGL
2021-02-28,IDXX,1,IDXX
2021-02-28,ILMN,1,ILMN
2021-02-28,INCY,1,INCY
2021-02-28,INTC,1,INTC
2021-02-28,INTU,1,INTU
2021-02-28,ISRG,1,ISRG
2021-02-28,JD,1,JD
2021-02-28,KDP,1,KDP
2021-02-28,KHC,1,KHC
2021-02-28,KLAC,1,KLAC
2021-02-28,LRCX,1,LRCX
2021-02-28,LULU,1,LULU
2021-02-28,MAR,1,MAR
2021-02-28,MCHP,1,MCHP
2021-02-28,MDLZ,1,MDLZ
2021-02-28,MELI,1,MELI
2021-02-28,MNST,1,MNST
2021-02-28,MRNA,1,MRNA
2021-02-28,MRVL,1,MRVL
2021-02-28,MSFT,1,MSFT
2021-02-28,MTCH,1,MTCH
2021-02-28,MU,1,MU
2021-02-28,MXIM,1,MXIM
2021-02-28,NFLX,1,NFLX
2021-02-28,NTES,1,NTES
2021-02-28,NVDA,1,NVDA
2021-02-28,NXPI,1,NXPI
2021-02-28,OKTA,1,OKTA
2021-02-28,ORLY,1,ORLY
2021-02-28,PAYX,1,PAYX
2021-02-28,PCAR,1,PCAR
2021-02-28,PDD,1,PDD
2021-02-28,PEP,1,PEP
2021-02-28,PTON,1,PTON
2021-02-28,PYPL,1,PYPL
2021-02-28,QCOM,1,QCOM
2021-02-28,REGN,1,REGN
2021-02-28,ROST,1,ROST
2021-02-28,SBUX,1,SBUX
2021-02-28,SGEN,1,SGEN
2021-02-28,SIRI,1,SIRI
2021-02-28,SNPS,1,SNPS
2021-02-28,SPLK,1,SPLK
2021-02-28,SWKS,1,SWKS
2021-02-28,TCOM,1,TCOM
2021-02-28,TEAM,1,TEAM
2021-02-28,TMUS,1,TMUS
2021-02-28,TSLA,1,TSLA
2021-02-28,TXN,1,TXN
2021-02-28,VRSK,1,VRSK
2021-02-28,VRSN,1,VRSN
2021-02-28,VRTX,1,VRTX
2021-02-28,WBA,1,WBA
2021-02-28,WDAY,1,WDAY
2021-02-28,XEL,1,XEL
2021-02-28,XLNX,1,XLNX
2021-02-28,ZM,1,ZM
2021-03-31,AAPL,1,AAPL
2021-03-31,ADBE,1,ADBE
2021-03-31,ADI,1,ADI
2021-03-31,ADP,1,ADP
2021-03-31,ADSK,1,ADSK
2021-03-31,AEP,1,AEP
2021-03-31,ALGN,1,ALGN
2021-03-31,ALXN,1,ALXN
2021-03-31,AMAT,1,AMAT
2021-03-31,AMD,1,AMD
2021-03-31,AMGN,1,AMGN
2021-03-31,AMZN,1,AMZN
2021-03-31,ANSS,1,ANSS
2021-03-31,ASML,1,ASML
2021-03-31,ATVI,1,ATVI
2021-03-31,AVGO,1,AVGO
2021-03-31,BIDU,1,BIDU
2021-03-31,BIIB,1,BIIB
2021-03-31,BKNG,1,BKNG
2021-03-31,CDNS,1,CDNS
2021-03-31,CDW,1,CDW
2021-03-31,CERN,1,CERN
2021-03-31,CHKP,1,CHKP
2021-03-31,CHTR,1,CHTR
2021-03-31,CMCSA,1,CMCSA
2021-03-31,COST,1,COST
2021-03-31,CPRT,1,CPRT
2021-03-31,CSCO,1,CSCO
2021-03-31,CSX,1,CSX
2021-03-31,CTAS,1,CTAS
2021-03-31,CTSH,1,CTSH
2021-03-31,DLTR,1,DLTR
2021-03-31,DOCU,1,DOCU
2021-03-31,DXCM,1,DXCM
2021-03-31,EA,1,EA
2021-03-31,EBAY,1,EBAY
2021-03-31,EXC,1,EXC
2021-03-31,FAST,1,FAST
2021-03-31,FB,1,META
2021-03-31,FISV,1,FISV
2021-03-31,FOXA,1,FOXA
2021-03-31,GILD,1,GILD
2021-03-31,GOOGL,1,GOOGL
2021-03-31,IDXX,1,IDXX
2021-03-31,ILMN,1,ILMN
2021-03-31,INCY,1,INCY
2021-03-31,INTC,1,INTC
2021-03-31,INTU,1,INTU
2021-03-31,ISRG,1,ISRG
2021-03-31,JD,1,JD
2021-03-31,KDP,1,KDP
2021-03-31,KHC,1,KHC
2021-03-31,KLAC,1,KLAC
2021-03-31,LRCX,1,LRCX
2021-03-31,LULU,1,LULU
2021-03-31,MAR,1,MAR
2021-03-31,MCHP,1,MCHP
2021-03-31,MDLZ,1,MDLZ
2021-03-31,MELI,1,MELI
2021-03-31,MNST,1,MNST
2021-03-31,MRNA,1,MRNA
2021-03-31,MRVL,1,MRVL
2021-03-31,MSFT,1,MSFT
2021-03-31,MTCH,1,MTCH
2021-03-31,MU,1,MU
2021-03-31,MXIM,1,MXIM
2021-03-31,NFLX,1,NFLX
2021-03-31,NTES,1,NTES
2021-03-31,NVDA,1,NVDA
2021-03-31,NXPI,1,NXPI
2021-03-31,OKTA,1,OKTA
2021-03-31,ORLY,1,ORLY
2021-03-31,PAYX,1,PAYX
2021-03-31,PCAR,1,PCAR
2021-03-31,PDD,1,PDD
2021-03-31,PEP,1,PEP
2021-03-31,PTON,1,PTON
2021-03-31,PYPL,1,PYPL
2021-03-31,QCOM,1,QCOM
2021-03-31,REGN,1,REGN
2021-03-31,ROST,1,ROST
2021-03-31,SBUX,1,SBUX
2021-03-31,SGEN,1,SGEN
2021-03-31,SIRI,1,SIRI
2021-03-31,SNPS,1,SNPS
2021-03-31,SPLK,1,SPLK
2021-03-31,SWKS,1,SWKS
2021-03-31,TCOM,1,TCOM
2021-03-31,TEAM,1,TEAM
2021-03-31,TMUS,1,TMUS
2021-03-31,TSLA,1,TSLA
2021-03-31,TXN,1,TXN
2021-03-31,VRSK,1,VRSK
2021-03-31,VRSN,1,VRSN
2021-03-31,VRTX,1,VRTX
2021-03-31,WBA,1,WBA
2021-03-31,WDAY,1,WDAY
2021-03-31,XEL,1,XEL
2021-03-31,XLNX,1,XLNX
2021-03-31,ZM,1,ZM
2021-04-30,AAPL,1,AAPL
2021-04-30,ADBE,1,ADBE
2021-04-30,ADI,1,ADI
2021-04-30,ADP,1,ADP
2021-04-30,ADSK,1,ADSK
2021-04-30,AEP,1,AEP
2021-04-30,ALGN,1,ALGN
2021-04-30,ALXN,1,ALXN
2021-04-30,AMAT,1,AMAT
2021-04-30,AMD,1,AMD
2021-04-30,AMGN,1,AMGN
2021-04-30,AMZN,1,AMZN
2021-04-30,ANSS,1,ANSS
2021-04-30,ASML,1,ASML
2021-04-30,ATVI,1,ATVI
2021-04-30,AVGO,1,AVGO
2021-04-30,BIDU,1,BIDU
2021-04-30,BIIB,1,BIIB
2021-04-30,BKNG,1,BKNG
2021-04-30,CDNS,1,CDNS
2021-04-30,CDW,1,CDW
2021-04-30,CERN,1,CERN
2021-04-30,CHKP,1,CHKP
2021-04-30,CHTR,1,CHTR
2021-04-30,CMCSA,1,CMCSA
2021-04-30,COST,1,COST
2021-04-30,CPRT,1,CPRT
2021-04-30,CSCO,1,CSCO
2021-04-30,CSX,1,CSX
2021-04-30,CTAS,1,CTAS
2021-04-30,CTSH,1,CTSH
2021-04-30,DLTR,1,DLTR
2021-04-30,DOCU,1,DOCU
2021-04-30,DXCM,1,DXCM
2021-04-30,EA,1,EA
2021-04-30,EBAY,1,EBAY
2021-04-30,EXC,1,EXC
2021-04-30,FAST,1,FAST
2021-04-30,FB,1,META
2021-04-30,FISV,1,FISV
2021-04-30,FOXA,1,FOXA
2021-04-30,GILD,1,GILD
2021-04-30,GOOGL,1,GOOGL
2021-04-30,IDXX,1,IDXX
2021-04-30,ILMN,1,ILMN
2021-04-30,INCY,1,INCY
2021-04-30,INTC,1,INTC
2021-04-30,INTU,1,INTU
2021-04-30,ISRG,1,ISRG
2021-04-30,JD,1,JD
2021-04-30,KDP,1,KDP
2021-04-30,KHC,1,KHC
2021-04-30,KLAC,1,KLAC
2021-04-30,LRCX,1,LRCX
2021-04-30,LULU,1,LULU
2021-04-30,MAR,1,MAR
2021-04-30,MCHP,1,MCHP
2021-04-30,MDLZ,1,MDLZ
2021-04-30,MELI,1,MELI
2021-04-30,MNST,1,MNST
2021-04-30,MRNA,1,MRNA
2021-04-30,MRVL,1,MRVL
2021-04-30,MSFT,1,MSFT
2021-04-30,MTCH,1,MTCH
2021-04-30,MU,1,MU
2021-04-30,MXIM,1,MXIM
2021-04-30,NFLX,1,NFLX
2021-04-30,NTES,1,NTES
2021-04-30,NVDA,1,NVDA
2021-04-30,NXPI,1,NXPI
2021-04-30,OKTA,1,OKTA
2021-04-30,ORLY,1,ORLY
2021-04-30,PAYX,1,PAYX
2021-04-30,PCAR,1,PCAR
2021-04-30,PDD,1,PDD
2021-04-30,PEP,1,PEP
2021-04-30,PTON,1,PTON
2021-04-30,PYPL,1,PYPL
2021-04-30,QCOM,1,QCOM
2021-04-30,REGN,1,REGN
2021-04-30,ROST,1,ROST
2021-04-30,SBUX,1,SBUX
2021-04-30,SGEN,1,SGEN
2021-04-30,SIRI,1,SIRI
2021-04-30,SNPS,1,SNPS
2021-04-30,SPLK,1,SPLK
2021-04-30,SWKS,1,SWKS
2021-04-30,TCOM,1,TCOM
2021-04-30,TEAM,1,TEAM
2021-04-30,TMUS,1,TMUS
2021-04-30,TSLA,1,TSLA
2021-04-30,TXN,1,TXN
2021-04-30,VRSK,1,VRSK
2021-04-30,VRSN,1,VRSN
2021-04-30,VRTX,1,VRTX
2021-04-30,WBA,1,WBA
2021-04-30,WDAY,1,WDAY
2021-04-30,XEL,1,XEL
2021-04-30,XLNX,1,XLNX
2021-04-30,ZM,1,ZM
2021-05-31,AAPL,1,AAPL
2021-05-31,ADBE,1,ADBE
2021-05-31,ADI,1,ADI
2021-05-31,ADP,1,ADP
2021-05-31,ADSK,1,ADSK
2021-05-31,AEP,1,AEP
2021-05-31,ALGN,1,ALGN
2021-05-31,ALXN,1,ALXN
2021-05-31,AMAT,1,AMAT
2021-05-31,AMD,1,AMD
2021-05-31,AMGN,1,AMGN
2021-05-31,AMZN,1,AMZN
2021-05-31,ANSS,1,ANSS
2021-05-31,ASML,1,ASML
2021-05-31,ATVI,1,ATVI
2021-05-31,AVGO,1,AVGO
2021-05-31,BIDU,1,BIDU
2021-05-31,BIIB,1,BIIB
2021-05-31,BKNG,1,BKNG
2021-05-31,CDNS,1,CDNS
2021-05-31,CDW,1,CDW
2021-05-31,CERN,1,CERN
2021-05-31,CHKP,1,CHKP
2021-05-31,CHTR,1,CHTR
2021-05-31,CMCSA,1,CMCSA
2021-05-31,COST,1,COST
2021-05-31,CPRT,1,CPRT
2021-05-31,CSCO,1,CSCO
2021-05-31,CSX,1,CSX
2021-05-31,CTAS,1,CTAS
2021-05-31,CTSH,1,CTSH
2021-05-31,DLTR,1,DLTR
2021-05-31,DOCU,1,DOCU
2021-05-31,DXCM,1,DXCM
2021-05-31,EA,1,EA
2021-05-31,EBAY,1,EBAY
2021-05-31,EXC,1,EXC
2021-05-31,FAST,1,FAST
2021-05-31,FB,1,META
2021-05-31,FISV,1,FISV
2021-05-31,FOXA,1,FOXA
2021-05-31,GILD,1,GILD
2021-05-31,GOOGL,1,GOOGL
2021-05-31,IDXX,1,IDXX
2021-05-31,ILMN,1,ILMN
2021-05-31,INCY,1,INCY
2021-05-31,INTC,1,INTC
2021-05-31,INTU,1,INTU
2021-05-31,ISRG,1,ISRG
2021-05-31,JD,1,JD
2021-05-31,KDP,1,KDP
2021-05-31,KHC,1,KHC
2021-05-31,KLAC,1,KLAC
2021-05-31,LRCX,1,LRCX
2021-05-31,LULU,1,LULU
2021-05-31,MAR,1,MAR
2021-05-31,MCHP,1,MCHP
2021-05-31,MDLZ,1,MDLZ
2021-05-31,MELI,1,MELI
2021-05-31,MNST,1,MNST
2021-05-31,MRNA,1,MRNA
2021-05-31,MRVL,1,MRVL
2021-05-31,MSFT,1,MSFT
2021-05-31,MTCH,1,MTCH
2021-05-31,MU,1,MU
2021-05-31,MXIM,1,MXIM
2021-05-31,NFLX,1,NFLX
2021-05-31,NTES,1,NTES
2021-05-31,NVDA,1,NVDA
2021-05-31,NXPI,1,NXPI
2021-05-31,OKTA,1,OKTA
2021-05-31,ORLY,1,ORLY
2021-05-31,PAYX,1,PAYX
2021-05-31,PCAR,1,PCAR
2021-05-31,PDD,1,PDD
2021-05-31,PEP,1,PEP
2021-05-31,PTON,1,PTON
2021-05-31,PYPL,1,PYPL
2021-05-31,QCOM,1,QCOM
2021-05-31,REGN,1,REGN
2021-05-31,ROST,1,ROST
2021-05-31,SBUX,1,SBUX
2021-05-31,SGEN,1,SGEN
2021-05-31,SIRI,1,SIRI
2021-05-31,SNPS,1,SNPS
2021-05-31,SPLK,1,SPLK
2021-05-31,SWKS,1,SWKS
2021-05-31,TCOM,1,TCOM
2021-05-31,TEAM,1,TEAM
2021-05-31,TMUS,1,TMUS
2021-05-31,TSLA,1,TSLA
2021-05-31,TXN,1,TXN
2021-05-31,VRSK,1,VRSK
2021-05-31,VRSN,1,VRSN
2021-05-31,VRTX,1,VRTX
2021-05-31,WBA,1,WBA
2021-05-31,WDAY,1,WDAY
2021-05-31,XEL,1,XEL
2021-05-31,XLNX,1,XLNX
2021-05-31,ZM,1,ZM
2021-06-30,AAPL,1,AAPL
2021-06-30,ADBE,1,ADBE
2021-06-30,ADI,1,ADI
2021-06-30,ADP,1,ADP
2021-06-30,ADSK,1,ADSK
2021-06-30,AEP,1,AEP
2021-06-30,ALGN,1,ALGN
2021-06-30,ALXN,1,ALXN
2021-06-30,AMAT,1,AMAT
2021-06-30,AMD,1,AMD
2021-06-30,AMGN,1,AMGN
2021-06-30,AMZN,1,AMZN
2021-06-30,ANSS,1,ANSS
2021-06-30,ASML,1,ASML
2021-06-30,ATVI,1,ATVI
2021-06-30,AVGO,1,AVGO
2021-06-30,BIDU,1,BIDU
2021-06-30,BIIB,1,BIIB
2021-06-30,BKNG,1,BKNG
2021-06-30,CDNS,1,CDNS
2021-06-30,CDW,1,CDW
2021-06-30,CERN,1,CERN
2021-06-30,CHKP,1,CHKP
2021-06-30,CHTR,1,CHTR
2021-06-30,CMCSA,1,CMCSA
2021-06-30,COST,1,COST
2021-06-30,CPRT,1,CPRT
2021-06-30,CSCO,1,CSCO
2021-06-30,CSX,1,CSX
2021-06-30,CTAS,1,CTAS
2021-06-30,CTSH,1,CTSH
2021-06-30,DLTR,1,DLTR
2021-06-30,DOCU,1,DOCU
2021-06-30,DXCM,1,DXCM
2021-06-30,EA,1,EA
2021-06-30,EBAY,1,EBAY
2021-06-30,EXC,1,EXC
2021-06-30,FAST,1,FAST
2021-06-30,FB,1,META
2021-06-30,FISV,1,FISV
2021-06-30,FOXA,1,FOXA
2021-06-30,GILD,1,GILD
2021-06-30,GOOGL,1,GOOGL
2021-06-30,IDXX,1,IDXX
2021-06-30,ILMN,1,ILMN
2021-06-30,INCY,1,INCY
2021-06-30,INTC,1,INTC
2021-06-30,INTU,1,INTU
2021-06-30,ISRG,1,ISRG
2021-06-30,JD,1,JD
2021-06-30,KDP,1,KDP
2021-06-30,KHC,1,KHC
2021-06-30,KLAC,1,KLAC
2021-06-30,LRCX,1,LRCX
2021-06-30,LULU,1,LULU
2021-06-30,MAR,1,MAR
2021-06-30,MCHP,1,MCHP
2021-06-30,MDLZ,1,MDLZ
2021-06-30,MELI,1,MELI
2021-06-30,MNST,1,MNST
2021-06-30,MRNA,1,MRNA
2021-06-30,MRVL,1,MRVL
2021-06-30,MSFT,1,MSFT
2021-06-30,MTCH,1,MTCH
2021-06-30,MU,1,MU
2021-06-30,MXIM,1,MXIM
2021-06-30,NFLX,1,NFLX
2021-06-30,NTES,1,NTES
2021-06-30,NVDA,1,NVDA
2021-06-30,NXPI,1,NXPI
2021-06-30,OKTA,1,OKTA
2021-06-30,ORLY,1,ORLY
2021-06-30,PAYX,1,PAYX
2021-06-30,PCAR,1,PCAR
2021-06-30,PDD,1,PDD
2021-06-30,PEP,1,PEP
2021-06-30,PTON,1,PTON
2021-06-30,PYPL,1,PYPL
2021-06-30,QCOM,1,QCOM
2021-06-30,REGN,1,REGN
2021-06-30,ROST,1,ROST
2021-06-30,SBUX,1,SBUX
2021-06-30,SGEN,1,SGEN
2021-06-30,SIRI,1,SIRI
2021-06-30,SNPS,1,SNPS
2021-06-30,SPLK,1,SPLK
2021-06-30,SWKS,1,SWKS
2021-06-30,TCOM,1,TCOM
2021-06-30,TEAM,1,TEAM
2021-06-30,TMUS,1,TMUS
2021-06-30,TSLA,1,TSLA
2021-06-30,TXN,1,TXN
2021-06-30,VRSK,1,VRSK
2021-06-30,VRSN,1,VRSN
2021-06-30,VRTX,1,VRTX
2021-06-30,WBA,1,WBA
2021-06-30,WDAY,1,WDAY
2021-06-30,XEL,1,XEL
2021-06-30,XLNX,1,XLNX
2021-06-30,ZM,1,ZM
2021-07-31,AAPL,1,AAPL
2021-07-31,ADBE,1,ADBE
2021-07-31,ADI,1,ADI
2021-07-31,ADP,1,ADP
2021-07-31,ADSK,1,ADSK
2021-07-31,AEP,1,AEP
2021-07-31,ALGN,1,ALGN
2021-07-31,AMAT,1,AMAT
2021-07-31,AMD,1,AMD
2021-07-31,AMGN,1,AMGN
2021-07-31,AMZN,1,AMZN
2021-07-31,ANSS,1,ANSS
2021-07-31,ASML,1,ASML
2021-07-31,ATVI,1,ATVI
2021-07-31,AVGO,1,AVGO
2021-07-31,BIDU,1,BIDU
2021-07-31,BIIB,1,BIIB
2021-07-31,BKNG,1,BKNG
2021-07-31,CDNS,1,CDNS
2021-07-31,CDW,1,CDW
2021-07-31,CERN,1,CERN
2021-07-31,CHKP,1,CHKP
2021-07-31,CHTR,1,CHTR
2021-07-31,CMCSA,1,CMCSA
2021-07-31,COST,1,COST
2021-07-31,CPRT,1,CPRT
2021-07-31,CSCO,1,CSCO
2021-07-31,CSX,1,CSX
2021-07-31,CTAS,1,CTAS
2021-07-31,CTSH,1,CTSH
2021-07-31,DLTR,1,DLTR
2021-07-31,DOCU,1,DOCU
2021-07-31,DXCM,1,DXCM
2021-07-31,EA,1,EA
2021-07-31,EBAY,1,EBAY
2021-07-31,EXC,1,EXC
2021-07-31,FAST,1,FAST
2021-07-31,FB,1,META
2021-07-31,FISV,1,FISV
2021-07-31,FOXA,1,FOXA
2021-07-31,GILD,1,GILD
2021-07-31,GOOGL,1,GOOGL
2021-07-31,HON,1,HON
2021-07-31,IDXX,1,IDXX
2021-07-31,ILMN,1,ILMN
2021-07-31,INCY,1,INCY
2021-07-31,INTC,1,INTC
2021-07-31,INTU,1,INTU
2021-07-31,ISRG,1,ISRG
2021-07-31,JD,1,JD
2021-07-31,KDP,1,KDP
2021-07-31,KHC,1,KHC
2021-07-31,KLAC,1,KLAC
2021-07-31,LRCX,1,LRCX
2021-07-31,LULU,1,LULU
2021-07-31,MAR,1,MAR
2021-07-31,MCHP,1,MCHP
2021-07-31,MDLZ,1,MDLZ
2021-07-31,MELI,1,MELI
2021-07-31,MNST,1,MNST
2021-07-31,MRNA,1,MRNA
2021-07-31,MRVL,1,MRVL
2021-07-31,MSFT,1,MSFT
2021-07-31,MTCH,1,MTCH
2021-07-31,MU,1,MU
2021-07-31,MXIM,1,MXIM
2021-07-31,NFLX,1,NFLX
2021-07-31,NTES,1,NTES
2021-07-31,NVDA,1,NVDA
2021-07-31,NXPI,1,NXPI
2021-07-31,OKTA,1,OKTA
2021-07-31,ORLY,1,ORLY
2021-07-31,PAYX,1,PAYX
2021-07-31,PCAR,1,PCAR
2021-07-31,PDD,1,PDD
2021-07-31,PEP,1,PEP
2021-07-31,PTON,1,PTON
2021-07-31,PYPL,1,PYPL
2021-07-31,QCOM,1,QCOM
2021-07-31,REGN,1,REGN
2021-07-31,ROST,1,ROST
2021-07-31,SBUX,1,SBUX
2021-07-31,SGEN,1,SGEN
2021-07-31,SIRI,1,SIRI
2021-07-31,SNPS,1,SNPS
2021-07-31,SPLK,1,SPLK
2021-07-31,SWKS,1,SWKS
2021-07-31,TCOM,1,TCOM
2021-07-31,TEAM,1,TEAM
2021-07-31,TMUS,1,TMUS
2021-07-31,TSLA,1,TSLA
2021-07-31,TXN,1,TXN
2021-07-31,VRSK,1,VRSK
2021-07-31,VRSN,1,VRSN
2021-07-31,VRTX,1,VRTX
2021-07-31,WBA,1,WBA
2021-07-31,WDAY,1,WDAY
2021-07-31,XEL,1,XEL
2021-07-31,XLNX,1,XLNX
2021-07-31,ZM,1,ZM
2021-08-31,AAPL,1,AAPL
2021-08-31,ADBE,1,ADBE
2021-08-31,ADI,1,ADI
2021-08-31,ADP,1,ADP
2021-08-31,ADSK,1,ADSK
2021-08-31,AEP,1,AEP
2021-08-31,ALGN,1,ALGN
2021-08-31,AMAT,1,AMAT
2021-08-31,AMD,1,AMD
2021-08-31,AMGN,1,AMGN
2021-08-31,AMZN,1,AMZN
2021-08-31,ANSS,1,ANSS
2021-08-31,ASML,1,ASML
2021-08-31,ATVI,1,ATVI
2021-08-31,AVGO,1,AVGO
2021-08-31,BIDU,1,BIDU
2021-08-31,BIIB,1,BIIB
2021-08-31,BKNG,1,BKNG
2021-08-31,CDNS,1,CDNS
2021-08-31,CDW,1,CDW
2021-08-31,CERN,1,CERN
2021-08-31,CHKP,1,CHKP
2021-08-31,CHTR,1,CHTR
2021-08-31,CMCSA,1,CMCSA
2021-08-31,COST,1,COST
2021-08-31,CPRT,1,CPRT
2021-08-31,CRWD,1,CRWD
2021-08-31,CSCO,1,CSCO
2021-08-31,CSX,1,CSX
2021-08-31,CTAS,1,CTAS
2021-08-31,CTSH,1,CTSH
2021-08-31,DLTR,1,DLTR
2021-08-31,DOCU,1,DOCU
2021-08-31,DXCM,1,DXCM
2021-08-31,EA,1,EA
2021-08-31,EBAY,1,EBAY
2021-08-31,EXC,1,EXC
2021-08-31,FAST,1,FAST
2021-08-31,FB,1,META
2021-08-31,FISV,1,FISV
2021-08-31,FOXA,1,FOXA
2021-08-31,GILD,1,GILD
2021-08-31,GOOGL,1,GOOGL
2021-08-31,HON,1,HON
2021-08-31,IDXX,1,IDXX
2021-08-31,ILMN,1,ILMN
2021-08-31,INCY,1,INCY
2021-08-31,INTC,1,INTC
2021-08-31,INTU,1,INTU
2021-08-31,ISRG,1,ISRG
2021-08-31,JD,1,JD
2021-08-31,KDP,1,KDP
2021-08-31,KHC,1,KHC
2021-08-31,KLAC,1,KLAC
2021-08-31,LRCX,1,LRCX
2021-08-31,LULU,1,LULU
2021-08-31,MAR,1,MAR
2021-08-31,MCHP,1,MCHP
2021-08-31,MDLZ,1,MDLZ
2021-08-31,MELI,1,MELI
2021-08-31,MNST,1,MNST
2021-08-31,MRNA,1,MRNA
2021-08-31,MRVL,1,MRVL
2021-08-31,MSFT,1,MSFT
2021-08-31,MTCH,1,MTCH
2021-08-31,MU,1,MU
2021-08-31,NFLX,1,NFLX
2021-08-31,NTES,1,NTES
2021-08-31,NVDA,1,NVDA
2021-08-31,NXPI,1,NXPI
2021-08-31,OKTA,1,OKTA
2021-08-31,ORLY,1,ORLY
2021-08-31,PAYX,1,PAYX
2021-08-31,PCAR,1,PCAR
2021-08-31,PDD,1,PDD
2021-08-31,PEP,1,PEP
2021-08-31,PTON,1,PTON
2021-08-31,PYPL,1,PYPL
2021-08-31,QCOM,1,QCOM
2021-08-31,REGN,1,REGN
2021-08-31,ROST,1,ROST
2021-08-31,SBUX,1,SBUX
2021-08-31,SGEN,1,SGEN
2021-08-31,SIRI,1,SIRI
2021-08-31,SNPS,1,SNPS
2021-08-31,SPLK,1,SPLK
2021-08-31,SWKS,1,SWKS
2021-08-31,TCOM,1,TCOM
2021-08-31,TEAM,1,TEAM
2021-08-31,TMUS,1,TMUS
2021-08-31,TSLA,1,TSLA
2021-08-31,TXN,1,TXN
2021-08-31,VRSK,1,VRSK
2021-08-31,VRSN,1,VRSN
2021-08-31,VRTX,1,VRTX
2021-08-31,WBA,1,WBA
2021-08-31,WDAY,1,WDAY
2021-08-31,XEL,1,XEL
2021-08-31,XLNX,1,XLNX
2021-08-31,ZM,1,ZM
2021-09-30,AAPL,1,AAPL
2021-09-30,ADBE,1,ADBE
2021-09-30,ADI,1,ADI
2021-09-30,ADP,1,ADP
2021-09-30,ADSK,1,ADSK
2021-09-30,AEP,1,AEP
2021-09-30,ALGN,1,ALGN
2021-09-30,AMAT,1,AMAT
2021-09-30,AMD,1,AMD
2021-09-30,AMGN,1,AMGN
2021-09-30,AMZN,1,AMZN
2021-09-30,ANSS,1,ANSS
2021-09-30,ASML,1,ASML
2021-09-30,ATVI,1,ATVI
2021-09-30,AVGO,1,AVGO
2021-09-30,BIDU,1,BIDU
2021-09-30,BIIB,1,BIIB
2021-09-30,BKNG,1,BKNG
2021-09-30,CDNS,1,CDNS
2021-09-30,CDW,1,CDW
2021-09-30,CERN,1,CERN
2021-09-30,CHKP,1,CHKP
2021-09-30,CHTR,1,CHTR
2021-09-30,CMCSA,1,CMCSA
2021-09-30,COST,1,COST
2021-09-30,CPRT,1,CPRT
2021-09-30,CRWD,1,CRWD
2021-09-30,CSCO,1,CSCO
2021-09-30,CSX,1,CSX
2021-09-30,CTAS,1,CTAS
2021-09-30,CTSH,1,CTSH
2021-09-30,DLTR,1,DLTR
2021-09-30,DOCU,1,DOCU
2021-09-30,DXCM,1,DXCM
2021-09-30,EA,1,EA
2021-09-30,EBAY,1,EBAY
2021-09-30,EXC,1,EXC
2021-09-30,FAST,1,FAST
2021-09-30,FB,1,META
2021-09-30,FISV,1,FISV
2021-09-30,FOXA,1,FOXA
2021-09-30,GILD,1,GILD
2021-09-30,GOOGL,1,GOOGL
2021-09-30,HON,1,HON
2021-09-30,IDXX,1,IDXX
2021-09-30,ILMN,1,ILMN
2021-09-30,INCY,1,INCY
2021-09-30,INTC,1,INTC
2021-09-30,INTU,1,INTU
2021-09-30,ISRG,1,ISRG
2021-09-30,JD,1,JD
2021-09-30,KDP,1,KDP
2021-09-30,KHC,1,KHC
2021-09-30,KLAC,1,KLAC
2021-09-30,LRCX,1,LRCX
2021-09-30,LULU,1,LULU
2021-09-30,MAR,1,MAR
2021-09-30,MCHP,1,MCHP
2021-09-30,MDLZ,1,MDLZ
2021-09-30,MELI,1,MELI
2021-09-30,MNST,1,MNST
2021-09-30,MRNA,1,MRNA
2021-09-30,MRVL,1,MRVL
2021-09-30,MSFT,1,MSFT
2021-09-30,MTCH,1,MTCH
2021-09-30,MU,1,MU
2021-09-30,NFLX,1,NFLX
2021-09-30,NTES,1,NTES
2021-09-30,NVDA,1,NVDA
2021-09-30,NXPI,1,NXPI
2021-09-30,OKTA,1,OKTA
2021-09-30,ORLY,1,ORLY
2021-09-30,PAYX,1,PAYX
2021-09-30,PCAR,1,PCAR
2021-09-30,PDD,1,PDD
2021-09-30,PEP,1,PEP
2021-09-30,PTON,1,PTON
2021-09-30,PYPL,1,PYPL
2021-09-30,QCOM,1,QCOM
2021-09-30,REGN,1,REGN
2021-09-30,ROST,1,ROST
2021-09-30,SBUX,1,SBUX
2021-09-30,SGEN,1,SGEN
2021-09-30,SIRI,1,SIRI
2021-09-30,SNPS,1,SNPS
2021-09-30,SPLK,1,SPLK
2021-09-30,SWKS,1,SWKS
2021-09-30,TCOM,1,TCOM
2021-09-30,TEAM,1,TEAM
2021-09-30,TMUS,1,TMUS
2021-09-30,TSLA,1,TSLA
2021-09-30,TXN,1,TXN
2021-09-30,VRSK,1,VRSK
2021-09-30,VRSN,1,VRSN
2021-09-30,VRTX,1,VRTX
2021-09-30,WBA,1,WBA
2021-09-30,WDAY,1,WDAY
2021-09-30,XEL,1,XEL
2021-09-30,XLNX,1,XLNX
2021-09-30,ZM,1,ZM
2021-10-31,AAPL,1,AAPL
2021-10-31,ADBE,1,ADBE
2021-10-31,ADI,1,ADI
2021-10-31,ADP,1,ADP
2021-10-31,ADSK,1,ADSK
2021-10-31,AEP,1,AEP
2021-10-31,ALGN,1,ALGN
2021-10-31,AMAT,1,AMAT
2021-10-31,AMD,1,AMD
2021-10-31,AMGN,1,AMGN
2021-10-31,AMZN,1,AMZN
2021-10-31,ANSS,1,ANSS
2021-10-31,ASML,1,ASML
2021-10-31,ATVI,1,ATVI
2021-10-31,AVGO,1,AVGO
2021-10-31,BIDU,1,BIDU
2021-10-31,BIIB,1,BIIB
2021-10-31,BKNG,1,BKNG
2021-10-31,CDNS,1,CDNS
2021-10-31,CDW,1,CDW
2021-10-31,CERN,1,CERN
2021-10-31,CHKP,1,CHKP
2021-10-31,CHTR,1,CHTR
2021-10-31,CMCSA,1,CMCSA
2021-10-31,COST,1,COST
2021-10-31,CPRT,1,CPRT
2021-10-31,CRWD,1,CRWD
2021-10-31,CSCO,1,CSCO
2021-10-31,CSX,1,CSX
2021-10-31,CTAS,1,CTAS
2021-10-31,CTSH,1,CTSH
2021-10-31,DLTR,1,DLTR
2021-10-31,DOCU,1,DOCU
2021-10-31,DXCM,1,DXCM
2021-10-31,EA,1,EA
2021-10-31,EBAY,1,EBAY
2021-10-31,EXC,1,EXC
2021-10-31,FAST,1,FAST
2021-10-31,FB,1,META
2021-10-31,FISV,1,FISV
2021-10-31,FOXA,1,FOXA
2021-10-31,GILD,1,GILD
2021-10-31,GOOGL,1,GOOGL
2021-10-31,HON,1,HON
2021-10-31,IDXX,1,IDXX
2021-10-31,ILMN,1,ILMN
2021-10-31,INCY,1,INCY
2021-10-31,INTC,1,INTC
2021-10-31,INTU,1,INTU
2021-10-31,ISRG,1,ISRG
2021-10-31,JD,1,JD
2021-10-31,KDP,1,KDP
2021-10-31,KHC,1,KHC
2021-10-31,KLAC,1,KLAC
2021-10-31,LRCX,1,LRCX
2021-10-31,LULU,1,LULU
2021-10-31,MAR,1,MAR
2021-10-31,MCHP,1,MCHP
2021-10-31,MDLZ,1,MDLZ
2021-10-31,MELI,1,MELI
2021-10-31,MNST,1,MNST
2021-10-31,MRNA,1,MRNA
2021-10-31,MRVL,1,MRVL
2021-10-31,MSFT,1,MSFT
2021-10-31,MTCH,1,MTCH
2021-10-31,MU,1,MU
2021-10-31,NFLX,1,NFLX
2021-10-31,NTES,1,NTES
2021-10-31,NVDA,1,NVDA
2021-10-31,NXPI,1,NXPI
2021-10-31,OKTA,1,OKTA
2021-10-31,ORLY,1,ORLY
2021-10-31,PAYX,1,PAYX
2021-10-31,PCAR,1,PCAR
2021-10-31,PDD,1,PDD
2021-10-31,PEP,1,PEP
2021-10-31,PTON,1,PTON
2021-10-31,PYPL,1,PYPL
2021-10-31,QCOM,1,QCOM
2021-10-31,REGN,1,REGN
2021-10-31,ROST,1,ROST
2021-10-31,SBUX,1,SBUX
2021-10-31,SGEN,1,SGEN
2021-10-31,SIRI,1,SIRI
2021-10-31,SNPS,1,SNPS
2021-10-31,SPLK,1,SPLK
2021-10-31,SWKS,1,SWKS
2021-10-31,TCOM,1,TCOM
2021-10-31,TEAM,1,TEAM
2021-10-31,TMUS,1,TMUS
2021-10-31,TSLA,1,TSLA
2021-10-31,TXN,1,TXN
2021-10-31,VRSK,1,VRSK
2021-10-31,VRSN,1,VRSN
2021-10-31,VRTX,1,VRTX
2021-10-31,WBA,1,WBA
2021-10-31,WDAY,1,WDAY
2021-10-31,XEL,1,XEL
2021-10-31,XLNX,1,XLNX
2021-10-31,ZM,1,ZM
2021-11-30,AAPL,1,AAPL
2021-11-30,ADBE,1,ADBE
2021-11-30,ADI,1,ADI
2021-11-30,ADP,1,ADP
2021-11-30,ADSK,1,ADSK
2021-11-30,AEP,1,AEP
2021-11-30,ALGN,1,ALGN
2021-11-30,AMAT,1,AMAT
2021-11-30,AMD,1,AMD
2021-11-30,AMGN,1,AMGN
2021-11-30,AMZN,1,AMZN
2021-11-30,ANSS,1,ANSS
2021-11-30,ASML,1,ASML
2021-11-30,ATVI,1,ATVI
2021-11-30,AVGO,1,AVGO
2021-11-30,BIDU,1,BIDU
2021-11-30,BIIB,1,BIIB
2021-11-30,BKNG,1,BKNG
2021-11-30,CDNS,1,CDNS
2021-11-30,CDW,1,CDW
2021-11-30,CERN,1,CERN
2021-11-30,CHKP,1,CHKP
2021-11-30,CHTR,1,CHTR
2021-11-30,CMCSA,1,CMCSA
2021-11-30,COST,1,COST
2021-11-30,CPRT,1,CPRT
2021-11-30,CRWD,1,CRWD
2021-11-30,CSCO,1,CSCO
2021-11-30,CSX,1,CSX
2021-11-30,CTAS,1,CTAS
2021-11-30,CTSH,1,CTSH
2021-11-30,DLTR,1,DLTR
2021-11-30,DOCU,1,DOCU
2021-11-30,DXCM,1,DXCM
2021-11-30,EA,1,EA
2021-11-30,EBAY,1,EBAY
2021-11-30,EXC,1,EXC
2021-11-30,FAST,1,FAST
2021-11-30,FB,1,META
2021-11-30,FISV,1,FISV
2021-11-30,FOXA,1,FOXA
2021-11-30,GILD,1,GILD
2021-11-30,GOOGL,1,GOOGL
2021-11-30,HON,1,HON
2021-11-30,IDXX,1,IDXX
2021-11-30,ILMN,1,ILMN
2021-11-30,INCY,1,INCY
2021-11-30,INTC,1,INTC
2021-11-30,INTU,1,INTU
2021-11-30,ISRG,1,ISRG
2021-11-30,JD,1,JD
2021-11-30,KDP,1,KDP
2021-11-30,KHC,1,KHC
2021-11-30,KLAC,1,KLAC
2021-11-30,LRCX,1,LRCX
2021-11-30,LULU,1,LULU
2021-11-30,MAR,1,MAR
2021-11-30,MCHP,1,MCHP
2021-11-30,MDLZ,1,MDLZ
2021-11-30,MELI,1,MELI
2021-11-30,MNST,1,MNST
2021-11-30,MRNA,1,MRNA
2021-11-30,MRVL,1,MRVL
2021-11-30,MSFT,1,MSFT
2021-11-30,MTCH,1,MTCH
2021-11-30,MU,1,MU
2021-11-30,NFLX,1,NFLX
2021-11-30,NTES,1,NTES
2021-11-30,NVDA,1,NVDA
2021-11-30,NXPI,1,NXPI
2021-11-30,OKTA,1,OKTA
2021-11-30,ORLY,1,ORLY
2021-11-30,PAYX,1,PAYX
2021-11-30,PCAR,1,PCAR
2021-11-30,PDD,1,PDD
2021-11-30,PEP,1,PEP
2021-11-30,PTON,1,PTON
2021-11-30,PYPL,1,PYPL
2021-11-30,QCOM,1,QCOM
2021-11-30,REGN,1,REGN
2021-11-30,ROST,1,ROST
2021-11-30,SBUX,1,SBUX
2021-11-30,SGEN,1,SGEN
2021-11-30,SIRI,1,SIRI
2021-11-30,SNPS,1,SNPS
2021-11-30,SPLK,1,SPLK
2021-11-30,SWKS,1,SWKS
2021-11-30,TCOM,1,TCOM
2021-11-30,TEAM,1,TEAM
2021-11-30,TMUS,1,TMUS
2021-11-30,TSLA,1,TSLA
2021-11-30,TXN,1,TXN
2021-11-30,VRSK,1,VRSK
2021-11-30,VRSN,1,VRSN
2021-11-30,VRTX,1,VRTX
2021-11-30,WBA,1,WBA
2021-11-30,WDAY,1,WDAY
2021-11-30,XEL,1,XEL
2021-11-30,XLNX,1,XLNX
2021-11-30,ZM,1,ZM
2021-12-31,AAPL,1,AAPL
2021-12-31,ABNB,1,ABNB
2021-12-31,ADBE,1,ADBE
2021-12-31,ADI,1,ADI
2021-12-31,ADP,1,ADP
2021-12-31,ADSK,1,ADSK
2021-12-31,AEP,1,AEP
2021-12-31,ALGN,1,ALGN
2021-12-31,AMAT,1,AMAT
2021-12-31,AMD,1,AMD
2021-12-31,AMGN,1,AMGN
2021-12-31,AMZN,1,AMZN
2021-12-31,ANSS,1,ANSS
2021-12-31,ASML,1,ASML
2021-12-31,ATVI,1,ATVI
2021-12-31,AVGO,1,AVGO
2021-12-31,BIDU,1,BIDU
2021-12-31,BIIB,1,BIIB
2021-12-31,BKNG,1,BKNG
2021-12-31,CDNS,1,CDNS
2021-12-31,CHTR,1,CHTR
2021-12-31,CMCSA,1,CMCSA
2021-12-31,COST,1,COST
2021-12-31,CPRT,1,CPRT
2021-12-31,CRWD,1,CRWD
2021-12-31,CSCO,1,CSCO
2021-12-31,CSX,1,CSX
2021-12-31,CTAS,1,CTAS
2021-12-31,CTSH,1,CTSH
2021-12-31,DDOG,1,DDOG
2021-12-31,DLTR,1,DLTR
2021-12-31,DOCU,1,DOCU
2021-12-31,DXCM,1,DXCM
2021-12-31,EA,1,EA
2021-12-31,EBAY,1,EBAY
2021-12-31,EXC,1,EXC
2021-12-31,FAST,1,FAST
2021-12-31,FB,1,META
2021-12-31,FISV,1,FISV
2021-12-31,FTNT,1,FTNT
2021-12-31,GILD,1,GILD
2021-12-31,GOOGL,1,GOOGL
2021-12-31,HON,1,HON
2021-12-31,IDXX,1,IDXX
2021-12-31,ILMN,1,ILMN
2021-12-31,INTC,1,INTC
2021-12-31,INTU,1,INTU
2021-12-31,ISRG,1,ISRG
2021-12-31,JD,1,JD
2021-12-31,KDP,1,KDP
2021-12-31,KHC,1,KHC
2021-12-31,KLAC,1,KLAC
2021-12-31,LCID,1,LCID
2021-12-31,LRCX,1,LRCX
2021-12-31,LULU,1,LULU
2021-12-31,MAR,1,MAR
2021-12-31,MCHP,1,MCHP
2021-12-31,MDLZ,1,MDLZ
2021-12-31,MELI,1,MELI
2021-12-31,MNST,1,MNST
2021-12-31,MRNA,1,MRNA
2021-12-31,MRVL,1,MRVL
2021-12-31,MSFT,1,MSFT
2021-12-31,MTCH,1,MTCH
2021-12-31,MU,1,MU
2021-12-31,NFLX,1,NFLX
2021-12-31,NTES,1,NTES
2021-12-31,NVDA,1,NVDA
2021-12-31,NXPI,1,NXPI
2021-12-31,OKTA,1,OKTA
2021-12-31,ORLY,1,ORLY
2021-12-31,PANW,1,PANW
2021-12-31,PAYX,1,PAYX
2021-12-31,PCAR,1,PCAR
2021-12-31,PDD,1,PDD
2021-12-31,PEP,1,PEP
2021-12-31,PTON,1,PTON
2021-12-31,PYPL,1,PYPL
2021-12-31,QCOM,1,QCOM
2021-12-31,REGN,1,REGN
2021-12-31,ROST,1,ROST
2021-12-31,SBUX,1,SBUX
2021-12-31,SGEN,1,SGEN
2021-12-31,SIRI,1,SIRI
2021-12-31,SNPS,1,SNPS
2021-12-31,SPLK,1,SPLK
2021-12-31,SWKS,1,SWKS
2021-12-31,TEAM,1,TEAM
2021-12-31,TMUS,1,TMUS
2021-12-31,TSLA,1,TSLA
2021-12-31,TXN,1,TXN
2021-12-31,VRSK,1,VRSK
2021-12-31,VRSN,1,VRSN
2021-12-31,VRTX,1,VRTX
2021-12-31,WBA,1,WBA
2021-12-31,WDAY,1,WDAY
2021-12-31,XEL,1,XEL
2021-12-31,XLNX,1,XLNX
2021-12-31,ZM,1,ZM
2021-12-31,ZS,1,ZS
2022-01-31,AAPL,1,AAPL
2022-01-31,ABNB,1,ABNB
2022-01-31,ADBE,1,ADBE
2022-01-31,ADI,1,ADI
2022-01-31,ADP,1,ADP
2022-01-31,ADSK,1,ADSK
2022-01-31,AEP,1,AEP
2022-01-31,ALGN,1,ALGN
2022-01-31,AMAT,1,AMAT
2022-01-31,AMD,1,AMD
2022-01-31,AMGN,1,AMGN
2022-01-31,AMZN,1,AMZN
2022-01-31,ANSS,1,ANSS
2022-01-31,ASML,1,ASML
2022-01-31,ATVI,1,ATVI
2022-01-31,AVGO,1,AVGO
2022-01-31,BIDU,1,BIDU
2022-01-31,BIIB,1,BIIB
2022-01-31,BKNG,1,BKNG
2022-01-31,CDNS,1,CDNS
2022-01-31,CHTR,1,CHTR
2022-01-31,CMCSA,1,CMCSA
2022-01-31,COST,1,COST
2022-01-31,CPRT,1,CPRT
2022-01-31,CRWD,1,CRWD
2022-01-31,CSCO,1,CSCO
2022-01-31,CSX,1,CSX
2022-01-31,CTAS,1,CTAS
2022-01-31,CTSH,1,CTSH
2022-01-31,DDOG,1,DDOG
2022-01-31,DLTR,1,DLTR
2022-01-31,DOCU,1,DOCU
2022-01-31,DXCM,1,DXCM
2022-01-31,EA,1,EA
2022-01-31,EBAY,1,EBAY
2022-01-31,EXC,1,EXC
2022-01-31,FAST,1,FAST
2022-01-31,FB,1,META
2022-01-31,FISV,1,FISV
2022-01-31,FTNT,1,FTNT
2022-01-31,GILD,1,GILD
2022-01-31,GOOGL,1,GOOGL
2022-01-31,HON,1,HON
2022-01-31,IDXX,1,IDXX
2022-01-31,ILMN,1,ILMN
2022-01-31,INTC,1,INTC
2022-01-31,INTU,1,INTU
2022-01-31,ISRG,1,ISRG
2022-01-31,JD,1,JD
2022-01-31,KDP,1,KDP
2022-01-31,KHC,1,KHC
2022-01-31,KLAC,1,KLAC
2022-01-31,LCID,1,LCID
2022-01-31,LRCX,1,LRCX
2022-01-31,LULU,1,LULU
2022-01-31,MAR,1,MAR
2022-01-31,MCHP,1,MCHP
2022-01-31,MDLZ,1,MDLZ
2022-01-31,MELI,1,MELI
2022-01-31,MNST,1,MNST
2022-01-31,MRNA,1,MRNA
2022-01-31,MRVL,1,MRVL
2022-01-31,MSFT,1,MSFT
2022-01-31,MTCH,1,MTCH
2022-01-31,MU,1,MU
2022-01-31,NFLX,1,NFLX
2022-01-31,NTES,1,NTES
2022-01-31,NVDA,1,NVDA
2022-01-31,NXPI,1,NXPI
2022-01-31,ODFL,1,ODFL
2022-01-31,OKTA,1,OKTA
2022-01-31,ORLY,1,ORLY
2022-01-31,PANW,1,PANW
2022-01-31,PAYX,1,PAYX
2022-01-31,PCAR,1,PCAR
2022-01-31,PDD,1,PDD
2022-01-31,PEP,1,PEP
2022-01-31,PYPL,1,PYPL
2022-01-31,QCOM,1,QCOM
2022-01-31,REGN,1,REGN
2022-01-31,ROST,1,ROST
2022-01-31,SBUX,1,SBUX
2022-01-31,SGEN,1,SGEN
2022-01-31,SIRI,1,SIRI
2022-01-31,SNPS,1,SNPS
2022-01-31,SPLK,1,SPLK
2022-01-31,SWKS,1,SWKS
2022-01-31,TEAM,1,TEAM
2022-01-31,TMUS,1,TMUS
2022-01-31,TSLA,1,TSLA
2022-01-31,TXN,1,TXN
2022-01-31,VRSK,1,VRSK
2022-01-31,VRSN,1,VRSN
2022-01-31,VRTX,1,VRTX
2022-01-31,WBA,1,WBA
2022-01-31,WDAY,1,WDAY
2022-01-31,XEL,1,XEL
2022-01-31,XLNX,1,XLNX
2022-01-31,ZM,1,ZM
2022-01-31,ZS,1,ZS
2022-02-28,AAPL,1,AAPL
2022-02-28,ABNB,1,ABNB
2022-02-28,ADBE,1,ADBE
2022-02-28,ADI,1,ADI
2022-02-28,ADP,1,ADP
2022-02-28,ADSK,1,ADSK
2022-02-28,AEP,1,AEP
2022-02-28,ALGN,1,ALGN
2022-02-28,AMAT,1,AMAT
2022-02-28,AMD,1,AMD
2022-02-28,AMGN,1,AMGN
2022-02-28,AMZN,1,AMZN
2022-02-28,ANSS,1,ANSS
2022-02-28,ASML,1,ASML
2022-02-28,ATVI,1,ATVI
2022-02-28,AVGO,1,AVGO
2022-02-28,AZN,1,AZN
2022-02-28,BIDU,1,BIDU
2022-02-28,BIIB,1,BIIB
2022-02-28,BKNG,1,BKNG
2022-02-28,CDNS,1,CDNS
2022-02-28,CEG,1,CEG
2022-02-28,CHTR,1,CHTR
2022-02-28,CMCSA,1,CMCSA
2022-02-28,COST,1,COST
2022-02-28,CPRT,1,CPRT
2022-02-28,CRWD,1,CRWD
2022-02-28,CSCO,1,CSCO
2022-02-28,CSX,1,CSX
2022-02-28,CTAS,1,CTAS
2022-02-28,CTSH,1,CTSH
2022-02-28,DDOG,1,DDOG
2022-02-28,DLTR,1,DLTR
2022-02-28,DOCU,1,DOCU
2022-02-28,DXCM,1,DXCM
2022-02-28,EA,1,EA
2022-02-28,EBAY,1,EBAY
2022-02-28,EXC,1,EXC
2022-02-28,FAST,1,FAST
2022-02-28,FB,1,META
2022-02-28,FISV,1,FISV
2022-02-28,FTNT,1,FTNT
2022-02-28,GILD,1,GILD
2022-02-28,GOOGL,1,GOOGL
2022-02-28,HON,1,HON
2022-02-28,IDXX,1,IDXX
2022-02-28,ILMN,1,ILMN
2022-02-28,INTC,1,INTC
2022-02-28,INTU,1,INTU
2022-02-28,ISRG,1,ISRG
2022-02-28,JD,1,JD
2022-02-28,KDP,1,KDP
2022-02-28,KHC,1,KHC
2022-02-28,KLAC,1,KLAC
2022-02-28,LCID,1,LCID
2022-02-28,LRCX,1,LRCX
2022-02-28,LULU,1,LULU
2022-02-28,MAR,1,MAR
2022-02-28,MCHP,1,MCHP
2022-02-28,MDLZ,1,MDLZ
2022-02-28,MELI,1,MELI
2022-02-28,MNST,1,MNST
2022-02-28,MRNA,1,MRNA
2022-02-28,MRVL,1,MRVL
2022-02-28,MSFT,1,MSFT
2022-02-28,MTCH,1,MTCH
2022-02-28,MU,1,MU
2022-02-28,NFLX,1,NFLX
2022-02-28,NTES,1,NTES
2022-02-28,NVDA,1,NVDA
2022-02-28,NXPI,1,NXPI
2022-02-28,ODFL,1,ODFL
2022-02-28,OKTA,1,OKTA
2022-02-28,ORLY,1,ORLY
2022-02-28,PANW,1,PANW
2022-02-28,PAYX,1,PAYX
2022-02-28,PCAR,1,PCAR
2022-02-28,PDD,1,PDD
2022-02-28,PEP,1,PEP
2022-02-28,PYPL,1,PYPL
2022-02-28,QCOM,1,QCOM
2022-02-28,REGN,1,REGN
2022-02-28,ROST,1,ROST
2022-02-28,SBUX,1,SBUX
2022-02-28,SGEN,1,SGEN
2022-02-28,SIRI,1,SIRI
2022-02-28,SNPS,1,SNPS
2022-02-28,SPLK,1,SPLK
2022-02-28,SWKS,1,SWKS
2022-02-28,TEAM,1,TEAM
2022-02-28,TMUS,1,TMUS
2022-02-28,TSLA,1,TSLA
2022-02-28,TXN,1,TXN
2022-02-28,VRSK,1,VRSK
2022-02-28,VRSN,1,VRSN
2022-02-28,VRTX,1,VRTX
2022-02-28,WBA,1,WBA
2022-02-28,WDAY,1,WDAY
2022-02-28,XEL,1,XEL
2022-02-28,ZM,1,ZM
2022-02-28,ZS,1,ZS
2022-03-31,AAPL,1,AAPL
2022-03-31,ABNB,1,ABNB
2022-03-31,ADBE,1,ADBE
2022-03-31,ADI,1,ADI
2022-03-31,ADP,1,ADP
2022-03-31,ADSK,1,ADSK
2022-03-31,AEP,1,AEP
2022-03-31,ALGN,1,ALGN
2022-03-31,AMAT,1,AMAT
2022-03-31,AMD,1,AMD
2022-03-31,AMGN,1,AMGN
2022-03-31,AMZN,1,AMZN
2022-03-31,ANSS,1,ANSS
2022-03-31,ASML,1,ASML
2022-03-31,ATVI,1,ATVI
2022-03-31,AVGO,1,AVGO
2022-03-31,AZN,1,AZN
2022-03-31,BIDU,1,BIDU
2022-03-31,BIIB,1,BIIB
2022-03-31,BKNG,1,BKNG
2022-03-31,CDNS,1,CDNS
2022-03-31,CEG,1,CEG
2022-03-31,CHTR,1,CHTR
2022-03-31,CMCSA,1,CMCSA
2022-03-31,COST,1,COST
2022-03-31,CPRT,1,CPRT
2022-03-31,CRWD,1,CRWD
2022-03-31,CSCO,1,CSCO
2022-03-31,CSX,1,CSX
2022-03-31,CTAS,1,CTAS
2022-03-31,CTSH,1,CTSH
2022-03-31,DDOG,1,DDOG
2022-03-31,DLTR,1,DLTR
2022-03-31,DOCU,1,DOCU
2022-03-31,DXCM,1,DXCM
2022-03-31,EA,1,EA
2022-03-31,EBAY,1,EBAY
2022-03-31,EXC,1,EXC
2022-03-31,FAST,1,FAST
2022-03-31,FB,1,META
2022-03-31,FISV,1,FISV
2022-03-31,FTNT,1,FTNT
2022-03-31,GILD,1,GILD
2022-03-31,GOOGL,1,GOOGL
2022-03-31,HON,1,HON
2022-03-31,IDXX,1,IDXX
2022-03-31,ILMN,1,ILMN
2022-03-31,INTC,1,INTC
2022-03-31,INTU,1,INTU
2022-03-31,ISRG,1,ISRG
2022-03-31,JD,1,JD
2022-03-31,KDP,1,KDP
2022-03-31,KHC,1,KHC
2022-03-31,KLAC,1,KLAC
2022-03-31,LCID,1,LCID
2022-03-31,LRCX,1,LRCX
2022-03-31,LULU,1,LULU
2022-03-31,MAR,1,MAR
2022-03-31,MCHP,1,MCHP
2022-03-31,MDLZ,1,MDLZ
2022-03-31,MELI,1,MELI
2022-03-31,MNST,1,MNST
2022-03-31,MRNA,1,MRNA
2022-03-31,MRVL,1,MRVL
2022-03-31,MSFT,1,MSFT
2022-03-31,MTCH,1,MTCH
2022-03-31,MU,1,MU
2022-03-31,NFLX,1,NFLX
2022-03-31,NTES,1,NTES
2022-03-31,NVDA,1,NVDA
2022-03-31,NXPI,1,NXPI
2022-03-31,ODFL,1,ODFL
2022-03-31,OKTA,1,OKTA
2022-03-31,ORLY,1,ORLY
2022-03-31,PANW,1,PANW
2022-03-31,PAYX,1,PAYX
2022-03-31,PCAR,1,PCAR
2022-03-31,PDD,1,PDD
2022-03-31,PEP,1,PEP
2022-03-31,PYPL,1,PYPL
2022-03-31,QCOM,1,QCOM
2022-03-31,REGN,1,REGN
2022-03-31,ROST,1,ROST
2022-03-31,SBUX,1,SBUX
2022-03-31,SGEN,1,SGEN
2022-03-31,SIRI,1,SIRI
2022-03-31,SNPS,1,SNPS
2022-03-31,SPLK,1,SPLK
2022-03-31,SWKS,1,SWKS
2022-03-31,TEAM,1,TEAM
2022-03-31,TMUS,1,TMUS
2022-03-31,TSLA,1,TSLA
2022-03-31,TXN,1,TXN
2022-03-31,VRSK,1,VRSK
2022-03-31,VRSN,1,VRSN
2022-03-31,VRTX,1,VRTX
2022-03-31,WBA,1,WBA
2022-03-31,WDAY,1,WDAY
2022-03-31,XEL,1,XEL
2022-03-31,ZM,1,ZM
2022-03-31,ZS,1,ZS
2022-04-30,AAPL,1,AAPL
2022-04-30,ABNB,1,ABNB
2022-04-30,ADBE,1,ADBE
2022-04-30,ADI,1,ADI
2022-04-30,ADP,1,ADP
2022-04-30,ADSK,1,ADSK
2022-04-30,AEP,1,AEP
2022-04-30,ALGN,1,ALGN
2022-04-30,AMAT,1,AMAT
2022-04-30,AMD,1,AMD
2022-04-30,AMGN,1,AMGN
2022-04-30,AMZN,1,AMZN
2022-04-30,ANSS,1,ANSS
2022-04-30,ASML,1,ASML
2022-04-30,ATVI,1,ATVI
2022-04-30,AVGO,1,AVGO
2022-04-30,AZN,1,AZN
2022-04-30,BIDU,1,BIDU
2022-04-30,BIIB,1,BIIB
2022-04-30,BKNG,1,BKNG
2022-04-30,CDNS,1,CDNS
2022-04-30,CEG,1,CEG
2022-04-30,CHTR,1,CHTR
2022-04-30,CMCSA,1,CMCSA
2022-04-30,COST,1,COST
2022-04-30,CPRT,1,CPRT
2022-04-30,CRWD,1,CRWD
2022-04-30,CSCO,1,CSCO
2022-04-30,CSX,1,CSX
2022-04-30,CTAS,1,CTAS
2022-04-30,CTSH,1,CTSH
2022-04-30,DDOG,1,DDOG
2022-04-30,DLTR,1,DLTR
2022-04-30,DOCU,1,DOCU
2022-04-30,DXCM,1,DXCM
2022-04-30,EA,1,EA
2022-04-30,EBAY,1,EBAY
2022-04-30,EXC,1,EXC
2022-04-30,FAST,1,FAST
2022-04-30,FB,1,META
2022-04-30,FISV,1,FISV
2022-04-30,FTNT,1,FTNT
2022-04-30,GILD,1,GILD
2022-04-30,GOOGL,1,GOOGL
2022-04-30,HON,1,HON
2022-04-30,IDXX,1,IDXX
2022-04-30,ILMN,1,ILMN
2022-04-30,INTC,1,INTC
2022-04-30,INTU,1,INTU
2022-04-30,ISRG,1,ISRG
2022-04-30,JD,1,JD
2022-04-30,KDP,1,KDP
2022-04-30,KHC,1,KHC
2022-04-30,KLAC,1,KLAC
2022-04-30,LCID,1,LCID
2022-04-30,LRCX,1,LRCX
2022-04-30,LULU,1,LULU
2022-04-30,MAR,1,MAR
2022-04-30,MCHP,1,MCHP
2022-04-30,MDLZ,1,MDLZ
2022-04-30,MELI,1,MELI
2022-04-30,MNST,1,MNST
2022-04-30,MRNA,1,MRNA
2022-04-30,MRVL,1,MRVL
2022-04-30,MSFT,1,MSFT
2022-04-30,MTCH,1,MTCH
2022-04-30,MU,1,MU
2022-04-30,NFLX,1,NFLX
2022-04-30,NTES,1,NTES
2022-04-30,NVDA,1,NVDA
2022-04-30,NXPI,1,NXPI
2022-04-30,ODFL,1,ODFL
2022-04-30,OKTA,1,OKTA
2022-04-30,ORLY,1,ORLY
2022-04-30,PANW,1,PANW
2022-04-30,PAYX,1,PAYX
2022-04-30,PCAR,1,PCAR
2022-04-30,PDD,1,PDD
2022-04-30,PEP,1,PEP
2022-04-30,PYPL,1,PYPL
2022-04-30,QCOM,1,QCOM
2022-04-30,REGN,1,REGN
2022-04-30,ROST,1,ROST
2022-04-30,SBUX,1,SBUX
2022-04-30,SGEN,1,SGEN
2022-04-30,SIRI,1,SIRI
2022-04-30,SNPS,1,SNPS
2022-04-30,SPLK,1,SPLK
2022-04-30,SWKS,1,SWKS
2022-04-30,TEAM,1,TEAM
2022-04-30,TMUS,1,TMUS
2022-04-30,TSLA,1,TSLA
2022-04-30,TXN,1,TXN
2022-04-30,VRSK,1,VRSK
2022-04-30,VRSN,1,VRSN
2022-04-30,VRTX,1,VRTX
2022-04-30,WBA,1,WBA
2022-04-30,WDAY,1,WDAY
2022-04-30,XEL,1,XEL
2022-04-30,ZM,1,ZM
2022-04-30,ZS,1,ZS
2022-05-31,AAPL,1,AAPL
2022-05-31,ABNB,1,ABNB
2022-05-31,ADBE,1,ADBE
2022-05-31,ADI,1,ADI
2022-05-31,ADP,1,ADP
2022-05-31,ADSK,1,ADSK
2022-05-31,AEP,1,AEP
2022-05-31,ALGN,1,ALGN
2022-05-31,AMAT,1,AMAT
2022-05-31,AMD,1,AMD
2022-05-31,AMGN,1,AMGN
2022-05-31,AMZN,1,AMZN
2022-05-31,ANSS,1,ANSS
2022-05-31,ASML,1,ASML
2022-05-31,ATVI,1,ATVI
2022-05-31,AVGO,1,AVGO
2022-05-31,AZN,1,AZN
2022-05-31,BIDU,1,BIDU
2022-05-31,BIIB,1,BIIB
2022-05-31,BKNG,1,BKNG
2022-05-31,CDNS,1,CDNS
2022-05-31,CEG,1,CEG
2022-05-31,CHTR,1,CHTR
2022-05-31,CMCSA,1,CMCSA
2022-05-31,COST,1,COST
2022-05-31,CPRT,1,CPRT
2022-05-31,CRWD,1,CRWD
2022-05-31,CSCO,1,CSCO
2022-05-31,CSX,1,CSX
2022-05-31,CTAS,1,CTAS
2022-05-31,CTSH,1,CTSH
2022-05-31,DDOG,1,DDOG
2022-05-31,DLTR,1,DLTR
2022-05-31,DOCU,1,DOCU
2022-05-31,DXCM,1,DXCM
2022-05-31,EA,1,EA
2022-05-31,EBAY,1,EBAY
2022-05-31,EXC,1,EXC
2022-05-31,FAST,1,FAST
2022-05-31,FB,1,META
2022-05-31,FISV,1,FISV
2022-05-31,FTNT,1,FTNT
2022-05-31,GILD,1,GILD
2022-05-31,GOOGL,1,GOOGL
2022-05-31,HON,1,HON
2022-05-31,IDXX,1,IDXX
2022-05-31,ILMN,1,ILMN
2022-05-31,INTC,1,INTC
2022-05-31,INTU,1,INTU
2022-05-31,ISRG,1,ISRG
2022-05-31,JD,1,JD
2022-05-31,KDP,1,KDP
2022-05-31,KHC,1,KHC
2022-05-31,KLAC,1,KLAC
2022-05-31,LCID,1,LCID
2022-05-31,LRCX,1,LRCX
2022-05-31,LULU,1,LULU
2022-05-31,MAR,1,MAR
2022-05-31,MCHP,1,MCHP
2022-05-31,MDLZ,1,MDLZ
2022-05-31,MELI,1,MELI
2022-05-31,MNST,1,MNST
2022-05-31,MRNA,1,MRNA
2022-05-31,MRVL,1,MRVL
2022-05-31,MSFT,1,MSFT
2022-05-31,MTCH,1,MTCH
2022-05-31,MU,1,MU
2022-05-31,NFLX,1,NFLX
2022-05-31,NTES,1,NTES
2022-05-31,NVDA,1,NVDA
2022-05-31,NXPI,1,NXPI
2022-05-31,ODFL,1,ODFL
2022-05-31,OKTA,1,OKTA
2022-05-31,ORLY,1,ORLY
2022-05-31,PANW,1,PANW
2022-05-31,PAYX,1,PAYX
2022-05-31,PCAR,1,PCAR
2022-05-31,PDD,1,PDD
2022-05-31,PEP,1,PEP
2022-05-31,PYPL,1,PYPL
2022-05-31,QCOM,1,QCOM
2022-05-31,REGN,1,REGN
2022-05-31,ROST,1,ROST
2022-05-31,SBUX,1,SBUX
2022-05-31,SGEN,1,SGEN
2022-05-31,SIRI,1,SIRI
2022-05-31,SNPS,1,SNPS
2022-05-31,SPLK,1,SPLK
2022-05-31,SWKS,1,SWKS
2022-05-31,TEAM,1,TEAM
2022-05-31,TMUS,1,TMUS
2022-05-31,TSLA,1,TSLA
2022-05-31,TXN,1,TXN
2022-05-31,VRSK,1,VRSK
2022-05-31,VRSN,1,VRSN
2022-05-31,VRTX,1,VRTX
2022-05-31,WBA,1,WBA
2022-05-31,WDAY,1,WDAY
2022-05-31,XEL,1,XEL
2022-05-31,ZM,1,ZM
2022-05-31,ZS,1,ZS
2022-06-30,AAPL,1,AAPL
2022-06-30,ABNB,1,ABNB
2022-06-30,ADBE,1,ADBE
2022-06-30,ADI,1,ADI
2022-06-30,ADP,1,ADP
2022-06-30,ADSK,1,ADSK
2022-06-30,AEP,1,AEP
2022-06-30,ALGN,1,ALGN
2022-06-30,AMAT,1,AMAT
2022-06-30,AMD,1,AMD
2022-06-30,AMGN,1,AMGN
2022-06-30,AMZN,1,AMZN
2022-06-30,ANSS,1,ANSS
2022-06-30,ASML,1,ASML
2022-06-30,ATVI,1,ATVI
2022-06-30,AVGO,1,AVGO
2022-06-30,AZN,1,AZN
2022-06-30,BIDU,1,BIDU
2022-06-30,BIIB,1,BIIB
2022-06-30,BKNG,1,BKNG
2022-06-30,CDNS,1,CDNS
2022-06-30,CEG,1,CEG
2022-06-30,CHTR,1,CHTR
2022-06-30,CMCSA,1,CMCSA
2022-06-30,COST,1,COST
2022-06-30,CPRT,1,CPRT
2022-06-30,CRWD,1,CRWD
2022-06-30,CSCO,1,CSCO
2022-06-30,CSX,1,CSX
2022-06-30,CTAS,1,CTAS
2022-06-30,CTSH,1,CTSH
2022-06-30,DDOG,1,DDOG
2022-06-30,DLTR,1,DLTR
2022-06-30,DOCU,1,DOCU
2022-06-30,DXCM,1,DXCM
2022-06-30,EA,1,EA
2022-06-30,EBAY,1,EBAY
2022-06-30,EXC,1,EXC
2022-06-30,FAST,1,FAST
2022-06-30,FISV,1,FISV
2022-06-30,FTNT,1,FTNT
2022-06-30,GILD,1,GILD
2022-06-30,GOOGL,1,GOOGL
2022-06-30,HON,1,HON
2022-06-30,IDXX,1,IDXX
2022-06-30,ILMN,1,ILMN
2022-06-30,INTC,1,INTC
2022-06-30,INTU,1,INTU
2022-06-30,ISRG,1,ISRG
2022-06-30,JD,1,JD
2022-06-30,KDP,1,KDP
2022-06-30,KHC,1,KHC
2022-06-30,KLAC,1,KLAC
2022-06-30,LCID,1,LCID
2022-06-30,LRCX,1,LRCX
2022-06-30,LULU,1,LULU
2022-06-30,MAR,1,MAR
2022-06-30,MCHP,1,MCHP
2022-06-30,MDLZ,1,MDLZ
2022-06-30,MELI,1,MELI
2022-06-30,META,1,META
2022-06-30,MNST,1,MNST
2022-06-30,MRNA,1,MRNA
2022-06-30,MRVL,1,MRVL
2022-06-30,MSFT,1,MSFT
2022-06-30,MTCH,1,MTCH
2022-06-30,MU,1,MU
2022-06-30,NFLX,1,NFLX
2022-06-30,NTES,1,NTES
2022-06-30,NVDA,1,NVDA
2022-06-30,NXPI,1,NXPI
2022-06-30,ODFL,1,ODFL
2022-06-30,OKTA,1,OKTA
2022-06-30,ORLY,1,ORLY
2022-06-30,PANW,1,PANW
2022-06-30,PAYX,1,PAYX
2022-06-30,PCAR,1,PCAR
2022-06-30,PDD,1,PDD
2022-06-30,PEP,1,PEP
2022-06-30,PYPL,1,PYPL
2022-06-30,QCOM,1,QCOM
2022-06-30,REGN,1,REGN
2022-06-30,ROST,1,ROST
2022-06-30,SBUX,1,SBUX
2022-06-30,SGEN,1,SGEN
2022-06-30,SIRI,1,SIRI
2022-06-30,SNPS,1,SNPS
2022-06-30,SPLK,1,SPLK
2022-06-30,SWKS,1,SWKS
2022-06-30,TEAM,1,TEAM
2022-06-30,TMUS,1,TMUS
2022-06-30,TSLA,1,TSLA
2022-06-30,TXN,1,TXN
2022-06-30,VRSK,1,VRSK
2022-06-30,VRSN,1,VRSN
2022-06-30,VRTX,1,VRTX
2022-06-30,WBA,1,WBA
2022-06-30,WDAY,1,WDAY
2022-06-30,XEL,1,XEL
2022-06-30,ZM,1,ZM
2022-06-30,ZS,1,ZS
2022-07-31,AAPL,1,AAPL
2022-07-31,ABNB,1,ABNB
2022-07-31,ADBE,1,ADBE
2022-07-31,ADI,1,ADI
2022-07-31,ADP,1,ADP
2022-07-31,ADSK,1,ADSK
2022-07-31,AEP,1,AEP
2022-07-31,ALGN,1,ALGN
2022-07-31,AMAT,1,AMAT
2022-07-31,AMD,1,AMD
2022-07-31,AMGN,1,AMGN
2022-07-31,AMZN,1,AMZN
2022-07-31,ANSS,1,ANSS
2022-07-31,ASML,1,ASML
2022-07-31,ATVI,1,ATVI
2022-07-31,AVGO,1,AVGO
2022-07-31,AZN,1,AZN
2022-07-31,BIDU,1,BIDU
2022-07-31,BIIB,1,BIIB
2022-07-31,BKNG,1,BKNG
2022-07-31,CDNS,1,CDNS
2022-07-31,CEG,1,CEG
2022-07-31,CHTR,1,CHTR
2022-07-31,CMCSA,1,CMCSA
2022-07-31,COST,1,COST
2022-07-31,CPRT,1,CPRT
2022-07-31,CRWD,1,CRWD
2022-07-31,CSCO,1,CSCO
2022-07-31,CSX,1,CSX
2022-07-31,CTAS,1,CTAS
2022-07-31,CTSH,1,CTSH
2022-07-31,DDOG,1,DDOG
2022-07-31,DLTR,1,DLTR
2022-07-31,DOCU,1,DOCU
2022-07-31,DXCM,1,DXCM
2022-07-31,EA,1,EA
2022-07-31,EBAY,1,EBAY
2022-07-31,EXC,1,EXC
2022-07-31,FAST,1,FAST
2022-07-31,FISV,1,FISV
2022-07-31,FTNT,1,FTNT
2022-07-31,GILD,1,GILD
2022-07-31,GOOGL,1,GOOGL
2022-07-31,HON,1,HON
2022-07-31,IDXX,1,IDXX
2022-07-31,ILMN,1,ILMN
2022-07-31,INTC,1,INTC
2022-07-31,INTU,1,INTU
2022-07-31,ISRG,1,ISRG
2022-07-31,JD,1,JD
2022-07-31,KDP,1,KDP
2022-07-31,KHC,1,KHC
2022-07-31,KLAC,1,KLAC
2022-07-31,LCID,1,LCID
2022-07-31,LRCX,1,LRCX
2022-07-31,LULU,1,LULU
2022-07-31,MAR,1,MAR
2022-07-31,MCHP,1,MCHP
2022-07-31,MDLZ,1,MDLZ
2022-07-31,MELI,1,MELI
2022-07-31,META,1,META
2022-07-31,MNST,1,MNST
2022-07-31,MRNA,1,MRNA
2022-07-31,MRVL,1,MRVL
2022-07-31,MSFT,1,MSFT
2022-07-31,MTCH,1,MTCH
2022-07-31,MU,1,MU
2022-07-31,NFLX,1,NFLX
2022-07-31,NTES,1,NTES
2022-07-31,NVDA,1,NVDA
2022-07-31,NXPI,1,NXPI
2022-07-31,ODFL,1,ODFL
2022-07-31,OKTA,1,OKTA
2022-07-31,ORLY,1,ORLY
2022-07-31,PANW,1,PANW
2022-07-31,PAYX,1,PAYX
2022-07-31,PCAR,1,PCAR
2022-07-31,PDD,1,PDD
2022-07-31,PEP,1,PEP
2022-07-31,PYPL,1,PYPL
2022-07-31,QCOM,1,QCOM
2022-07-31,REGN,1,REGN
2022-07-31,ROST,1,ROST
2022-07-31,SBUX,1,SBUX
2022-07-31,SGEN,1,SGEN
2022-07-31,SIRI,1,SIRI
2022-07-31,SNPS,1,SNPS
2022-07-31,SPLK,1,SPLK
2022-07-31,SWKS,1,SWKS
2022-07-31,TEAM,1,TEAM
2022-07-31,TMUS,1,TMUS
2022-07-31,TSLA,1,TSLA
2022-07-31,TXN,1,TXN
2022-07-31,VRSK,1,VRSK
2022-07-31,VRSN,1,VRSN
2022-07-31,VRTX,1,VRTX
2022-07-31,WBA,1,WBA
2022-07-31,WDAY,1,WDAY
2022-07-31,XEL,1,XEL
2022-07-31,ZM,1,ZM
2022-07-31,ZS,1,ZS
2022-08-31,AAPL,1,AAPL
2022-08-31,ABNB,1,ABNB
2022-08-31,ADBE,1,ADBE
2022-08-31,ADI,1,ADI
2022-08-31,ADP,1,ADP
2022-08-31,ADSK,1,ADSK
2022-08-31,AEP,1,AEP
2022-08-31,ALGN,1,ALGN
2022-08-31,AMAT,1,AMAT
2022-08-31,AMD,1,AMD
2022-08-31,AMGN,1,AMGN
2022-08-31,AMZN,1,AMZN
2022-08-31,ANSS,1,ANSS
2022-08-31,ASML,1,ASML
2022-08-31,ATVI,1,ATVI
2022-08-31,AVGO,1,AVGO
2022-08-31,AZN,1,AZN
2022-08-31,BIDU,1,BIDU
2022-08-31,BIIB,1,BIIB
2022-08-31,BKNG,1,BKNG
2022-08-31,CDNS,1,CDNS
2022-08-31,CEG,1,CEG
2022-08-31,CHTR,1,CHTR
2022-08-31,CMCSA,1,CMCSA
2022-08-31,COST,1,COST
2022-08-31,CPRT,1,CPRT
2022-08-31,CRWD,1,CRWD
2022-08-31,CSCO,1,CSCO
2022-08-31,CSX,1,CSX
2022-08-31,CTAS,1,CTAS
2022-08-31,CTSH,1,CTSH
2022-08-31,DDOG,1,DDOG
2022-08-31,DLTR,1,DLTR
2022-08-31,DOCU,1,DOCU
2022-08-31,DXCM,1,DXCM
2022-08-31,EA,1,EA
2022-08-31,EBAY,1,EBAY
2022-08-31,EXC,1,EXC
2022-08-31,FAST,1,FAST
2022-08-31,FISV,1,FISV
2022-08-31,FTNT,1,FTNT
2022-08-31,GILD,1,GILD
2022-08-31,GOOGL,1,GOOGL
2022-08-31,HON,1,HON
2022-08-31,IDXX,1,IDXX
2022-08-31,ILMN,1,ILMN
2022-08-31,INTC,1,INTC
2022-08-31,INTU,1,INTU
2022-08-31,ISRG,1,ISRG
2022-08-31,JD,1,JD
2022-08-31,KDP,1,KDP
2022-08-31,KHC,1,KHC
2022-08-31,KLAC,1,KLAC
2022-08-31,LCID,1,LCID
2022-08-31,LRCX,1,LRCX
2022-08-31,LULU,1,LULU
2022-08-31,MAR,1,MAR
2022-08-31,MCHP,1,MCHP
2022-08-31,MDLZ,1,MDLZ
2022-08-31,MELI,1,MELI
2022-08-31,META,1,META
2022-08-31,MNST,1,MNST
2022-08-31,MRNA,1,MRNA
2022-08-31,MRVL,1,MRVL
2022-08-31,MSFT,1,MSFT
2022-08-31,MTCH,1,MTCH
2022-08-31,MU,1,MU
2022-08-31,NFLX,1,NFLX
2022-08-31,NTES,1,NTES
2022-08-31,NVDA,1,NVDA
2022-08-31,NXPI,1,NXPI
2022-08-31,ODFL,1,ODFL
2022-08-31,OKTA,1,OKTA
2022-08-31,ORLY,1,ORLY
2022-08-31,PANW,1,PANW
2022-08-31,PAYX,1,PAYX
2022-08-31,PCAR,1,PCAR
2022-08-31,PDD,1,PDD
2022-08-31,PEP,1,PEP
2022-08-31,PYPL,1,PYPL
2022-08-31,QCOM,1,QCOM
2022-08-31,REGN,1,REGN
2022-08-31,ROST,1,ROST
2022-08-31,SBUX,1,SBUX
2022-08-31,SGEN,1,SGEN
2022-08-31,SIRI,1,SIRI
2022-08-31,SNPS,1,SNPS
2022-08-31,SPLK,1,SPLK
2022-08-31,SWKS,1,SWKS
2022-08-31,TEAM,1,TEAM
2022-08-31,TMUS,1,TMUS
2022-08-31,TSLA,1,TSLA
2022-08-31,TXN,1,TXN
2022-08-31,VRSK,1,VRSK
2022-08-31,VRSN,1,VRSN
2022-08-31,VRTX,1,VRTX
2022-08-31,WBA,1,WBA
2022-08-31,WDAY,1,WDAY
2022-08-31,XEL,1,XEL
2022-08-31,ZM,1,ZM
2022-08-31,ZS,1,ZS
2022-09-30,AAPL,1,AAPL
2022-09-30,ABNB,1,ABNB
2022-09-30,ADBE,1,ADBE
2022-09-30,ADI,1,ADI
2022-09-30,ADP,1,ADP
2022-09-30,ADSK,1,ADSK
2022-09-30,AEP,1,AEP
2022-09-30,ALGN,1,ALGN
2022-09-30,AMAT,1,AMAT
2022-09-30,AMD,1,AMD
2022-09-30,AMGN,1,AMGN
2022-09-30,AMZN,1,AMZN
2022-09-30,ANSS,1,ANSS
2022-09-30,ASML,1,ASML
2022-09-30,ATVI,1,ATVI
2022-09-30,AVGO,1,AVGO
2022-09-30,AZN,1,AZN
2022-09-30,BIDU,1,BIDU
2022-09-30,BIIB,1,BIIB
2022-09-30,BKNG,1,BKNG
2022-09-30,CDNS,1,CDNS
2022-09-30,CEG,1,CEG
2022-09-30,CHTR,1,CHTR
2022-09-30,CMCSA,1,CMCSA
2022-09-30,COST,1,COST
2022-09-30,CPRT,1,CPRT
2022-09-30,CRWD,1,CRWD
2022-09-30,CSCO,1,CSCO
2022-09-30,CSX,1,CSX
2022-09-30,CTAS,1,CTAS
2022-09-30,CTSH,1,CTSH
2022-09-30,DDOG,1,DDOG
2022-09-30,DLTR,1,DLTR
2022-09-30,DOCU,1,DOCU
2022-09-30,DXCM,1,DXCM
2022-09-30,EA,1,EA
2022-09-30,EBAY,1,EBAY
2022-09-30,EXC,1,EXC
2022-09-30,FAST,1,FAST
2022-09-30,FISV,1,FISV
2022-09-30,FTNT,1,FTNT
2022-09-30,GILD,1,GILD
2022-09-30,GOOGL,1,GOOGL
2022-09-30,HON,1,HON
2022-09-30,IDXX,1,IDXX
2022-09-30,ILMN,1,ILMN
2022-09-30,INTC,1,INTC
2022-09-30,INTU,1,INTU
2022-09-30,ISRG,1,ISRG
2022-09-30,JD,1,JD
2022-09-30,KDP,1,KDP
2022-09-30,KHC,1,KHC
2022-09-30,KLAC,1,KLAC
2022-09-30,LCID,1,LCID
2022-09-30,LRCX,1,LRCX
2022-09-30,LULU,1,LULU
2022-09-30,MAR,1,MAR
2022-09-30,MCHP,1,MCHP
2022-09-30,MDLZ,1,MDLZ
2022-09-30,MELI,1,MELI
2022-09-30,META,1,META
2022-09-30,MNST,1,MNST
2022-09-30,MRNA,1,MRNA
2022-09-30,MRVL,1,MRVL
2022-09-30,MSFT,1,MSFT
2022-09-30,MTCH,1,MTCH
2022-09-30,MU,1,MU
2022-09-30,NFLX,1,NFLX
2022-09-30,NTES,1,NTES
2022-09-30,NVDA,1,NVDA
2022-09-30,NXPI,1,NXPI
2022-09-30,ODFL,1,ODFL
2022-09-30,OKTA,1,OKTA
2022-09-30,ORLY,1,ORLY
2022-09-30,PANW,1,PANW
2022-09-30,PAYX,1,PAYX
2022-09-30,PCAR,1,PCAR
2022-09-30,PDD,1,PDD
2022-09-30,PEP,1,PEP
2022-09-30,PYPL,1,PYPL
2022-09-30,QCOM,1,QCOM
2022-09-30,REGN,1,REGN
2022-09-30,ROST,1,ROST
2022-09-30,SBUX,1,SBUX
2022-09-30,SGEN,1,SGEN
2022-09-30,SIRI,1,SIRI
2022-09-30,SNPS,1,SNPS
2022-09-30,SPLK,1,SPLK
2022-09-30,SWKS,1,SWKS
2022-09-30,TEAM,1,TEAM
2022-09-30,TMUS,1,TMUS
2022-09-30,TSLA,1,TSLA
2022-09-30,TXN,1,TXN
2022-09-30,VRSK,1,VRSK
2022-09-30,VRSN,1,VRSN
2022-09-30,VRTX,1,VRTX
2022-09-30,WBA,1,WBA
2022-09-30,WDAY,1,WDAY
2022-09-30,XEL,1,XEL
2022-09-30,ZM,1,ZM
2022-09-30,ZS,1,ZS
2022-10-31,AAPL,1,AAPL
2022-10-31,ABNB,1,ABNB
2022-10-31,ADBE,1,ADBE
2022-10-31,ADI,1,ADI
2022-10-31,ADP,1,ADP
2022-10-31,ADSK,1,ADSK
2022-10-31,AEP,1,AEP
2022-10-31,ALGN,1,ALGN
2022-10-31,AMAT,1,AMAT
2022-10-31,AMD,1,AMD
2022-10-31,AMGN,1,AMGN
2022-10-31,AMZN,1,AMZN
2022-10-31,ANSS,1,ANSS
2022-10-31,ASML,1,ASML
2022-10-31,ATVI,1,ATVI
2022-10-31,AVGO,1,AVGO
2022-10-31,AZN,1,AZN
2022-10-31,BIDU,1,BIDU
2022-10-31,BIIB,1,BIIB
2022-10-31,BKNG,1,BKNG
2022-10-31,CDNS,1,CDNS
2022-10-31,CEG,1,CEG
2022-10-31,CHTR,1,CHTR
2022-10-31,CMCSA,1,CMCSA
2022-10-31,COST,1,COST
2022-10-31,CPRT,1,CPRT
2022-10-31,CRWD,1,CRWD
2022-10-31,CSCO,1,CSCO
2022-10-31,CSX,1,CSX
2022-10-31,CTAS,1,CTAS
2022-10-31,CTSH,1,CTSH
2022-10-31,DDOG,1,DDOG
2022-10-31,DLTR,1,DLTR
2022-10-31,DOCU,1,DOCU
2022-10-31,DXCM,1,DXCM
2022-10-31,EA,1,EA
2022-10-31,EBAY,1,EBAY
2022-10-31,EXC,1,EXC
2022-10-31,FAST,1,FAST
2022-10-31,FISV,1,FISV
2022-10-31,FTNT,1,FTNT
2022-10-31,GILD,1,GILD
2022-10-31,GOOGL,1,GOOGL
2022-10-31,HON,1,HON
2022-10-31,IDXX,1,IDXX
2022-10-31,ILMN,1,ILMN
2022-10-31,INTC,1,INTC
2022-10-31,INTU,1,INTU
2022-10-31,ISRG,1,ISRG
2022-10-31,JD,1,JD
2022-10-31,KDP,1,KDP
2022-10-31,KHC,1,KHC
2022-10-31,KLAC,1,KLAC
2022-10-31,LCID,1,LCID
2022-10-31,LRCX,1,LRCX
2022-10-31,LULU,1,LULU
2022-10-31,MAR,1,MAR
2022-10-31,MCHP,1,MCHP
2022-10-31,MDLZ,1,MDLZ
2022-10-31,MELI,1,MELI
2022-10-31,META,1,META
2022-10-31,MNST,1,MNST
2022-10-31,MRNA,1,MRNA
2022-10-31,MRVL,1,MRVL
2022-10-31,MSFT,1,MSFT
2022-10-31,MTCH,1,MTCH
2022-10-31,MU,1,MU
2022-10-31,NFLX,1,NFLX
2022-10-31,NTES,1,NTES
2022-10-31,NVDA,1,NVDA
2022-10-31,NXPI,1,NXPI
2022-10-31,ODFL,1,ODFL
2022-10-31,OKTA,1,OKTA
2022-10-31,ORLY,1,ORLY
2022-10-31,PANW,1,PANW
2022-10-31,PAYX,1,PAYX
2022-10-31,PCAR,1,PCAR
2022-10-31,PDD,1,PDD
2022-10-31,PEP,1,PEP
2022-10-31,PYPL,1,PYPL
2022-10-31,QCOM,1,QCOM
2022-10-31,REGN,1,REGN
2022-10-31,ROST,1,ROST
2022-10-31,SBUX,1,SBUX
2022-10-31,SGEN,1,SGEN
2022-10-31,SIRI,1,SIRI
2022-10-31,SNPS,1,SNPS
2022-10-31,SPLK,1,SPLK
2022-10-31,SWKS,1,SWKS
2022-10-31,TEAM,1,TEAM
2022-10-31,TMUS,1,TMUS
2022-10-31,TSLA,1,TSLA
2022-10-31,TXN,1,TXN
2022-10-31,VRSK,1,VRSK
2022-10-31,VRSN,1,VRSN
2022-10-31,VRTX,1,VRTX
2022-10-31,WBA,1,WBA
2022-10-31,WDAY,1,WDAY
2022-10-31,XEL,1,XEL
2022-10-31,ZM,1,ZM
2022-10-31,ZS,1,ZS
2022-11-30,AAPL,1,AAPL
2022-11-30,ABNB,1,ABNB
2022-11-30,ADBE,1,ADBE
2022-11-30,ADI,1,ADI
2022-11-30,ADP,1,ADP
2022-11-30,ADSK,1,ADSK
2022-11-30,AEP,1,AEP
2022-11-30,ALGN,1,ALGN
2022-11-30,AMAT,1,AMAT
2022-11-30,AMD,1,AMD
2022-11-30,AMGN,1,AMGN
2022-11-30,AMZN,1,AMZN
2022-11-30,ANSS,1,ANSS
2022-11-30,ASML,1,ASML
2022-11-30,ATVI,1,ATVI
2022-11-30,AVGO,1,AVGO
2022-11-30,AZN,1,AZN
2022-11-30,BIDU,1,BIDU
2022-11-30,BIIB,1,BIIB
2022-11-30,BKNG,1,BKNG
2022-11-30,CDNS,1,CDNS
2022-11-30,CEG,1,CEG
2022-11-30,CHTR,1,CHTR
2022-11-30,CMCSA,1,CMCSA
2022-11-30,COST,1,COST
2022-11-30,CPRT,1,CPRT
2022-11-30,CRWD,1,CRWD
2022-11-30,CSCO,1,CSCO
2022-11-30,CSX,1,CSX
2022-11-30,CTAS,1,CTAS
2022-11-30,CTSH,1,CTSH
2022-11-30,DDOG,1,DDOG
2022-11-30,DLTR,1,DLTR
2022-11-30,DOCU,1,DOCU
2022-11-30,DXCM,1,DXCM
2022-11-30,EA,1,EA
2022-11-30,EBAY,1,EBAY
2022-11-30,ENPH,1,ENPH
2022-11-30,EXC,1,EXC
2022-11-30,FAST,1,FAST
2022-11-30,FISV,1,FISV
2022-11-30,FTNT,1,FTNT
2022-11-30,GILD,1,GILD
2022-11-30,GOOGL,1,GOOGL
2022-11-30,HON,1,HON
2022-11-30,IDXX,1,IDXX
2022-11-30,ILMN,1,ILMN
2022-11-30,INTC,1,INTC
2022-11-30,INTU,1,INTU
2022-11-30,ISRG,1,ISRG
2022-11-30,JD,1,JD
2022-11-30,KDP,1,KDP
2022-11-30,KHC,1,KHC
2022-11-30,KLAC,1,KLAC
2022-11-30,LCID,1,LCID
2022-11-30,LRCX,1,LRCX
2022-11-30,LULU,1,LULU
2022-11-30,MAR,1,MAR
2022-11-30,MCHP,1,MCHP
2022-11-30,MDLZ,1,MDLZ
2022-11-30,MELI,1,MELI
2022-11-30,META,1,META
2022-11-30,MNST,1,MNST
2022-11-30,MRNA,1,MRNA
2022-11-30,MRVL,1,MRVL
2022-11-30,MSFT,1,MSFT
2022-11-30,MTCH,1,MTCH
2022-11-30,MU,1,MU
2022-11-30,NFLX,1,NFLX
2022-11-30,NTES,1,NTES
2022-11-30,NVDA,1,NVDA
2022-11-30,NXPI,1,NXPI
2022-11-30,ODFL,1,ODFL
2022-11-30,ORLY,1,ORLY
2022-11-30,PANW,1,PANW
2022-11-30,PAYX,1,PAYX
2022-11-30,PCAR,1,PCAR
2022-11-30,PDD,1,PDD
2022-11-30,PEP,1,PEP
2022-11-30,PYPL,1,PYPL
2022-11-30,QCOM,1,QCOM
2022-11-30,REGN,1,REGN
2022-11-30,ROST,1,ROST
2022-11-30,SBUX,1,SBUX
2022-11-30,SGEN,1,SGEN
2022-11-30,SIRI,1,SIRI
2022-11-30,SNPS,1,SNPS
2022-11-30,SPLK,1,SPLK
2022-11-30,SWKS,1,SWKS
2022-11-30,TEAM,1,TEAM
2022-11-30,TMUS,1,TMUS
2022-11-30,TSLA,1,TSLA
2022-11-30,TXN,1,TXN
2022-11-30,VRSK,1,VRSK
2022-11-30,VRSN,1,VRSN
2022-11-30,VRTX,1,VRTX
2022-11-30,WBA,1,WBA
2022-11-30,WDAY,1,WDAY
2022-11-30,XEL,1,XEL
2022-11-30,ZM,1,ZM
2022-11-30,ZS,1,ZS
2022-12-31,AAPL,1,AAPL
2022-12-31,ABNB,1,ABNB
2022-12-31,ADBE,1,ADBE
2022-12-31,ADI,1,ADI
2022-12-31,ADP,1,ADP
2022-12-31,ADSK,1,ADSK
2022-12-31,AEP,1,AEP
2022-12-31,ALGN,1,ALGN
2022-12-31,AMAT,1,AMAT
2022-12-31,AMD,1,AMD
2022-12-31,AMGN,1,AMGN
2022-12-31,AMZN,1,AMZN
2022-12-31,ANSS,1,ANSS
2022-12-31,ASML,1,ASML
2022-12-31,ATVI,1,ATVI
2022-12-31,AVGO,1,AVGO
2022-12-31,AZN,1,AZN
2022-12-31,BIIB,1,BIIB
2022-12-31,BKNG,1,BKNG
2022-12-31,BKR,1,BKR
2022-12-31,CDNS,1,CDNS
2022-12-31,CEG,1,CEG
2022-12-31,CHTR,1,CHTR
2022-12-31,CMCSA,1,CMCSA
2022-12-31,COST,1,COST
2022-12-31,CPRT,1,CPRT
2022-12-31,CRWD,1,CRWD
2022-12-31,CSCO,1,CSCO
2022-12-31,CSGP,1,CSGP
2022-12-31,CSX,1,CSX
2022-12-31,CTAS,1,CTAS
2022-12-31,CTSH,1,CTSH
2022-12-31,DDOG,1,DDOG
2022-12-31,DLTR,1,DLTR
2022-12-31,DXCM,1,DXCM
2022-12-31,EA,1,EA
2022-12-31,EBAY,1,EBAY
2022-12-31,ENPH,1,ENPH
2022-12-31,EXC,1,EXC
2022-12-31,FANG,1,FANG
2022-12-31,FAST,1,FAST
2022-12-31,FISV,1,FISV
2022-12-31,FTNT,1,FTNT
2022-12-31,GFS,1,GFS
2022-12-31,GILD,1,GILD
2022-12-31,GOOGL,1,GOOGL
2022-12-31,HON,1,HON
2022-12-31,IDXX,1,IDXX
2022-12-31,ILMN,1,ILMN
2022-12-31,INTC,1,INTC
2022-12-31,INTU,1,INTU
2022-12-31,ISRG,1,ISRG
2022-12-31,JD,1,JD
2022-12-31,KDP,1,KDP
2022-12-31,KHC,1,KHC
2022-12-31,KLAC,1,KLAC
2022-12-31,LCID,1,LCID
2022-12-31,LRCX,1,LRCX
2022-12-31,LULU,1,LULU
2022-12-31,MAR,1,MAR
2022-12-31,MCHP,1,MCHP
2022-12-31,MDLZ,1,MDLZ
2022-12-31,MELI,1,MELI
2022-12-31,META,1,META
2022-12-31,MNST,1,MNST
2022-12-31,MRNA,1,MRNA
2022-12-31,MRVL,1,MRVL
2022-12-31,MSFT,1,MSFT
2022-12-31,MU,1,MU
2022-12-31,NFLX,1,NFLX
2022-12-31,NVDA,1,NVDA
2022-12-31,NXPI,1,NXPI
2022-12-31,ODFL,1,ODFL
2022-12-31,ORLY,1,ORLY
2022-12-31,PANW,1,PANW
2022-12-31,PAYX,1,PAYX
2022-12-31,PCAR,1,PCAR
2022-12-31,PDD,1,PDD
2022-12-31,PEP,1,PEP
2022-12-31,PYPL,1,PYPL
2022-12-31,QCOM,1,QCOM
2022-12-31,REGN,1,REGN
2022-12-31,RIVN,1,RIVN
2022-12-31,ROST,1,ROST
2022-12-31,SBUX,1,SBUX
2022-12-31,SGEN,1,SGEN
2022-12-31,SIRI,1,SIRI
2022-12-31,SNPS,1,SNPS
2022-12-31,TEAM,1,TEAM
2022-12-31,TMUS,1,TMUS
2022-12-31,TSLA,1,TSLA
2022-12-31,TXN,1,TXN
2022-12-31,VRSK,1,VRSK
2022-12-31,VRTX,1,VRTX
2022-12-31,WBA,1,WBA
2022-12-31,WBD,1,WBD
2022-12-31,WDAY,1,WDAY
2022-12-31,XEL,1,XEL
2022-12-31,ZM,1,ZM
2022-12-31,ZS,1,ZS
2023-01-31,AAPL,1,AAPL
2023-01-31,ABNB,1,ABNB
2023-01-31,ADBE,1,ADBE
2023-01-31,ADI,1,ADI
2023-01-31,ADP,1,ADP
2023-01-31,ADSK,1,ADSK
2023-01-31,AEP,1,AEP
2023-01-31,ALGN,1,ALGN
2023-01-31,AMAT,1,AMAT
2023-01-31,AMD,1,AMD
2023-01-31,AMGN,1,AMGN
2023-01-31,AMZN,1,AMZN
2023-01-31,ANSS,1,ANSS
2023-01-31,ASML,1,ASML
2023-01-31,ATVI,1,ATVI
2023-01-31,AVGO,1,AVGO
2023-01-31,AZN,1,AZN
2023-01-31,BIIB,1,BIIB
2023-01-31,BKNG,1,BKNG
2023-01-31,BKR,1,BKR
2023-01-31,CDNS,1,CDNS
2023-01-31,CEG,1,CEG
2023-01-31,CHTR,1,CHTR
2023-01-31,CMCSA,1,CMCSA
2023-01-31,COST,1,COST
2023-01-31,CPRT,1,CPRT
2023-01-31,CRWD,1,CRWD
2023-01-31,CSCO,1,CSCO
2023-01-31,CSGP,1,CSGP
2023-01-31,CSX,1,CSX
2023-01-31,CTAS,1,CTAS
2023-01-31,CTSH,1,CTSH
2023-01-31,DDOG,1,DDOG
2023-01-31,DLTR,1,DLTR
2023-01-31,DXCM,1,DXCM
2023-01-31,EA,1,EA
2023-01-31,EBAY,1,EBAY
2023-01-31,ENPH,1,ENPH
2023-01-31,EXC,1,EXC
2023-01-31,FANG,1,FANG
2023-01-31,FAST,1,FAST
2023-01-31,FISV,1,FISV
2023-01-31,FTNT,1,FTNT
2023-01-31,GFS,1,GFS
2023-01-31,GILD,1,GILD
2023-01-31,GOOGL,1,GOOGL
2023-01-31,HON,1,HON
2023-01-31,IDXX,1,IDXX
2023-01-31,ILMN,1,ILMN
2023-01-31,INTC,1,INTC
2023-01-31,INTU,1,INTU
2023-01-31,ISRG,1,ISRG
2023-01-31,JD,1,JD
2023-01-31,KDP,1,KDP
2023-01-31,KHC,1,KHC
2023-01-31,KLAC,1,KLAC
2023-01-31,LCID,1,LCID
2023-01-31,LRCX,1,LRCX
2023-01-31,LULU,1,LULU
2023-01-31,MAR,1,MAR
2023-01-31,MCHP,1,MCHP
2023-01-31,MDLZ,1,MDLZ
2023-01-31,MELI,1,MELI
2023-01-31,META,1,META
2023-01-31,MNST,1,MNST
2023-01-31,MRNA,1,MRNA
2023-01-31,MRVL,1,MRVL
2023-01-31,MSFT,1,MSFT
2023-01-31,MU,1,MU
2023-01-31,NFLX,1,NFLX
2023-01-31,NVDA,1,NVDA
2023-01-31,NXPI,1,NXPI
2023-01-31,ODFL,1,ODFL
2023-01-31,ORLY,1,ORLY
2023-01-31,PANW,1,PANW
2023-01-31,PAYX,1,PAYX
2023-01-31,PCAR,1,PCAR
2023-01-31,PDD,1,PDD
2023-01-31,PEP,1,PEP
2023-01-31,PYPL,1,PYPL
2023-01-31,QCOM,1,QCOM
2023-01-31,REGN,1,REGN
2023-01-31,RIVN,1,RIVN
2023-01-31,ROST,1,ROST
2023-01-31,SBUX,1,SBUX
2023-01-31,SGEN,1,SGEN
2023-01-31,SIRI,1,SIRI
2023-01-31,SNPS,1,SNPS
2023-01-31,TEAM,1,TEAM
2023-01-31,TMUS,1,TMUS
2023-01-31,TSLA,1,TSLA
2023-01-31,TXN,1,TXN
2023-01-31,VRSK,1,VRSK
2023-01-31,VRTX,1,VRTX
2023-01-31,WBA,1,WBA
2023-01-31,WBD,1,WBD
2023-01-31,WDAY,1,WDAY
2023-01-31,XEL,1,XEL
2023-01-31,ZM,1,ZM
2023-01-31,ZS,1,ZS
2023-02-28,AAPL,1,AAPL
2023-02-28,ABNB,1,ABNB
2023-02-28,ADBE,1,ADBE
2023-02-28,ADI,1,ADI
2023-02-28,ADP,1,ADP
2023-02-28,ADSK,1,ADSK
2023-02-28,AEP,1,AEP
2023-02-28,ALGN,1,ALGN
2023-02-28,AMAT,1,AMAT
2023-02-28,AMD,1,AMD
2023-02-28,AMGN,1,AMGN
2023-02-28,AMZN,1,AMZN
2023-02-28,ANSS,1,ANSS
2023-02-28,ASML,1,ASML
2023-02-28,ATVI,1,ATVI
2023-02-28,AVGO,1,AVGO
2023-02-28,AZN,1,AZN
2023-02-28,BIIB,1,BIIB
2023-02-28,BKNG,1,BKNG
2023-02-28,BKR,1,BKR
2023-02-28,CDNS,1,CDNS
2023-02-28,CEG,1,CEG
2023-02-28,CHTR,1,CHTR
2023-02-28,CMCSA,1,CMCSA
2023-02-28,COST,1,COST
2023-02-28,CPRT,1,CPRT
2023-02-28,CRWD,1,CRWD
2023-02-28,CSCO,1,CSCO
2023-02-28,CSGP,1,CSGP
2023-02-28,CSX,1,CSX
2023-02-28,CTAS,1,CTAS
2023-02-28,CTSH,1,CTSH
2023-02-28,DDOG,1,DDOG
2023-02-28,DLTR,1,DLTR
2023-02-28,DXCM,1,DXCM
2023-02-28,EA,1,EA
2023-02-28,EBAY,1,EBAY
2023-02-28,ENPH,1,ENPH
2023-02-28,EXC,1,EXC
2023-02-28,FANG,1,FANG
2023-02-28,FAST,1,FAST
2023-02-28,FISV,1,FISV
2023-02-28,FTNT,1,FTNT
2023-02-28,GFS,1,GFS
2023-02-28,GILD,1,GILD
2023-02-28,GOOGL,1,GOOGL
2023-02-28,HON,1,HON
2023-02-28,IDXX,1,IDXX
2023-02-28,ILMN,1,ILMN
2023-02-28,INTC,1,INTC
2023-02-28,INTU,1,INTU
2023-02-28,ISRG,1,ISRG
2023-02-28,JD,1,JD
2023-02-28,KDP,1,KDP
2023-02-28,KHC,1,KHC
2023-02-28,KLAC,1,KLAC
2023-02-28,LCID,1,LCID
2023-02-28,LRCX,1,LRCX
2023-02-28,LULU,1,LULU
2023-02-28,MAR,1,MAR
2023-02-28,MCHP,1,MCHP
2023-02-28,MDLZ,1,MDLZ
2023-02-28,MELI,1,MELI
2023-02-28,META,1,META
2023-02-28,MNST,1,MNST
2023-02-28,MRNA,1,MRNA
2023-02-28,MRVL,1,MRVL
2023-02-28,MSFT,1,MSFT
2023-02-28,MU,1,MU
2023-02-28,NFLX,1,NFLX
2023-02-28,NVDA,1,NVDA
2023-02-28,NXPI,1,NXPI
2023-02-28,ODFL,1,ODFL
2023-02-28,ORLY,1,ORLY
2023-02-28,PANW,1,PANW
2023-02-28,PAYX,1,PAYX
2023-02-28,PCAR,1,PCAR
2023-02-28,PDD,1,PDD
2023-02-28,PEP,1,PEP
2023-02-28,PYPL,1,PYPL
2023-02-28,QCOM,1,QCOM
2023-02-28,REGN,1,REGN
2023-02-28,RIVN,1,RIVN
2023-02-28,ROST,1,ROST
2023-02-28,SBUX,1,SBUX
2023-02-28,SGEN,1,SGEN
2023-02-28,SIRI,1,SIRI
2023-02-28,SNPS,1,SNPS
2023-02-28,TEAM,1,TEAM
2023-02-28,TMUS,1,TMUS
2023-02-28,TSLA,1,TSLA
2023-02-28,TXN,1,TXN
2023-02-28,VRSK,1,VRSK
2023-02-28,VRTX,1,VRTX
2023-02-28,WBA,1,WBA
2023-02-28,WBD,1,WBD
2023-02-28,WDAY,1,WDAY
2023-02-28,XEL,1,XEL
2023-02-28,ZM,1,ZM
2023-02-28,ZS,1,ZS
2023-03-31,AAPL,1,AAPL
2023-03-31,ABNB,1,ABNB
2023-03-31,ADBE,1,ADBE
2023-03-31,ADI,1,ADI
2023-03-31,ADP,1,ADP
2023-03-31,ADSK,1,ADSK
2023-03-31,AEP,1,AEP
2023-03-31,ALGN,1,ALGN
2023-03-31,AMAT,1,AMAT
2023-03-31,AMD,1,AMD
2023-03-31,AMGN,1,AMGN
2023-03-31,AMZN,1,AMZN
2023-03-31,ANSS,1,ANSS
2023-03-31,ASML,1,ASML
2023-03-31,ATVI,1,ATVI
2023-03-31,AVGO,1,AVGO
2023-03-31,AZN,1,AZN
2023-03-31,BIIB,1,BIIB
2023-03-31,BKNG,1,BKNG
2023-03-31,BKR,1,BKR
2023-03-31,CDNS,1,CDNS
2023-03-31,CEG,1,CEG
2023-03-31,CHTR,1,CHTR
2023-03-31,CMCSA,1,CMCSA
2023-03-31,COST,1,COST
2023-03-31,CPRT,1,CPRT
2023-03-31,CRWD,1,CRWD
2023-03-31,CSCO,1,CSCO
2023-03-31,CSGP,1,CSGP
2023-03-31,CSX,1,CSX
2023-03-31,CTAS,1,CTAS
2023-03-31,CTSH,1,CTSH
2023-03-31,DDOG,1,DDOG
2023-03-31,DLTR,1,DLTR
2023-03-31,DXCM,1,DXCM
2023-03-31,EA,1,EA
2023-03-31,EBAY,1,EBAY
2023-03-31,ENPH,1,ENPH
2023-03-31,EXC,1,EXC
2023-03-31,FANG,1,FANG
2023-03-31,FAST,1,FAST
2023-03-31,FISV,1,FISV
2023-03-31,FTNT,1,FTNT
2023-03-31,GFS,1,GFS
2023-03-31,GILD,1,GILD
2023-03-31,GOOGL,1,GOOGL
2023-03-31,HON,1,HON
2023-03-31,IDXX,1,IDXX
2023-03-31,ILMN,1,ILMN
2023-03-31,INTC,1,INTC
2023-03-31,INTU,1,INTU
2023-03-31,ISRG,1,ISRG
2023-03-31,JD,1,JD
2023-03-31,KDP,1,KDP
2023-03-31,KHC,1,KHC
2023-03-31,KLAC,1,KLAC
2023-03-31,LCID,1,LCID
2023-03-31,LRCX,1,LRCX
2023-03-31,LULU,1,LULU
2023-03-31,MAR,1,MAR
2023-03-31,MCHP,1,MCHP
2023-03-31,MDLZ,1,MDLZ
2023-03-31,MELI,1,MELI
2023-03-31,META,1,META
2023-03-31,MNST,1,MNST
2023-03-31,MRNA,1,MRNA
2023-03-31,MRVL,1,MRVL
2023-03-31,MSFT,1,MSFT
2023-03-31,MU,1,MU
2023-03-31,NFLX,1,NFLX
2023-03-31,NVDA,1,NVDA
2023-03-31,NXPI,1,NXPI
2023-03-31,ODFL,1,ODFL
2023-03-31,ORLY,1,ORLY
2023-03-31,PANW,1,PANW
2023-03-31,PAYX,1,PAYX
2023-03-31,PCAR,1,PCAR
2023-03-31,PDD,1,PDD
2023-03-31,PEP,1,PEP
2023-03-31,PYPL,1,PYPL
2023-03-31,QCOM,1,QCOM
2023-03-31,REGN,1,REGN
2023-03-31,RIVN,1,RIVN
2023-03-31,ROST,1,ROST
2023-03-31,SBUX,1,SBUX
2023-03-31,SGEN,1,SGEN
2023-03-31,SIRI,1,SIRI
2023-03-31,SNPS,1,SNPS
2023-03-31,TEAM,1,TEAM
2023-03-31,TMUS,1,TMUS
2023-03-31,TSLA,1,TSLA
2023-03-31,TXN,1,TXN
2023-03-31,VRSK,1,VRSK
2023-03-31,VRTX,1,VRTX
2023-03-31,WBA,1,WBA
2023-03-31,WBD,1,WBD
2023-03-31,WDAY,1,WDAY
2023-03-31,XEL,1,XEL
2023-03-31,ZM,1,ZM
2023-03-31,ZS,1,ZS
2023-04-30,AAPL,1,AAPL
2023-04-30,ABNB,1,ABNB
2023-04-30,ADBE,1,ADBE
2023-04-30,ADI,1,ADI
2023-04-30,ADP,1,ADP
2023-04-30,ADSK,1,ADSK
2023-04-30,AEP,1,AEP
2023-04-30,ALGN,1,ALGN
2023-04-30,AMAT,1,AMAT
2023-04-30,AMD,1,AMD
2023-04-30,AMGN,1,AMGN
2023-04-30,AMZN,1,AMZN
2023-04-30,ANSS,1,ANSS
2023-04-30,ASML,1,ASML
2023-04-30,ATVI,1,ATVI
2023-04-30,AVGO,1,AVGO
2023-04-30,AZN,1,AZN
2023-04-30,BIIB,1,BIIB
2023-04-30,BKNG,1,BKNG
2023-04-30,BKR,1,BKR
2023-04-30,CDNS,1,CDNS
2023-04-30,CEG,1,CEG
2023-04-30,CHTR,1,CHTR
2023-04-30,CMCSA,1,CMCSA
2023-04-30,COST,1,COST
2023-04-30,CPRT,1,CPRT
2023-04-30,CRWD,1,CRWD
2023-04-30,CSCO,1,CSCO
2023-04-30,CSGP,1,CSGP
2023-04-30,CSX,1,CSX
2023-04-30,CTAS,1,CTAS
2023-04-30,CTSH,1,CTSH
2023-04-30,DDOG,1,DDOG
2023-04-30,DLTR,1,DLTR
2023-04-30,DXCM,1,DXCM
2023-04-30,EA,1,EA
2023-04-30,EBAY,1,EBAY
2023-04-30,ENPH,1,ENPH
2023-04-30,EXC,1,EXC
2023-04-30,FANG,1,FANG
2023-04-30,FAST,1,FAST
2023-04-30,FISV,1,FISV
2023-04-30,FTNT,1,FTNT
2023-04-30,GFS,1,GFS
2023-04-30,GILD,1,GILD
2023-04-30,GOOGL,1,GOOGL
2023-04-30,HON,1,HON
2023-04-30,IDXX,1,IDXX
2023-04-30,ILMN,1,ILMN
2023-04-30,INTC,1,INTC
2023-04-30,INTU,1,INTU
2023-04-30,ISRG,1,ISRG
2023-04-30,JD,1,JD
2023-04-30,KDP,1,KDP
2023-04-30,KHC,1,KHC
2023-04-30,KLAC,1,KLAC
2023-04-30,LCID,1,LCID
2023-04-30,LRCX,1,LRCX
2023-04-30,LULU,1,LULU
2023-04-30,MAR,1,MAR
2023-04-30,MCHP,1,MCHP
2023-04-30,MDLZ,1,MDLZ
2023-04-30,MELI,1,MELI
2023-04-30,META,1,META
2023-04-30,MNST,1,MNST
2023-04-30,MRNA,1,MRNA
2023-04-30,MRVL,1,MRVL
2023-04-30,MSFT,1,MSFT
2023-04-30,MU,1,MU
2023-04-30,NFLX,1,NFLX
2023-04-30,NVDA,1,NVDA
2023-04-30,NXPI,1,NXPI
2023-04-30,ODFL,1,ODFL
2023-04-30,ORLY,1,ORLY
2023-04-30,PANW,1,PANW
2023-04-30,PAYX,1,PAYX
2023-04-30,PCAR,1,PCAR
2023-04-30,PDD,1,PDD
2023-04-30,PEP,1,PEP
2023-04-30,PYPL,1,PYPL
2023-04-30,QCOM,1,QCOM
2023-04-30,REGN,1,REGN
2023-04-30,RIVN,1,RIVN
2023-04-30,ROST,1,ROST
2023-04-30,SBUX,1,SBUX
2023-04-30,SGEN,1,SGEN
2023-04-30,SIRI,1,SIRI
2023-04-30,SNPS,1,SNPS
2023-04-30,TEAM,1,TEAM
2023-04-30,TMUS,1,TMUS
2023-04-30,TSLA,1,TSLA
2023-04-30,TXN,1,TXN
2023-04-30,VRSK,1,VRSK
2023-04-30,VRTX,1,VRTX
2023-04-30,WBA,1,WBA
2023-04-30,WBD,1,WBD
2023-04-30,WDAY,1,WDAY
2023-04-30,XEL,1,XEL
2023-04-30,ZM,1,ZM
2023-04-30,ZS,1,ZS
2023-05-31,AAPL,1,AAPL
2023-05-31,ABNB,1,ABNB
2023-05-31,ADBE,1,ADBE
2023-05-31,ADI,1,ADI
2023-05-31,ADP,1,ADP
2023-05-31,ADSK,1,ADSK
2023-05-31,AEP,1,AEP
2023-05-31,ALGN,1,ALGN
2023-05-31,AMAT,1,AMAT
2023-05-31,AMD,1,AMD
2023-05-31,AMGN,1,AMGN
2023-05-31,AMZN,1,AMZN
2023-05-31,ANSS,1,ANSS
2023-05-31,ASML,1,ASML
2023-05-31,ATVI,1,ATVI
2023-05-31,AVGO,1,AVGO
2023-05-31,AZN,1,AZN
2023-05-31,BIIB,1,BIIB
2023-05-31,BKNG,1,BKNG
2023-05-31,BKR,1,BKR
2023-05-31,CDNS,1,CDNS
2023-05-31,CEG,1,CEG
2023-05-31,CHTR,1,CHTR
2023-05-31,CMCSA,1,CMCSA
2023-05-31,COST,1,COST
2023-05-31,CPRT,1,CPRT
2023-05-31,CRWD,1,CRWD
2023-05-31,CSCO,1,CSCO
2023-05-31,CSGP,1,CSGP
2023-05-31,CSX,1,CSX
2023-05-31,CTAS,1,CTAS
2023-05-31,CTSH,1,CTSH
2023-05-31,DDOG,1,DDOG
2023-05-31,DLTR,1,DLTR
2023-05-31,DXCM,1,DXCM
2023-05-31,EA,1,EA
2023-05-31,EBAY,1,EBAY
2023-05-31,ENPH,1,ENPH
2023-05-31,EXC,1,EXC
2023-05-31,FANG,1,FANG
2023-05-31,FAST,1,FAST
2023-05-31,FISV,1,FISV
2023-05-31,FTNT,1,FTNT
2023-05-31,GFS,1,GFS
2023-05-31,GILD,1,GILD
2023-05-31,GOOGL,1,GOOGL
2023-05-31,HON,1,HON
2023-05-31,IDXX,1,IDXX
2023-05-31,ILMN,1,ILMN
2023-05-31,INTC,1,INTC
2023-05-31,INTU,1,INTU
2023-05-31,ISRG,1,ISRG
2023-05-31,JD,1,JD
2023-05-31,KDP,1,KDP
2023-05-31,KHC,1,KHC
2023-05-31,KLAC,1,KLAC
2023-05-31,LCID,1,LCID
2023-05-31,LRCX,1,LRCX
2023-05-31,LULU,1,LULU
2023-05-31,MAR,1,MAR
2023-05-31,MCHP,1,MCHP
2023-05-31,MDLZ,1,MDLZ
2023-05-31,MELI,1,MELI
2023-05-31,META,1,META
2023-05-31,MNST,1,MNST
2023-05-31,MRNA,1,MRNA
2023-05-31,MRVL,1,MRVL
2023-05-31,MSFT,1,MSFT
2023-05-31,MU,1,MU
2023-05-31,NFLX,1,NFLX
2023-05-31,NVDA,1,NVDA
2023-05-31,NXPI,1,NXPI
2023-05-31,ODFL,1,ODFL
2023-05-31,ORLY,1,ORLY
2023-05-31,PANW,1,PANW
2023-05-31,PAYX,1,PAYX
2023-05-31,PCAR,1,PCAR
2023-05-31,PDD,1,PDD
2023-05-31,PEP,1,PEP
2023-05-31,PYPL,1,PYPL
2023-05-31,QCOM,1,QCOM
2023-05-31,REGN,1,REGN
2023-05-31,RIVN,1,RIVN
2023-05-31,ROST,1,ROST
2023-05-31,SBUX,1,SBUX
2023-05-31,SGEN,1,SGEN
2023-05-31,SIRI,1,SIRI
2023-05-31,SNPS,1,SNPS
2023-05-31,TEAM,1,TEAM
2023-05-31,TMUS,1,TMUS
2023-05-31,TSLA,1,TSLA
2023-05-31,TXN,1,TXN
2023-05-31,VRSK,1,VRSK
2023-05-31,VRTX,1,VRTX
2023-05-31,WBA,1,WBA
2023-05-31,WBD,1,WBD
2023-05-31,WDAY,1,WDAY
2023-05-31,XEL,1,XEL
2023-05-31,ZM,1,ZM
2023-05-31,ZS,1,ZS
2023-06-30,AAPL,1,AAPL
2023-06-30,ABNB,1,ABNB
2023-06-30,ADBE,1,ADBE
2023-06-30,ADI,1,ADI
2023-06-30,ADP,1,ADP
2023-06-30,ADSK,1,ADSK
2023-06-30,AEP,1,AEP
2023-06-30,ALGN,1,ALGN
2023-06-30,AMAT,1,AMAT
2023-06-30,AMD,1,AMD
2023-06-30,AMGN,1,AMGN
2023-06-30,AMZN,1,AMZN
2023-06-30,ANSS,1,ANSS
2023-06-30,ASML,1,ASML
2023-06-30,ATVI,1,ATVI
2023-06-30,AVGO,1,AVGO
2023-06-30,AZN,1,AZN
2023-06-30,BIIB,1,BIIB
2023-06-30,BKNG,1,BKNG
2023-06-30,BKR,1,BKR
2023-06-30,CDNS,1,CDNS
2023-06-30,CEG,1,CEG
2023-06-30,CHTR,1,CHTR
2023-06-30,CMCSA,1,CMCSA
2023-06-30,COST,1,COST
2023-06-30,CPRT,1,CPRT
2023-06-30,CRWD,1,CRWD
2023-06-30,CSCO,1,CSCO
2023-06-30,CSGP,1,CSGP
2023-06-30,CSX,1,CSX
2023-06-30,CTAS,1,CTAS
2023-06-30,CTSH,1,CTSH
2023-06-30,DDOG,1,DDOG
2023-06-30,DLTR,1,DLTR
2023-06-30,DXCM,1,DXCM
2023-06-30,EA,1,EA
2023-06-30,EBAY,1,EBAY
2023-06-30,ENPH,1,ENPH
2023-06-30,EXC,1,EXC
2023-06-30,FANG,1,FANG
2023-06-30,FAST,1,FAST
2023-06-30,FTNT,1,FTNT
2023-06-30,GEHC,1,GEHC
2023-06-30,GFS,1,GFS
2023-06-30,GILD,1,GILD
2023-06-30,GOOGL,1,GOOGL
2023-06-30,HON,1,HON
2023-06-30,IDXX,1,IDXX
2023-06-30,ILMN,1,ILMN
2023-06-30,INTC,1,INTC
2023-06-30,INTU,1,INTU
2023-06-30,ISRG,1,ISRG
2023-06-30,JD,1,JD
2023-06-30,KDP,1,KDP
2023-06-30,KHC,1,KHC
2023-06-30,KLAC,1,KLAC
2023-06-30,LCID,1,LCID
2023-06-30,LRCX,1,LRCX
2023-06-30,LULU,1,LULU
2023-06-30,MAR,1,MAR
2023-06-30,MCHP,1,MCHP
2023-06-30,MDLZ,1,MDLZ
2023-06-30,MELI,1,MELI
2023-06-30,META,1,META
2023-06-30,MNST,1,MNST
2023-06-30,MRNA,1,MRNA
2023-06-30,MRVL,1,MRVL
2023-06-30,MSFT,1,MSFT
2023-06-30,MU,1,MU
2023-06-30,NFLX,1,NFLX
2023-06-30,NVDA,1,NVDA
2023-06-30,NXPI,1,NXPI
2023-06-30,ODFL,1,ODFL
2023-06-30,ON,1,ON
2023-06-30,ORLY,1,ORLY
2023-06-30,PANW,1,PANW
2023-06-30,PAYX,1,PAYX
2023-06-30,PCAR,1,PCAR
2023-06-30,PDD,1,PDD
2023-06-30,PEP,1,PEP
2023-06-30,PYPL,1,PYPL
2023-06-30,QCOM,1,QCOM
2023-06-30,REGN,1,REGN
2023-06-30,ROST,1,ROST
2023-06-30,SBUX,1,SBUX
2023-06-30,SGEN,1,SGEN
2023-06-30,SIRI,1,SIRI
2023-06-30,SNPS,1,SNPS
2023-06-30,TEAM,1,TEAM
2023-06-30,TMUS,1,TMUS
2023-06-30,TSLA,1,TSLA
2023-06-30,TXN,1,TXN
2023-06-30,VRSK,1,VRSK
2023-06-30,VRTX,1,VRTX
2023-06-30,WBA,1,WBA
2023-06-30,WBD,1,WBD
2023-06-30,WDAY,1,WDAY
2023-06-30,XEL,1,XEL
2023-06-30,ZM,1,ZM
2023-06-30,ZS,1,ZS
2023-07-31,AAPL,1,AAPL
2023-07-31,ABNB,1,ABNB
2023-07-31,ADBE,1,ADBE
2023-07-31,ADI,1,ADI
2023-07-31,ADP,1,ADP
2023-07-31,ADSK,1,ADSK
2023-07-31,AEP,1,AEP
2023-07-31,ALGN,1,ALGN
2023-07-31,AMAT,1,AMAT
2023-07-31,AMD,1,AMD
2023-07-31,AMGN,1,AMGN
2023-07-31,AMZN,1,AMZN
2023-07-31,ANSS,1,ANSS
2023-07-31,ASML,1,ASML
2023-07-31,AVGO,1,AVGO
2023-07-31,AZN,1,AZN
2023-07-31,BIIB,1,BIIB
2023-07-31,BKNG,1,BKNG
2023-07-31,BKR,1,BKR
2023-07-31,CDNS,1,CDNS
2023-07-31,CEG,1,CEG
2023-07-31,CHTR,1,CHTR
2023-07-31,CMCSA,1,CMCSA
2023-07-31,COST,1,COST
2023-07-31,CPRT,1,CPRT
2023-07-31,CRWD,1,CRWD
2023-07-31,CSCO,1,CSCO
2023-07-31,CSGP,1,CSGP
2023-07-31,CSX,1,CSX
2023-07-31,CTAS,1,CTAS
2023-07-31,CTSH,1,CTSH
2023-07-31,DDOG,1,DDOG
2023-07-31,DLTR,1,DLTR
2023-07-31,DXCM,1,DXCM
2023-07-31,EA,1,EA
2023-07-31,EBAY,1,EBAY
2023-07-31,ENPH,1,ENPH
2023-07-31,EXC,1,EXC
2023-07-31,FANG,1,FANG
2023-07-31,FAST,1,FAST
2023-07-31,FTNT,1,FTNT
2023-07-31,GEHC,1,GEHC
2023-07-31,GFS,1,GFS
2023-07-31,GILD,1,GILD
2023-07-31,GOOGL,1,GOOGL
2023-07-31,HON,1,HON
2023-07-31,IDXX,1,IDXX
2023-07-31,ILMN,1,ILMN
2023-07-31,INTC,1,INTC
2023-07-31,INTU,1,INTU
2023-07-31,ISRG,1,ISRG
2023-07-31,JD,1,JD
2023-07-31,KDP,1,KDP
2023-07-31,KHC,1,KHC
2023-07-31,KLAC,1,KLAC
2023-07-31,LCID,1,LCID
2023-07-31,LRCX,1,LRCX
2023-07-31,LULU,1,LULU
2023-07-31,MAR,1,MAR
2023-07-31,MCHP,1,MCHP
2023-07-31,MDLZ,1,MDLZ
2023-07-31,MELI,1,MELI
2023-07-31,META,1,META
2023-07-31,MNST,1,MNST
2023-07-31,MRNA,1,MRNA
2023-07-31,MRVL,1,MRVL
2023-07-31,MSFT,1,MSFT
2023-07-31,MU,1,MU
2023-07-31,NFLX,1,NFLX
2023-07-31,NVDA,1,NVDA
2023-07-31,NXPI,1,NXPI
2023-07-31,ODFL,1,ODFL
2023-07-31,ON,1,ON
2023-07-31,ORLY,1,ORLY
2023-07-31,PANW,1,PANW
2023-07-31,PAYX,1,PAYX
2023-07-31,PCAR,1,PCAR
2023-07-31,PDD,1,PDD
2023-07-31,PEP,1,PEP
2023-07-31,PYPL,1,PYPL
2023-07-31,QCOM,1,QCOM
2023-07-31,REGN,1,REGN
2023-07-31,ROST,1,ROST
2023-07-31,SBUX,1,SBUX
2023-07-31,SGEN,1,SGEN
2023-07-31,SIRI,1,SIRI
2023-07-31,SNPS,1,SNPS
2023-07-31,TEAM,1,TEAM
2023-07-31,TMUS,1,TMUS
2023-07-31,TSLA,1,TSLA
2023-07-31,TTD,1,TTD
2023-07-31,TXN,1,TXN
2023-07-31,VRSK,1,VRSK
2023-07-31,VRTX,1,VRTX
2023-07-31,WBA,1,WBA
2023-07-31,WBD,1,WBD
2023-07-31,WDAY,1,WDAY
2023-07-31,XEL,1,XEL
2023-07-31,ZM,1,ZM
2023-07-31,ZS,1,ZS
2023-08-31,AAPL,1,AAPL
2023-08-31,ABNB,1,ABNB
2023-08-31,ADBE,1,ADBE
2023-08-31,ADI,1,ADI
2023-08-31,ADP,1,ADP
2023-08-31,ADSK,1,ADSK
2023-08-31,AEP,1,AEP
2023-08-31,ALGN,1,ALGN
2023-08-31,AMAT,1,AMAT
2023-08-31,AMD,1,AMD
2023-08-31,AMGN,1,AMGN
2023-08-31,AMZN,1,AMZN
2023-08-31,ANSS,1,ANSS
2023-08-31,ASML,1,ASML
2023-08-31,AVGO,1,AVGO
2023-08-31,AZN,1,AZN
2023-08-31,BIIB,1,BIIB
2023-08-31,BKNG,1,BKNG
2023-08-31,BKR,1,BKR
2023-08-31,CDNS,1,CDNS
2023-08-31,CEG,1,CEG
2023-08-31,CHTR,1,CHTR
2023-08-31,CMCSA,1,CMCSA
2023-08-31,COST,1,COST
2023-08-31,CPRT,1,CPRT
2023-08-31,CRWD,1,CRWD
2023-08-31,CSCO,1,CSCO
2023-08-31,CSGP,1,CSGP
2023-08-31,CSX,1,CSX
2023-08-31,CTAS,1,CTAS
2023-08-31,CTSH,1,CTSH
2023-08-31,DDOG,1,DDOG
2023-08-31,DLTR,1,DLTR
2023-08-31,DXCM,1,DXCM
2023-08-31,EA,1,EA
2023-08-31,EBAY,1,EBAY
2023-08-31,ENPH,1,ENPH
2023-08-31,EXC,1,EXC
2023-08-31,FANG,1,FANG
2023-08-31,FAST,1,FAST
2023-08-31,FTNT,1,FTNT
2023-08-31,GEHC,1,GEHC
2023-08-31,GFS,1,GFS
2023-08-31,GILD,1,GILD
2023-08-31,GOOGL,1,GOOGL
2023-08-31,HON,1,HON
2023-08-31,IDXX,1,IDXX
2023-08-31,ILMN,1,ILMN
2023-08-31,INTC,1,INTC
2023-08-31,INTU,1,INTU
2023-08-31,ISRG,1,ISRG
2023-08-31,JD,1,JD
2023-08-31,KDP,1,KDP
2023-08-31,KHC,1,KHC
2023-08-31,KLAC,1,KLAC
2023-08-31,LCID,1,LCID
2023-08-31,LRCX,1,LRCX
2023-08-31,LULU,1,LULU
2023-08-31,MAR,1,MAR
2023-08-31,MCHP,1,MCHP
2023-08-31,MDLZ,1,MDLZ
2023-08-31,MELI,1,MELI
2023-08-31,META,1,META
2023-08-31,MNST,1,MNST
2023-08-31,MRNA,1,MRNA
2023-08-31,MRVL,1,MRVL
2023-08-31,MSFT,1,MSFT
2023-08-31,MU,1,MU
2023-08-31,NFLX,1,NFLX
2023-08-31,NVDA,1,NVDA
2023-08-31,NXPI,1,NXPI
2023-08-31,ODFL,1,ODFL
2023-08-31,ON,1,ON
2023-08-31,ORLY,1,ORLY
2023-08-31,PANW,1,PANW
2023-08-31,PAYX,1,PAYX
2023-08-31,PCAR,1,PCAR
2023-08-31,PDD,1,PDD
2023-08-31,PEP,1,PEP
2023-08-31,PYPL,1,PYPL
2023-08-31,QCOM,1,QCOM
2023-08-31,REGN,1,REGN
2023-08-31,ROST,1,ROST
2023-08-31,SBUX,1,SBUX
2023-08-31,SGEN,1,SGEN
2023-08-31,SIRI,1,SIRI
2023-08-31,SNPS,1,SNPS
2023-08-31,TEAM,1,TEAM
2023-08-31,TMUS,1,TMUS
2023-08-31,TSLA,1,TSLA
2023-08-31,TTD,1,TTD
2023-08-31,TXN,1,TXN
2023-08-31,VRSK,1,VRSK
2023-08-31,VRTX,1,VRTX
2023-08-31,WBA,1,WBA
2023-08-31,WBD,1,WBD
2023-08-31,WDAY,1,WDAY
2023-08-31,XEL,1,XEL
2023-08-31,ZM,1,ZM
2023-08-31,ZS,1,ZS
2023-09-30,AAPL,1,AAPL
2023-09-30,ABNB,1,ABNB
2023-09-30,ADBE,1,ADBE
2023-09-30,ADI,1,ADI
2023-09-30,ADP,1,ADP
2023-09-30,ADSK,1,ADSK
2023-09-30,AEP,1,AEP
2023-09-30,ALGN,1,ALGN
2023-09-30,AMAT,1,AMAT
2023-09-30,AMD,1,AMD
2023-09-30,AMGN,1,AMGN
2023-09-30,AMZN,1,AMZN
2023-09-30,ANSS,1,ANSS
2023-09-30,ASML,1,ASML
2023-09-30,AVGO,1,AVGO
2023-09-30,AZN,1,AZN
2023-09-30,BIIB,1,BIIB
2023-09-30,BKNG,1,BKNG
2023-09-30,BKR,1,BKR
2023-09-30,CDNS,1,CDNS
2023-09-30,CEG,1,CEG
2023-09-30,CHTR,1,CHTR
2023-09-30,CMCSA,1,CMCSA
2023-09-30,COST,1,COST
2023-09-30,CPRT,1,CPRT
2023-09-30,CRWD,1,CRWD
2023-09-30,CSCO,1,CSCO
2023-09-30,CSGP,1,CSGP
2023-09-30,CSX,1,CSX
2023-09-30,CTAS,1,CTAS
2023-09-30,CTSH,1,CTSH
2023-09-30,DDOG,1,DDOG
2023-09-30,DLTR,1,DLTR
2023-09-30,DXCM,1,DXCM
2023-09-30,EA,1,EA
2023-09-30,EBAY,1,EBAY
2023-09-30,ENPH,1,ENPH
2023-09-30,EXC,1,EXC
2023-09-30,FANG,1,FANG
2023-09-30,FAST,1,FAST
2023-09-30,FTNT,1,FTNT
2023-09-30,GEHC,1,GEHC
2023-09-30,GFS,1,GFS
2023-09-30,GILD,1,GILD
2023-09-30,GOOGL,1,GOOGL
2023-09-30,HON,1,HON
2023-09-30,IDXX,1,IDXX
2023-09-30,ILMN,1,ILMN
2023-09-30,INTC,1,INTC
2023-09-30,INTU,1,INTU
2023-09-30,ISRG,1,ISRG
2023-09-30,JD,1,JD
2023-09-30,KDP,1,KDP
2023-09-30,KHC,1,KHC
2023-09-30,KLAC,1,KLAC
2023-09-30,LCID,1,LCID
2023-09-30,LRCX,1,LRCX
2023-09-30,LULU,1,LULU
2023-09-30,MAR,1,MAR
2023-09-30,MCHP,1,MCHP
2023-09-30,MDLZ,1,MDLZ
2023-09-30,MELI,1,MELI
2023-09-30,META,1,META
2023-09-30,MNST,1,MNST
2023-09-30,MRNA,1,MRNA
2023-09-30,MRVL,1,MRVL
2023-09-30,MSFT,1,MSFT
2023-09-30,MU,1,MU
2023-09-30,NFLX,1,NFLX
2023-09-30,NVDA,1,NVDA
2023-09-30,NXPI,1,NXPI
2023-09-30,ODFL,1,ODFL
2023-09-30,ON,1,ON
2023-09-30,ORLY,1,ORLY
2023-09-30,PANW,1,PANW
2023-09-30,PAYX,1,PAYX
2023-09-30,PCAR,1,PCAR
2023-09-30,PDD,1,PDD
2023-09-30,PEP,1,PEP
2023-09-30,PYPL,1,PYPL
2023-09-30,QCOM,1,QCOM
2023-09-30,REGN,1,REGN
2023-09-30,ROST,1,ROST
2023-09-30,SBUX,1,SBUX
2023-09-30,SGEN,1,SGEN
2023-09-30,SIRI,1,SIRI
2023-09-30,SNPS,1,SNPS
2023-09-30,TEAM,1,TEAM
2023-09-30,TMUS,1,TMUS
2023-09-30,TSLA,1,TSLA
2023-09-30,TTD,1,TTD
2023-09-30,TXN,1,TXN
2023-09-30,VRSK,1,VRSK
2023-09-30,VRTX,1,VRTX
2023-09-30,WBA,1,WBA
2023-09-30,WBD,1,WBD
2023-09-30,WDAY,1,WDAY
2023-09-30,XEL,1,XEL
2023-09-30,ZM,1,ZM
2023-09-30,ZS,1,ZS
2023-10-31,AAPL,1,AAPL
2023-10-31,ABNB,1,ABNB
2023-10-31,ADBE,1,ADBE
2023-10-31,ADI,1,ADI
2023-10-31,ADP,1,ADP
2023-10-31,ADSK,1,ADSK
2023-10-31,AEP,1,AEP
2023-10-31,ALGN,1,ALGN
2023-10-31,AMAT,1,AMAT
2023-10-31,AMD,1,AMD
2023-10-31,AMGN,1,AMGN
2023-10-31,AMZN,1,AMZN
2023-10-31,ANSS,1,ANSS
2023-10-31,ASML,1,ASML
2023-10-31,AVGO,1,AVGO
2023-10-31,AZN,1,AZN
2023-10-31,BIIB,1,BIIB
2023-10-31,BKNG,1,BKNG
2023-10-31,BKR,1,BKR
2023-10-31,CDNS,1,CDNS
2023-10-31,CEG,1,CEG
2023-10-31,CHTR,1,CHTR
2023-10-31,CMCSA,1,CMCSA
2023-10-31,COST,1,COST
2023-10-31,CPRT,1,CPRT
2023-10-31,CRWD,1,CRWD
2023-10-31,CSCO,1,CSCO
2023-10-31,CSGP,1,CSGP
2023-10-31,CSX,1,CSX
2023-10-31,CTAS,1,CTAS
2023-10-31,CTSH,1,CTSH
2023-10-31,DDOG,1,DDOG
2023-10-31,DLTR,1,DLTR
2023-10-31,DXCM,1,DXCM
2023-10-31,EA,1,EA
2023-10-31,EBAY,1,EBAY
2023-10-31,ENPH,1,ENPH
2023-10-31,EXC,1,EXC
2023-10-31,FANG,1,FANG
2023-10-31,FAST,1,FAST
2023-10-31,FTNT,1,FTNT
2023-10-31,GEHC,1,GEHC
2023-10-31,GFS,1,GFS
2023-10-31,GILD,1,GILD
2023-10-31,GOOGL,1,GOOGL
2023-10-31,HON,1,HON
2023-10-31,IDXX,1,IDXX
2023-10-31,ILMN,1,ILMN
2023-10-31,INTC,1,INTC
2023-10-31,INTU,1,INTU
2023-10-31,ISRG,1,ISRG
2023-10-31,JD,1,JD
2023-10-31,KDP,1,KDP
2023-10-31,KHC,1,KHC
2023-10-31,KLAC,1,KLAC
2023-10-31,LCID,1,LCID
2023-10-31,LRCX,1,LRCX
2023-10-31,LULU,1,LULU
2023-10-31,MAR,1,MAR
2023-10-31,MCHP,1,MCHP
2023-10-31,MDLZ,1,MDLZ
2023-10-31,MELI,1,MELI
2023-10-31,META,1,META
2023-10-31,MNST,1,MNST
2023-10-31,MRNA,1,MRNA
2023-10-31,MRVL,1,MRVL
2023-10-31,MSFT,1,MSFT
2023-10-31,MU,1,MU
2023-10-31,NFLX,1,NFLX
2023-10-31,NVDA,1,NVDA
2023-10-31,NXPI,1,NXPI
2023-10-31,ODFL,1,ODFL
2023-10-31,ON,1,ON
2023-10-31,ORLY,1,ORLY
2023-10-31,PANW,1,PANW
2023-10-31,PAYX,1,PAYX
2023-10-31,PCAR,1,PCAR
2023-10-31,PDD,1,PDD
2023-10-31,PEP,1,PEP
2023-10-31,PYPL,1,PYPL
2023-10-31,QCOM,1,QCOM
2023-10-31,REGN,1,REGN
2023-10-31,ROST,1,ROST
2023-10-31,SBUX,1,SBUX
2023-10-31,SGEN,1,SGEN
2023-10-31,SIRI,1,SIRI
2023-10-31,SNPS,1,SNPS
2023-10-31,TEAM,1,TEAM
2023-10-31,TMUS,1,TMUS
2023-10-31,TSLA,1,TSLA
2023-10-31,TTD,1,TTD
2023-10-31,TXN,1,TXN
2023-10-31,VRSK,1,VRSK
2023-10-31,VRTX,1,VRTX
2023-10-31,WBA,1,WBA
2023-10-31,WBD,1,WBD
2023-10-31,WDAY,1,WDAY
2023-10-31,XEL,1,XEL
2023-10-31,ZM,1,ZM
2023-10-31,ZS,1,ZS
2023-11-30,AAPL,1,AAPL
2023-11-30,ABNB,1,ABNB
2023-11-30,ADBE,1,ADBE
2023-11-30,ADI,1,ADI
2023-11-30,ADP,1,ADP
2023-11-30,ADSK,1,ADSK
2023-11-30,AEP,1,AEP
2023-11-30,ALGN,1,ALGN
2023-11-30,AMAT,1,AMAT
2023-11-30,AMD,1,AMD
2023-11-30,AMGN,1,AMGN
2023-11-30,AMZN,1,AMZN
2023-11-30,ANSS,1,ANSS
2023-11-30,ASML,1,ASML
2023-11-30,AVGO,1,AVGO
2023-11-30,AZN,1,AZN
2023-11-30,BIIB,1,BIIB
2023-11-30,BKNG,1,BKNG
2023-11-30,BKR,1,BKR
2023-11-30,CDNS,1,CDNS
2023-11-30,CEG,1,CEG
2023-11-30,CHTR,1,CHTR
2023-11-30,CMCSA,1,CMCSA
2023-11-30,COST,1,COST
2023-11-30,CPRT,1,CPRT
2023-11-30,CRWD,1,CRWD
2023-11-30,CSCO,1,CSCO
2023-11-30,CSGP,1,CSGP
2023-11-30,CSX,1,CSX
2023-11-30,CTAS,1,CTAS
2023-11-30,CTSH,1,CTSH
2023-11-30,DDOG,1,DDOG
2023-11-30,DLTR,1,DLTR
2023-11-30,DXCM,1,DXCM
2023-11-30,EA,1,EA
2023-11-30,EBAY,1,EBAY
2023-11-30,ENPH,1,ENPH
2023-11-30,EXC,1,EXC
2023-11-30,FANG,1,FANG
2023-11-30,FAST,1,FAST
2023-11-30,FTNT,1,FTNT
2023-11-30,GEHC,1,GEHC
2023-11-30,GFS,1,GFS
2023-11-30,GILD,1,GILD
2023-11-30,GOOGL,1,GOOGL
2023-11-30,HON,1,HON
2023-11-30,IDXX,1,IDXX
2023-11-30,ILMN,1,ILMN
2023-11-30,INTC,1,INTC
2023-11-30,INTU,1,INTU
2023-11-30,ISRG,1,ISRG
2023-11-30,JD,1,JD
2023-11-30,KDP,1,KDP
2023-11-30,KHC,1,KHC
2023-11-30,KLAC,1,KLAC
2023-11-30,LCID,1,LCID
2023-11-30,LRCX,1,LRCX
2023-11-30,LULU,1,LULU
2023-11-30,MAR,1,MAR
2023-11-30,MCHP,1,MCHP
2023-11-30,MDLZ,1,MDLZ
2023-11-30,MELI,1,MELI
2023-11-30,META,1,META
2023-11-30,MNST,1,MNST
2023-11-30,MRNA,1,MRNA
2023-11-30,MRVL,1,MRVL
2023-11-30,MSFT,1,MSFT
2023-11-30,MU,1,MU
2023-11-30,NFLX,1,NFLX
2023-11-30,NVDA,1,NVDA
2023-11-30,NXPI,1,NXPI
2023-11-30,ODFL,1,ODFL
2023-11-30,ON,1,ON
2023-11-30,ORLY,1,ORLY
2023-11-30,PANW,1,PANW
2023-11-30,PAYX,1,PAYX
2023-11-30,PCAR,1,PCAR
2023-11-30,PDD,1,PDD
2023-11-30,PEP,1,PEP
2023-11-30,PYPL,1,PYPL
2023-11-30,QCOM,1,QCOM
2023-11-30,REGN,1,REGN
2023-11-30,ROST,1,ROST
2023-11-30,SBUX,1,SBUX
2023-11-30,SGEN,1,SGEN
2023-11-30,SIRI,1,SIRI
2023-11-30,SNPS,1,SNPS
2023-11-30,TEAM,1,TEAM
2023-11-30,TMUS,1,TMUS
2023-11-30,TSLA,1,TSLA
2023-11-30,TTD,1,TTD
2023-11-30,TXN,1,TXN
2023-11-30,VRSK,1,VRSK
2023-11-30,VRTX,1,VRTX
2023-11-30,WBA,1,WBA
2023-11-30,WBD,1,WBD
2023-11-30,WDAY,1,WDAY
2023-11-30,XEL,1,XEL
2023-11-30,ZM,1,ZM
2023-11-30,ZS,1,ZS
2023-12-31,AAPL,1,AAPL
2023-12-31,ABNB,1,ABNB
2023-12-31,ADBE,1,ADBE
2023-12-31,ADI,1,ADI
2023-12-31,ADP,1,ADP
2023-12-31,ADSK,1,ADSK
2023-12-31,AEP,1,AEP
2023-12-31,AMAT,1,AMAT
2023-12-31,AMD,1,AMD
2023-12-31,AMGN,1,AMGN
2023-12-31,AMZN,1,AMZN
2023-12-31,ANSS,1,ANSS
2023-12-31,ASML,1,ASML
2023-12-31,AVGO,1,AVGO
2023-12-31,AZN,1,AZN
2023-12-31,BIIB,1,BIIB
2023-12-31,BKNG,1,BKNG
2023-12-31,BKR,1,BKR
2023-12-31,CCEP,1,CCEP
2023-12-31,CDNS,1,CDNS
2023-12-31,CDW,1,CDW
2023-12-31,CEG,1,CEG
2023-12-31,CHTR,1,CHTR
2023-12-31,CMCSA,1,CMCSA
2023-12-31,COST,1,COST
2023-12-31,CPRT,1,CPRT
2023-12-31,CRWD,1,CRWD
2023-12-31,CSCO,1,CSCO
2023-12-31,CSGP,1,CSGP
2023-12-31,CSX,1,CSX
2023-12-31,CTAS,1,CTAS
2023-12-31,CTSH,1,CTSH
2023-12-31,DASH,1,DASH
2023-12-31,DDOG,1,DDOG
2023-12-31,DLTR,1,DLTR
2023-12-31,DXCM,1,DXCM
2023-12-31,EA,1,EA
2023-12-31,EXC,1,EXC
2023-12-31,FANG,1,FANG
2023-12-31,FAST,1,FAST
2023-12-31,FTNT,1,FTNT
2023-12-31,GEHC,1,GEHC
2023-12-31,GFS,1,GFS
2023-12-31,GILD,1,GILD
2023-12-31,GOOGL,1,GOOGL
2023-12-31,HON,1,HON
2023-12-31,IDXX,1,IDXX
2023-12-31,ILMN,1,ILMN
2023-12-31,INTC,1,INTC
2023-12-31,INTU,1,INTU
2023-12-31,ISRG,1,ISRG
2023-12-31,KDP,1,KDP
2023-12-31,KHC,1,KHC
2023-12-31,KLAC,1,KLAC
2023-12-31,LRCX,1,LRCX
2023-12-31,LULU,1,LULU
2023-12-31,MAR,1,MAR
2023-12-31,MCHP,1,MCHP
2023-12-31,MDB,1,MDB
2023-12-31,MDLZ,1,MDLZ
2023-12-31,MELI,1,MELI
2023-12-31,META,1,META
2023-12-31,MNST,1,MNST
2023-12-31,MRNA,1,MRNA
2023-12-31,MRVL,1,MRVL
2023-12-31,MSFT,1,MSFT
2023-12-31,MU,1,MU
2023-12-31,NFLX,1,NFLX
2023-12-31,NVDA,1,NVDA
2023-12-31,NXPI,1,NXPI
2023-12-31,ODFL,1,ODFL
2023-12-31,ON,1,ON
2023-12-31,ORLY,1,ORLY
2023-12-31,PANW,1,PANW
2023-12-31,PAYX,1,PAYX
2023-12-31,PCAR,1,PCAR
2023-12-31,PDD,1,PDD
2023-12-31,PEP,1,PEP
2023-12-31,PYPL,1,PYPL
2023-12-31,QCOM,1,QCOM
2023-12-31,REGN,1,REGN
2023-12-31,ROP,1,ROP
2023-12-31,ROST,1,ROST
2023-12-31,SBUX,1,SBUX
2023-12-31,SIRI,1,SIRI
2023-12-31,SNPS,1,SNPS
2023-12-31,SPLK,1,SPLK
2023-12-31,TEAM,1,TEAM
2023-12-31,TMUS,1,TMUS
2023-12-31,TSLA,1,TSLA
2023-12-31,TTD,1,TTD
2023-12-31,TTWO,1,TTWO
2023-12-31,TXN,1,TXN
2023-12-31,VRSK,1,VRSK
2023-12-31,VRTX,1,VRTX
2023-12-31,WBA,1,WBA
2023-12-31,WBD,1,WBD
2023-12-31,WDAY,1,WDAY
2023-12-31,XEL,1,XEL
2023-12-31,ZS,1,ZS
2024-01-31,AAPL,1,AAPL
2024-01-31,ABNB,1,ABNB
2024-01-31,ADBE,1,ADBE
2024-01-31,ADI,1,ADI
2024-01-31,ADP,1,ADP
2024-01-31,ADSK,1,ADSK
2024-01-31,AEP,1,AEP
2024-01-31,AMAT,1,AMAT
2024-01-31,AMD,1,AMD
2024-01-31,AMGN,1,AMGN
2024-01-31,AMZN,1,AMZN
2024-01-31,ANSS,1,ANSS
2024-01-31,ASML,1,ASML
2024-01-31,AVGO,1,AVGO
2024-01-31,AZN,1,AZN
2024-01-31,BIIB,1,BIIB
2024-01-31,BKNG,1,BKNG
2024-01-31,BKR,1,BKR
2024-01-31,CCEP,1,CCEP
2024-01-31,CDNS,1,CDNS
2024-01-31,CDW,1,CDW
2024-01-31,CEG,1,CEG
2024-01-31,CHTR,1,CHTR
2024-01-31,CMCSA,1,CMCSA
2024-01-31,COST,1,COST
2024-01-31,CPRT,1,CPRT
2024-01-31,CRWD,1,CRWD
2024-01-31,CSCO,1,CSCO
2024-01-31,CSGP,1,CSGP
2024-01-31,CSX,1,CSX
2024-01-31,CTAS,1,CTAS
2024-01-31,CTSH,1,CTSH
2024-01-31,DASH,1,DASH
2024-01-31,DDOG,1,DDOG
2024-01-31,DLTR,1,DLTR
2024-01-31,DXCM,1,DXCM
2024-01-31,EA,1,EA
2024-01-31,EXC,1,EXC
2024-01-31,FANG,1,FANG
2024-01-31,FAST,1,FAST
2024-01-31,FTNT,1,FTNT
2024-01-31,GEHC,1,GEHC
2024-01-31,GFS,1,GFS
2024-01-31,GILD,1,GILD
2024-01-31,GOOGL,1,GOOGL
2024-01-31,HON,1,HON
2024-01-31,IDXX,1,IDXX
2024-01-31,ILMN,1,ILMN
2024-01-31,INTC,1,INTC
2024-01-31,INTU,1,INTU
2024-01-31,ISRG,1,ISRG
2024-01-31,KDP,1,KDP
2024-01-31,KHC,1,KHC
2024-01-31,KLAC,1,KLAC
2024-01-31,LRCX,1,LRCX
2024-01-31,LULU,1,LULU
2024-01-31,MAR,1,MAR
2024-01-31,MCHP,1,MCHP
2024-01-31,MDB,1,MDB
2024-01-31,MDLZ,1,MDLZ
2024-01-31,MELI,1,MELI
2024-01-31,META,1,META
2024-01-31,MNST,1,MNST
2024-01-31,MRNA,1,MRNA
2024-01-31,MRVL,1,MRVL
2024-01-31,MSFT,1,MSFT
2024-01-31,MU,1,MU
2024-01-31,NFLX,1,NFLX
2024-01-31,NVDA,1,NVDA
2024-01-31,NXPI,1,NXPI
2024-01-31,ODFL,1,ODFL
2024-01-31,ON,1,ON
2024-01-31,ORLY,1,ORLY
2024-01-31,PANW,1,PANW
2024-01-31,PAYX,1,PAYX
2024-01-31,PCAR,1,PCAR
2024-01-31,PDD,1,PDD
2024-01-31,PEP,1,PEP
2024-01-31,PYPL,1,PYPL
2024-01-31,QCOM,1,QCOM
2024-01-31,REGN,1,REGN
2024-01-31,ROP,1,ROP
2024-01-31,ROST,1,ROST
2024-01-31,SBUX,1,SBUX
2024-01-31,SIRI,1,SIRI
2024-01-31,SNPS,1,SNPS
2024-01-31,SPLK,1,SPLK
2024-01-31,TEAM,1,TEAM
2024-01-31,TMUS,1,TMUS
2024-01-31,TSLA,1,TSLA
2024-01-31,TTD,1,TTD
2024-01-31,TTWO,1,TTWO
2024-01-31,TXN,1,TXN
2024-01-31,VRSK,1,VRSK
2024-01-31,VRTX,1,VRTX
2024-01-31,WBA,1,WBA
2024-01-31,WBD,1,WBD
2024-01-31,WDAY,1,WDAY
2024-01-31,XEL,1,XEL
2024-01-31,ZS,1,ZS
2024-02-29,AAPL,1,AAPL
2024-02-29,ABNB,1,ABNB
2024-02-29,ADBE,1,ADBE
2024-02-29,ADI,1,ADI
2024-02-29,ADP,1,ADP
2024-02-29,ADSK,1,ADSK
2024-02-29,AEP,1,AEP
2024-02-29,AMAT,1,AMAT
2024-02-29,AMD,1,AMD
2024-02-29,AMGN,1,AMGN
2024-02-29,AMZN,1,AMZN
2024-02-29,ANSS,1,ANSS
2024-02-29,ASML,1,ASML
2024-02-29,AVGO,1,AVGO
2024-02-29,AZN,1,AZN
2024-02-29,BIIB,1,BIIB
2024-02-29,BKNG,1,BKNG
2024-02-29,BKR,1,BKR
2024-02-29,CCEP,1,CCEP
2024-02-29,CDNS,1,CDNS
2024-02-29,CDW,1,CDW
2024-02-29,CEG,1,CEG
2024-02-29,CHTR,1,CHTR
2024-02-29,CMCSA,1,CMCSA
2024-02-29,COST,1,COST
2024-02-29,CPRT,1,CPRT
2024-02-29,CRWD,1,CRWD
2024-02-29,CSCO,1,CSCO
2024-02-29,CSGP,1,CSGP
2024-02-29,CSX,1,CSX
2024-02-29,CTAS,1,CTAS
2024-02-29,CTSH,1,CTSH
2024-02-29,DASH,1,DASH
2024-02-29,DDOG,1,DDOG
2024-02-29,DLTR,1,DLTR
2024-02-29,DXCM,1,DXCM
2024-02-29,EA,1,EA
2024-02-29,EXC,1,EXC
2024-02-29,FANG,1,FANG
2024-02-29,FAST,1,FAST
2024-02-29,FTNT,1,FTNT
2024-02-29,GEHC,1,GEHC
2024-02-29,GFS,1,GFS
2024-02-29,GILD,1,GILD
2024-02-29,GOOGL,1,GOOGL
2024-02-29,HON,1,HON
2024-02-29,IDXX,1,IDXX
2024-02-29,ILMN,1,ILMN
2024-02-29,INTC,1,INTC
2024-02-29,INTU,1,INTU
2024-02-29,ISRG,1,ISRG
2024-02-29,KDP,1,KDP
2024-02-29,KHC,1,KHC
2024-02-29,KLAC,1,KLAC
2024-02-29,LRCX,1,LRCX
2024-02-29,LULU,1,LULU
2024-02-29,MAR,1,MAR
2024-02-29,MCHP,1,MCHP
2024-02-29,MDB,1,MDB
2024-02-29,MDLZ,1,MDLZ
2024-02-29,MELI,1,MELI
2024-02-29,META,1,META
2024-02-29,MNST,1,MNST
2024-02-29,MRNA,1,MRNA
2024-02-29,MRVL,1,MRVL
2024-02-29,MSFT,1,MSFT
2024-02-29,MU,1,MU
2024-02-29,NFLX,1,NFLX
2024-02-29,NVDA,1,NVDA
2024-02-29,NXPI,1,NXPI
2024-02-29,ODFL,1,ODFL
2024-02-29,ON,1,ON
2024-02-29,ORLY,1,ORLY
2024-02-29,PANW,1,PANW
2024-02-29,PAYX,1,PAYX
2024-02-29,PCAR,1,PCAR
2024-02-29,PDD,1,PDD
2024-02-29,PEP,1,PEP
2024-02-29,PYPL,1,PYPL
2024-02-29,QCOM,1,QCOM
2024-02-29,REGN,1,REGN
2024-02-29,ROP,1,ROP
2024-02-29,ROST,1,ROST
2024-02-29,SBUX,1,SBUX
2024-02-29,SIRI,1,SIRI
2024-02-29,SNPS,1,SNPS
2024-02-29,SPLK,1,SPLK
2024-02-29,TEAM,1,TEAM
2024-02-29,TMUS,1,TMUS
2024-02-29,TSLA,1,TSLA
2024-02-29,TTD,1,TTD
2024-02-29,TTWO,1,TTWO
2024-02-29,TXN,1,TXN
2024-02-29,VRSK,1,VRSK
2024-02-29,VRTX,1,VRTX
2024-02-29,WBA,1,WBA
2024-02-29,WBD,1,WBD
2024-02-29,WDAY,1,WDAY
2024-02-29,XEL,1,XEL
2024-02-29,ZS,1,ZS
2024-03-31,AAPL,1,AAPL
2024-03-31,ABNB,1,ABNB
2024-03-31,ADBE,1,ADBE
2024-03-31,ADI,1,ADI
2024-03-31,ADP,1,ADP
2024-03-31,ADSK,1,ADSK
2024-03-31,AEP,1,AEP
2024-03-31,AMAT,1,AMAT
2024-03-31,AMD,1,AMD
2024-03-31,AMGN,1,AMGN
2024-03-31,AMZN,1,AMZN
2024-03-31,ANSS,1,ANSS
2024-03-31,ASML,1,ASML
2024-03-31,AVGO,1,AVGO
2024-03-31,AZN,1,AZN
2024-03-31,BIIB,1,BIIB
2024-03-31,BKNG,1,BKNG
2024-03-31,BKR,1,BKR
2024-03-31,CCEP,1,CCEP
2024-03-31,CDNS,1,CDNS
2024-03-31,CDW,1,CDW
2024-03-31,CEG,1,CEG
2024-03-31,CHTR,1,CHTR
2024-03-31,CMCSA,1,CMCSA
2024-03-31,COST,1,COST
2024-03-31,CPRT,1,CPRT
2024-03-31,CRWD,1,CRWD
2024-03-31,CSCO,1,CSCO
2024-03-31,CSGP,1,CSGP
2024-03-31,CSX,1,CSX
2024-03-31,CTAS,1,CTAS
2024-03-31,CTSH,1,CTSH
2024-03-31,DASH,1,DASH
2024-03-31,DDOG,1,DDOG
2024-03-31,DLTR,1,DLTR
2024-03-31,DXCM,1,DXCM
2024-03-31,EA,1,EA
2024-03-31,EXC,1,EXC
2024-03-31,FANG,1,FANG
2024-03-31,FAST,1,FAST
2024-03-31,FTNT,1,FTNT
2024-03-31,GEHC,1,GEHC
2024-03-31,GFS,1,GFS
2024-03-31,GILD,1,GILD
2024-03-31,GOOGL,1,GOOGL
2024-03-31,HON,1,HON
2024-03-31,IDXX,1,IDXX
2024-03-31,ILMN,1,ILMN
2024-03-31,INTC,1,INTC
2024-03-31,INTU,1,INTU
2024-03-31,ISRG,1,ISRG
2024-03-31,KDP,1,KDP
2024-03-31,KHC,1,KHC
2024-03-31,KLAC,1,KLAC
2024-03-31,LIN,1,LIN
2024-03-31,LRCX,1,LRCX
2024-03-31,LULU,1,LULU
2024-03-31,MAR,1,MAR
2024-03-31,MCHP,1,MCHP
2024-03-31,MDB,1,MDB
2024-03-31,MDLZ,1,MDLZ
2024-03-31,MELI,1,MELI
2024-03-31,META,1,META
2024-03-31,MNST,1,MNST
2024-03-31,MRNA,1,MRNA
2024-03-31,MRVL,1,MRVL
2024-03-31,MSFT,1,MSFT
2024-03-31,MU,1,MU
2024-03-31,NFLX,1,NFLX
2024-03-31,NVDA,1,NVDA
2024-03-31,NXPI,1,NXPI
2024-03-31,ODFL,1,ODFL
2024-03-31,ON,1,ON
2024-03-31,ORLY,1,ORLY
2024-03-31,PANW,1,PANW
2024-03-31,PAYX,1,PAYX
2024-03-31,PCAR,1,PCAR
2024-03-31,PDD,1,PDD
2024-03-31,PEP,1,PEP
2024-03-31,PYPL,1,PYPL
2024-03-31,QCOM,1,QCOM
2024-03-31,REGN,1,REGN
2024-03-31,ROP,1,ROP
2024-03-31,ROST,1,ROST
2024-03-31,SBUX,1,SBUX
2024-03-31,SIRI,1,SIRI
2024-03-31,SNPS,1,SNPS
2024-03-31,TEAM,1,TEAM
2024-03-31,TMUS,1,TMUS
2024-03-31,TSLA,1,TSLA
2024-03-31,TTD,1,TTD
2024-03-31,TTWO,1,TTWO
2024-03-31,TXN,1,TXN
2024-03-31,VRSK,1,VRSK
2024-03-31,VRTX,1,VRTX
2024-03-31,WBA,1,WBA
2024-03-31,WBD,1,WBD
2024-03-31,WDAY,1,WDAY
2024-03-31,XEL,1,XEL
2024-03-31,ZS,1,ZS
2024-04-30,AAPL,1,AAPL
2024-04-30,ABNB,1,ABNB
2024-04-30,ADBE,1,ADBE
2024-04-30,ADI,1,ADI
2024-04-30,ADP,1,ADP
2024-04-30,ADSK,1,ADSK
2024-04-30,AEP,1,AEP
2024-04-30,AMAT,1,AMAT
2024-04-30,AMD,1,AMD
2024-04-30,AMGN,1,AMGN
2024-04-30,AMZN,1,AMZN
2024-04-30,ANSS,1,ANSS
2024-04-30,ASML,1,ASML
2024-04-30,AVGO,1,AVGO
2024-04-30,AZN,1,AZN
2024-04-30,BIIB,1,BIIB
2024-04-30,BKNG,1,BKNG
2024-04-30,BKR,1,BKR
2024-04-30,CCEP,1,CCEP
2024-04-30,CDNS,1,CDNS
2024-04-30,CDW,1,CDW
2024-04-30,CEG,1,CEG
2024-04-30,CHTR,1,CHTR
2024-04-30,CMCSA,1,CMCSA
2024-04-30,COST,1,COST
2024-04-30,CPRT,1,CPRT
2024-04-30,CRWD,1,CRWD
2024-04-30,CSCO,1,CSCO
2024-04-30,CSGP,1,CSGP
2024-04-30,CSX,1,CSX
2024-04-30,CTAS,1,CTAS
2024-04-30,CTSH,1,CTSH
2024-04-30,DASH,1,DASH
2024-04-30,DDOG,1,DDOG
2024-04-30,DLTR,1,DLTR
2024-04-30,DXCM,1,DXCM
2024-04-30,EA,1,EA
2024-04-30,EXC,1,EXC
2024-04-30,FANG,1,FANG
2024-04-30,FAST,1,FAST
2024-04-30,FTNT,1,FTNT
2024-04-30,GEHC,1,GEHC
2024-04-30,GFS,1,GFS
2024-04-30,GILD,1,GILD
2024-04-30,GOOGL,1,GOOGL
2024-04-30,HON,1,HON
2024-04-30,IDXX,1,IDXX
2024-04-30,ILMN,1,ILMN
2024-04-30,INTC,1,INTC
2024-04-30,INTU,1,INTU
2024-04-30,ISRG,1,ISRG
2024-04-30,KDP,1,KDP
2024-04-30,KHC,1,KHC
2024-04-30,KLAC,1,KLAC
2024-04-30,LIN,1,LIN
2024-04-30,LRCX,1,LRCX
2024-04-30,LULU,1,LULU
2024-04-30,MAR,1,MAR
2024-04-30,MCHP,1,MCHP
2024-04-30,MDB,1,MDB
2024-04-30,MDLZ,1,MDLZ
2024-04-30,MELI,1,MELI
2024-04-30,META,1,META
2024-04-30,MNST,1,MNST
2024-04-30,MRNA,1,MRNA
2024-04-30,MRVL,1,MRVL
2024-04-30,MSFT,1,MSFT
2024-04-30,MU,1,MU
2024-04-30,NFLX,1,NFLX
2024-04-30,NVDA,1,NVDA
2024-04-30,NXPI,1,NXPI
2024-04-30,ODFL,1,ODFL
2024-04-30,ON,1,ON
2024-04-30,ORLY,1,ORLY
2024-04-30,PANW,1,PANW
2024-04-30,PAYX,1,PAYX
2024-04-30,PCAR,1,PCAR
2024-04-30,PDD,1,PDD
2024-04-30,PEP,1,PEP
2024-04-30,PYPL,1,PYPL
2024-04-30,QCOM,1,QCOM
2024-04-30,REGN,1,REGN
2024-04-30,ROP,1,ROP
2024-04-30,ROST,1,ROST
2024-04-30,SBUX,1,SBUX
2024-04-30,SIRI,1,SIRI
2024-04-30,SNPS,1,SNPS
2024-04-30,TEAM,1,TEAM
2024-04-30,TMUS,1,TMUS
2024-04-30,TSLA,1,TSLA
2024-04-30,TTD,1,TTD
2024-04-30,TTWO,1,TTWO
2024-04-30,TXN,1,TXN
2024-04-30,VRSK,1,VRSK
2024-04-30,VRTX,1,VRTX
2024-04-30,WBA,1,WBA
2024-04-30,WBD,1,WBD
2024-04-30,WDAY,1,WDAY
2024-04-30,XEL,1,XEL
2024-04-30,ZS,1,ZS
2024-05-31,AAPL,1,AAPL
2024-05-31,ABNB,1,ABNB
2024-05-31,ADBE,1,ADBE
2024-05-31,ADI,1,ADI
2024-05-31,ADP,1,ADP
2024-05-31,ADSK,1,ADSK
2024-05-31,AEP,1,AEP
2024-05-31,AMAT,1,AMAT
2024-05-31,AMD,1,AMD
2024-05-31,AMGN,1,AMGN
2024-05-31,AMZN,1,AMZN
2024-05-31,ANSS,1,ANSS
2024-05-31,ASML,1,ASML
2024-05-31,AVGO,1,AVGO
2024-05-31,AZN,1,AZN
2024-05-31,BIIB,1,BIIB
2024-05-31,BKNG,1,BKNG
2024-05-31,BKR,1,BKR
2024-05-31,CCEP,1,CCEP
2024-05-31,CDNS,1,CDNS
2024-05-31,CDW,1,CDW
2024-05-31,CEG,1,CEG
2024-05-31,CHTR,1,CHTR
2024-05-31,CMCSA,1,CMCSA
2024-05-31,COST,1,COST
2024-05-31,CPRT,1,CPRT
2024-05-31,CRWD,1,CRWD
2024-05-31,CSCO,1,CSCO
2024-05-31,CSGP,1,CSGP
2024-05-31,CSX,1,CSX
2024-05-31,CTAS,1,CTAS
2024-05-31,CTSH,1,CTSH
2024-05-31,DASH,1,DASH
2024-05-31,DDOG,1,DDOG
2024-05-31,DLTR,1,DLTR
2024-05-31,DXCM,1,DXCM
2024-05-31,EA,1,EA
2024-05-31,EXC,1,EXC
2024-05-31,FANG,1,FANG
2024-05-31,FAST,1,FAST
2024-05-31,FTNT,1,FTNT
2024-05-31,GEHC,1,GEHC
2024-05-31,GFS,1,GFS
2024-05-31,GILD,1,GILD
2024-05-31,GOOGL,1,GOOGL
2024-05-31,HON,1,HON
2024-05-31,IDXX,1,IDXX
2024-05-31,ILMN,1,ILMN
2024-05-31,INTC,1,INTC
2024-05-31,INTU,1,INTU
2024-05-31,ISRG,1,ISRG
2024-05-31,KDP,1,KDP
2024-05-31,KHC,1,KHC
2024-05-31,KLAC,1,KLAC
2024-05-31,LIN,1,LIN
2024-05-31,LRCX,1,LRCX
2024-05-31,LULU,1,LULU
2024-05-31,MAR,1,MAR
2024-05-31,MCHP,1,MCHP
2024-05-31,MDB,1,MDB
2024-05-31,MDLZ,1,MDLZ
2024-05-31,MELI,1,MELI
2024-05-31,META,1,META
2024-05-31,MNST,1,MNST
2024-05-31,MRNA,1,MRNA
2024-05-31,MRVL,1,MRVL
2024-05-31,MSFT,1,MSFT
2024-05-31,MU,1,MU
2024-05-31,NFLX,1,NFLX
2024-05-31,NVDA,1,NVDA
2024-05-31,NXPI,1,NXPI
2024-05-31,ODFL,1,ODFL
2024-05-31,ON,1,ON
2024-05-31,ORLY,1,ORLY
2024-05-31,PANW,1,PANW
2024-05-31,PAYX,1,PAYX
2024-05-31,PCAR,1,PCAR
2024-05-31,PDD,1,PDD
2024-05-31,PEP,1,PEP
2024-05-31,PYPL,1,PYPL
2024-05-31,QCOM,1,QCOM
2024-05-31,REGN,1,REGN
2024-05-31,ROP,1,ROP
2024-05-31,ROST,1,ROST
2024-05-31,SBUX,1,SBUX
2024-05-31,SIRI,1,SIRI
2024-05-31,SNPS,1,SNPS
2024-05-31,TEAM,1,TEAM
2024-05-31,TMUS,1,TMUS
2024-05-31,TSLA,1,TSLA
2024-05-31,TTD,1,TTD
2024-05-31,TTWO,1,TTWO
2024-05-31,TXN,1,TXN
2024-05-31,VRSK,1,VRSK
2024-05-31,VRTX,1,VRTX
2024-05-31,WBA,1,WBA
2024-05-31,WBD,1,WBD
2024-05-31,WDAY,1,WDAY
2024-05-31,XEL,1,XEL
2024-05-31,ZS,1,ZS
2024-06-30,AAPL,1,AAPL
2024-06-30,ABNB,1,ABNB
2024-06-30,ADBE,1,ADBE
2024-06-30,ADI,1,ADI
2024-06-30,ADP,1,ADP
2024-06-30,ADSK,1,ADSK
2024-06-30,AEP,1,AEP
2024-06-30,AMAT,1,AMAT
2024-06-30,AMD,1,AMD
2024-06-30,AMGN,1,AMGN
2024-06-30,AMZN,1,AMZN
2024-06-30,ANSS,1,ANSS
2024-06-30,ARM,1,ARM
2024-06-30,ASML,1,ASML
2024-06-30,AVGO,1,AVGO
2024-06-30,AZN,1,AZN
2024-06-30,BIIB,1,BIIB
2024-06-30,BKNG,1,BKNG
2024-06-30,BKR,1,BKR
2024-06-30,CCEP,1,CCEP
2024-06-30,CDNS,1,CDNS
2024-06-30,CDW,1,CDW
2024-06-30,CEG,1,CEG
2024-06-30,CHTR,1,CHTR
2024-06-30,CMCSA,1,CMCSA
2024-06-30,COST,1,COST
2024-06-30,CPRT,1,CPRT
2024-06-30,CRWD,1,CRWD
2024-06-30,CSCO,1,CSCO
2024-06-30,CSGP,1,CSGP
2024-06-30,CSX,1,CSX
2024-06-30,CTAS,1,CTAS
2024-06-30,CTSH,1,CTSH
2024-06-30,DASH,1,DASH
2024-06-30,DDOG,1,DDOG
2024-06-30,DLTR,1,DLTR
2024-06-30,DXCM,1,DXCM
2024-06-30,EA,1,EA
2024-06-30,EXC,1,EXC
2024-06-30,FANG,1,FANG
2024-06-30,FAST,1,FAST
2024-06-30,FTNT,1,FTNT
2024-06-30,GEHC,1,GEHC
2024-06-30,GFS,1,GFS
2024-06-30,GILD,1,GILD
2024-06-30,GOOGL,1,GOOGL
2024-06-30,HON,1,HON
2024-06-30,IDXX,1,IDXX
2024-06-30,ILMN,1,ILMN
2024-06-30,INTC,1,INTC
2024-06-30,INTU,1,INTU
2024-06-30,ISRG,1,ISRG
2024-06-30,KDP,1,KDP
2024-06-30,KHC,1,KHC
2024-06-30,KLAC,1,KLAC
2024-06-30,LIN,1,LIN
2024-06-30,LRCX,1,LRCX
2024-06-30,LULU,1,LULU
2024-06-30,MAR,1,MAR
2024-06-30,MCHP,1,MCHP
2024-06-30,MDB,1,MDB
2024-06-30,MDLZ,1,MDLZ
2024-06-30,MELI,1,MELI
2024-06-30,META,1,META
2024-06-30,MNST,1,MNST
2024-06-30,MRNA,1,MRNA
2024-06-30,MRVL,1,MRVL
2024-06-30,MSFT,1,MSFT
2024-06-30,MU,1,MU
2024-06-30,NFLX,1,NFLX
2024-06-30,NVDA,1,NVDA
2024-06-30,NXPI,1,NXPI
2024-06-30,ODFL,1,ODFL
2024-06-30,ON,1,ON
2024-06-30,ORLY,1,ORLY
2024-06-30,PANW,1,PANW
2024-06-30,PAYX,1,PAYX
2024-06-30,PCAR,1,PCAR
2024-06-30,PDD,1,PDD
2024-06-30,PEP,1,PEP
2024-06-30,PYPL,1,PYPL
2024-06-30,QCOM,1,QCOM
2024-06-30,REGN,1,REGN
2024-06-30,ROP,1,ROP
2024-06-30,ROST,1,ROST
2024-06-30,SBUX,1,SBUX
2024-06-30,SNPS,1,SNPS
2024-06-30,TEAM,1,TEAM
2024-06-30,TMUS,1,TMUS
2024-06-30,TSLA,1,TSLA
2024-06-30,TTD,1,TTD
2024-06-30,TTWO,1,TTWO
2024-06-30,TXN,1,TXN
2024-06-30,VRSK,1,VRSK
2024-06-30,VRTX,1,VRTX
2024-06-30,WBA,1,WBA
2024-06-30,WBD,1,WBD
2024-06-30,WDAY,1,WDAY
2024-06-30,XEL,1,XEL
2024-06-30,ZS,1,ZS
2024-07-31,AAPL,1,AAPL
2024-07-31,ABNB,1,ABNB
2024-07-31,ADBE,1,ADBE
2024-07-31,ADI,1,ADI
2024-07-31,ADP,1,ADP
2024-07-31,ADSK,1,ADSK
2024-07-31,AEP,1,AEP
2024-07-31,AMAT,1,AMAT
2024-07-31,AMD,1,AMD
2024-07-31,AMGN,1,AMGN
2024-07-31,AMZN,1,AMZN
2024-07-31,ANSS,1,ANSS
2024-07-31,ARM,1,ARM
2024-07-31,ASML,1,ASML
2024-07-31,AVGO,1,AVGO
2024-07-31,AZN,1,AZN
2024-07-31,BIIB,1,BIIB
2024-07-31,BKNG,1,BKNG
2024-07-31,BKR,1,BKR
2024-07-31,CCEP,1,CCEP
2024-07-31,CDNS,1,CDNS
2024-07-31,CDW,1,CDW
2024-07-31,CEG,1,CEG
2024-07-31,CHTR,1,CHTR
2024-07-31,CMCSA,1,CMCSA
2024-07-31,COST,1,COST
2024-07-31,CPRT,1,CPRT
2024-07-31,CRWD,1,CRWD
2024-07-31,CSCO,1,CSCO
2024-07-31,CSGP,1,CSGP
2024-07-31,CSX,1,CSX
2024-07-31,CTAS,1,CTAS
2024-07-31,CTSH,1,CTSH
2024-07-31,DASH,1,DASH
2024-07-31,DDOG,1,DDOG
2024-07-31,DLTR,1,DLTR
2024-07-31,DXCM,1,DXCM
2024-07-31,EA,1,EA
2024-07-31,EXC,1,EXC
2024-07-31,FANG,1,FANG
2024-07-31,FAST,1,FAST
2024-07-31,FTNT,1,FTNT
2024-07-31,GEHC,1,GEHC
2024-07-31,GFS,1,GFS
2024-07-31,GILD,1,GILD
2024-07-31,GOOGL,1,GOOGL
2024-07-31,HON,1,HON
2024-07-31,IDXX,1,IDXX
2024-07-31,ILMN,1,ILMN
2024-07-31,INTC,1,INTC
2024-07-31,INTU,1,INTU
2024-07-31,ISRG,1,ISRG
2024-07-31,KDP,1,KDP
2024-07-31,KHC,1,KHC
2024-07-31,KLAC,1,KLAC
2024-07-31,LIN,1,LIN
2024-07-31,LRCX,1,LRCX
2024-07-31,LULU,1,LULU
2024-07-31,MAR,1,MAR
2024-07-31,MCHP,1,MCHP
2024-07-31,MDB,1,MDB
2024-07-31,MDLZ,1,MDLZ
2024-07-31,MELI,1,MELI
2024-07-31,META,1,META
2024-07-31,MNST,1,MNST
2024-07-31,MRNA,1,MRNA
2024-07-31,MRVL,1,MRVL
2024-07-31,MSFT,1,MSFT
2024-07-31,MU,1,MU
2024-07-31,NFLX,1,NFLX
2024-07-31,NVDA,1,NVDA
2024-07-31,NXPI,1,NXPI
2024-07-31,ODFL,1,ODFL
2024-07-31,ON,1,ON
2024-07-31,ORLY,1,ORLY
2024-07-31,PANW,1,PANW
2024-07-31,PAYX,1,PAYX
2024-07-31,PCAR,1,PCAR
2024-07-31,PDD,1,PDD
2024-07-31,PEP,1,PEP
2024-07-31,PYPL,1,PYPL
2024-07-31,QCOM,1,QCOM
2024-07-31,REGN,1,REGN
2024-07-31,ROP,1,ROP
2024-07-31,ROST,1,ROST
2024-07-31,SBUX,1,SBUX
2024-07-31,SMCI,1,SMCI
2024-07-31,SNPS,1,SNPS
2024-07-31,TEAM,1,TEAM
2024-07-31,TMUS,1,TMUS
2024-07-31,TSLA,1,TSLA
2024-07-31,TTD,1,TTD
2024-07-31,TTWO,1,TTWO
2024-07-31,TXN,1,TXN
2024-07-31,VRSK,1,VRSK
2024-07-31,VRTX,1,VRTX
2024-07-31,WBD,1,WBD
2024-07-31,WDAY,1,WDAY
2024-07-31,XEL,1,XEL
2024-07-31,ZS,1,ZS
2024-08-31,AAPL,1,AAPL
2024-08-31,ABNB,1,ABNB
2024-08-31,ADBE,1,ADBE
2024-08-31,ADI,1,ADI
2024-08-31,ADP,1,ADP
2024-08-31,ADSK,1,ADSK
2024-08-31,AEP,1,AEP
2024-08-31,AMAT,1,AMAT
2024-08-31,AMD,1,AMD
2024-08-31,AMGN,1,AMGN
2024-08-31,AMZN,1,AMZN
2024-08-31,ANSS,1,ANSS
2024-08-31,ARM,1,ARM
2024-08-31,ASML,1,ASML
2024-08-31,AVGO,1,AVGO
2024-08-31,AZN,1,AZN
2024-08-31,BIIB,1,BIIB
2024-08-31,BKNG,1,BKNG
2024-08-31,BKR,1,BKR
2024-08-31,CCEP,1,CCEP
2024-08-31,CDNS,1,CDNS
2024-08-31,CDW,1,CDW
2024-08-31,CEG,1,CEG
2024-08-31,CHTR,1,CHTR
2024-08-31,CMCSA,1,CMCSA
2024-08-31,COST,1,COST
2024-08-31,CPRT,1,CPRT
2024-08-31,CRWD,1,CRWD
2024-08-31,CSCO,1,CSCO
2024-08-31,CSGP,1,CSGP
2024-08-31,CSX,1,CSX
2024-08-31,CTAS,1,CTAS
2024-08-31,CTSH,1,CTSH
2024-08-31,DASH,1,DASH
2024-08-31,DDOG,1,DDOG
2024-08-31,DLTR,1,DLTR
2024-08-31,DXCM,1,DXCM
2024-08-31,EA,1,EA
2024-08-31,EXC,1,EXC
2024-08-31,FANG,1,FANG
2024-08-31,FAST,1,FAST
2024-08-31,FTNT,1,FTNT
2024-08-31,GEHC,1,GEHC
2024-08-31,GFS,1,GFS
2024-08-31,GILD,1,GILD
2024-08-31,GOOGL,1,GOOGL
2024-08-31,HON,1,HON
2024-08-31,IDXX,1,IDXX
2024-08-31,ILMN,1,ILMN
2024-08-31,INTC,1,INTC
2024-08-31,INTU,1,INTU
2024-08-31,ISRG,1,ISRG
2024-08-31,KDP,1,KDP
2024-08-31,KHC,1,KHC
2024-08-31,KLAC,1,KLAC
2024-08-31,LIN,1,LIN
2024-08-31,LRCX,1,LRCX
2024-08-31,LULU,1,LULU
2024-08-31,MAR,1,MAR
2024-08-31,MCHP,1,MCHP
2024-08-31,MDB,1,MDB
2024-08-31,MDLZ,1,MDLZ
2024-08-31,MELI,1,MELI
2024-08-31,META,1,META
2024-08-31,MNST,1,MNST
2024-08-31,MRNA,1,MRNA
2024-08-31,MRVL,1,MRVL
2024-08-31,MSFT,1,MSFT
2024-08-31,MU,1,MU
2024-08-31,NFLX,1,NFLX
2024-08-31,NVDA,1,NVDA
2024-08-31,NXPI,1,NXPI
2024-08-31,ODFL,1,ODFL
2024-08-31,ON,1,ON
2024-08-31,ORLY,1,ORLY
2024-08-31,PANW,1,PANW
2024-08-31,PAYX,1,PAYX
2024-08-31,PCAR,1,PCAR
2024-08-31,PDD,1,PDD
2024-08-31,PEP,1,PEP
2024-08-31,PYPL,1,PYPL
2024-08-31,QCOM,1,QCOM
2024-08-31,REGN,1,REGN
2024-08-31,ROP,1,ROP
2024-08-31,ROST,1,ROST
2024-08-31,SBUX,1,SBUX
2024-08-31,SMCI,1,SMCI
2024-08-31,SNPS,1,SNPS
2024-08-31,TEAM,1,TEAM
2024-08-31,TMUS,1,TMUS
2024-08-31,TSLA,1,TSLA
2024-08-31,TTD,1,TTD
2024-08-31,TTWO,1,TTWO
2024-08-31,TXN,1,TXN
2024-08-31,VRSK,1,VRSK
2024-08-31,VRTX,1,VRTX
2024-08-31,WBD,1,WBD
2024-08-31,WDAY,1,WDAY
2024-08-31,XEL,1,XEL
2024-08-31,ZS,1,ZS
2024-09-30,AAPL,1,AAPL
2024-09-30,ABNB,1,ABNB
2024-09-30,ADBE,1,ADBE
2024-09-30,ADI,1,ADI
2024-09-30,ADP,1,ADP
2024-09-30,ADSK,1,ADSK
2024-09-30,AEP,1,AEP
2024-09-30,AMAT,1,AMAT
2024-09-30,AMD,1,AMD
2024-09-30,AMGN,1,AMGN
2024-09-30,AMZN,1,AMZN
2024-09-30,ANSS,1,ANSS
2024-09-30,ARM,1,ARM
2024-09-30,ASML,1,ASML
2024-09-30,AVGO,1,AVGO
2024-09-30,AZN,1,AZN
2024-09-30,BIIB,1,BIIB
2024-09-30,BKNG,1,BKNG
2024-09-30,BKR,1,BKR
2024-09-30,CCEP,1,CCEP
2024-09-30,CDNS,1,CDNS
2024-09-30,CDW,1,CDW
2024-09-30,CEG,1,CEG
2024-09-30,CHTR,1,CHTR
2024-09-30,CMCSA,1,CMCSA
2024-09-30,COST,1,COST
2024-09-30,CPRT,1,CPRT
2024-09-30,CRWD,1,CRWD
2024-09-30,CSCO,1,CSCO
2024-09-30,CSGP,1,CSGP
2024-09-30,CSX,1,CSX
2024-09-30,CTAS,1,CTAS
2024-09-30,CTSH,1,CTSH
2024-09-30,DASH,1,DASH
2024-09-30,DDOG,1,DDOG
2024-09-30,DLTR,1,DLTR
2024-09-30,DXCM,1,DXCM
2024-09-30,EA,1,EA
2024-09-30,EXC,1,EXC
2024-09-30,FANG,1,FANG
2024-09-30,FAST,1,FAST
2024-09-30,FTNT,1,FTNT
2024-09-30,GEHC,1,GEHC
2024-09-30,GFS,1,GFS
2024-09-30,GILD,1,GILD
2024-09-30,GOOGL,1,GOOGL
2024-09-30,HON,1,HON
2024-09-30,IDXX,1,IDXX
2024-09-30,ILMN,1,ILMN
2024-09-30,INTC,1,INTC
2024-09-30,INTU,1,INTU
2024-09-30,ISRG,1,ISRG
2024-09-30,KDP,1,KDP
2024-09-30,KHC,1,KHC
2024-09-30,KLAC,1,KLAC
2024-09-30,LIN,1,LIN
2024-09-30,LRCX,1,LRCX
2024-09-30,LULU,1,LULU
2024-09-30,MAR,1,MAR
2024-09-30,MCHP,1,MCHP
2024-09-30,MDB,1,MDB
2024-09-30,MDLZ,1,MDLZ
2024-09-30,MELI,1,MELI
2024-09-30,META,1,META
2024-09-30,MNST,1,MNST
2024-09-30,MRNA,1,MRNA
2024-09-30,MRVL,1,MRVL
2024-09-30,MSFT,1,MSFT
2024-09-30,MU,1,MU
2024-09-30,NFLX,1,NFLX
2024-09-30,NVDA,1,NVDA
2024-09-30,NXPI,1,NXPI
2024-09-30,ODFL,1,ODFL
2024-09-30,ON,1,ON
2024-09-30,ORLY,1,ORLY
2024-09-30,PANW,1,PANW
2024-09-30,PAYX,1,PAYX
2024-09-30,PCAR,1,PCAR
2024-09-30,PDD,1,PDD
2024-09-30,PEP,1,PEP
2024-09-30,PYPL,1,PYPL
2024-09-30,QCOM,1,QCOM
2024-09-30,REGN,1,REGN
2024-09-30,ROP,1,ROP
2024-09-30,ROST,1,ROST
2024-09-30,SBUX,1,SBUX
2024-09-30,SMCI,1,SMCI
2024-09-30,SNPS,1,SNPS
2024-09-30,TEAM,1,TEAM
2024-09-30,TMUS,1,TMUS
2024-09-30,TSLA,1,TSLA
2024-09-30,TTD,1,TTD
2024-09-30,TTWO,1,TTWO
2024-09-30,TXN,1,TXN
2024-09-30,VRSK,1,VRSK
2024-09-30,VRTX,1,VRTX
2024-09-30,WBD,1,WBD
2024-09-30,WDAY,1,WDAY
2024-09-30,XEL,1,XEL
2024-09-30,ZS,1,ZS
2024-10-31,AAPL,1,AAPL
2024-10-31,ABNB,1,ABNB
2024-10-31,ADBE,1,ADBE
2024-10-31,ADI,1,ADI
2024-10-31,ADP,1,ADP
2024-10-31,ADSK,1,ADSK
2024-10-31,AEP,1,AEP
2024-10-31,AMAT,1,AMAT
2024-10-31,AMD,1,AMD
2024-10-31,AMGN,1,AMGN
2024-10-31,AMZN,1,AMZN
2024-10-31,ANSS,1,ANSS
2024-10-31,ARM,1,ARM
2024-10-31,ASML,1,ASML
2024-10-31,AVGO,1,AVGO
2024-10-31,AZN,1,AZN
2024-10-31,BIIB,1,BIIB
2024-10-31,BKNG,1,BKNG
2024-10-31,BKR,1,BKR
2024-10-31,CCEP,1,CCEP
2024-10-31,CDNS,1,CDNS
2024-10-31,CDW,1,CDW
2024-10-31,CEG,1,CEG
2024-10-31,CHTR,1,CHTR
2024-10-31,CMCSA,1,CMCSA
2024-10-31,COST,1,COST
2024-10-31,CPRT,1,CPRT
2024-10-31,CRWD,1,CRWD
2024-10-31,CSCO,1,CSCO
2024-10-31,CSGP,1,CSGP
2024-10-31,CSX,1,CSX
2024-10-31,CTAS,1,CTAS
2024-10-31,CTSH,1,CTSH
2024-10-31,DASH,1,DASH
2024-10-31,DDOG,1,DDOG
2024-10-31,DLTR,1,DLTR
2024-10-31,DXCM,1,DXCM
2024-10-31,EA,1,EA
2024-10-31,EXC,1,EXC
2024-10-31,FANG,1,FANG
2024-10-31,FAST,1,FAST
2024-10-31,FTNT,1,FTNT
2024-10-31,GEHC,1,GEHC
2024-10-31,GFS,1,GFS
2024-10-31,GILD,1,GILD
2024-10-31,GOOGL,1,GOOGL
2024-10-31,HON,1,HON
2024-10-31,IDXX,1,IDXX
2024-10-31,ILMN,1,ILMN
2024-10-31,INTC,1,INTC
2024-10-31,INTU,1,INTU
2024-10-31,ISRG,1,ISRG
2024-10-31,KDP,1,KDP
2024-10-31,KHC,1,KHC
2024-10-31,KLAC,1,KLAC
2024-10-31,LIN,1,LIN
2024-10-31,LRCX,1,LRCX
2024-10-31,LULU,1,LULU
2024-10-31,MAR,1,MAR
2024-10-31,MCHP,1,MCHP
2024-10-31,MDB,1,MDB
2024-10-31,MDLZ,1,MDLZ
2024-10-31,MELI,1,MELI
2024-10-31,META,1,META
2024-10-31,MNST,1,MNST
2024-10-31,MRNA,1,MRNA
2024-10-31,MRVL,1,MRVL
2024-10-31,MSFT,1,MSFT
2024-10-31,MU,1,MU
2024-10-31,NFLX,1,NFLX
2024-10-31,NVDA,1,NVDA
2024-10-31,NXPI,1,NXPI
2024-10-31,ODFL,1,ODFL
2024-10-31,ON,1,ON
2024-10-31,ORLY,1,ORLY
2024-10-31,PANW,1,PANW
2024-10-31,PAYX,1,PAYX
2024-10-31,PCAR,1,PCAR
2024-10-31,PDD,1,PDD
2024-10-31,PEP,1,PEP
2024-10-31,PYPL,1,PYPL
2024-10-31,QCOM,1,QCOM
2024-10-31,REGN,1,REGN
2024-10-31,ROP,1,ROP
2024-10-31,ROST,1,ROST
2024-10-31,SBUX,1,SBUX
2024-10-31,SMCI,1,SMCI
2024-10-31,SNPS,1,SNPS
2024-10-31,TEAM,1,TEAM
2024-10-31,TMUS,1,TMUS
2024-10-31,TSLA,1,TSLA
2024-10-31,TTD,1,TTD
2024-10-31,TTWO,1,TTWO
2024-10-31,TXN,1,TXN
2024-10-31,VRSK,1,VRSK
2024-10-31,VRTX,1,VRTX
2024-10-31,WBD,1,WBD
2024-10-31,WDAY,1,WDAY
2024-10-31,XEL,1,XEL
2024-10-31,ZS,1,ZS
2024-11-30,AAPL,1,AAPL
2024-11-30,ABNB,1,ABNB
2024-11-30,ADBE,1,ADBE
2024-11-30,ADI,1,ADI
2024-11-30,ADP,1,ADP
2024-11-30,ADSK,1,ADSK
2024-11-30,AEP,1,AEP
2024-11-30,AMAT,1,AMAT
2024-11-30,AMD,1,AMD
2024-11-30,AMGN,1,AMGN
2024-11-30,AMZN,1,AMZN
2024-11-30,ANSS,1,ANSS
2024-11-30,APP,1,APP
2024-11-30,ARM,1,ARM
2024-11-30,ASML,1,ASML
2024-11-30,AVGO,1,AVGO
2024-11-30,AZN,1,AZN
2024-11-30,BIIB,1,BIIB
2024-11-30,BKNG,1,BKNG
2024-11-30,BKR,1,BKR
2024-11-30,CCEP,1,CCEP
2024-11-30,CDNS,1,CDNS
2024-11-30,CDW,1,CDW
2024-11-30,CEG,1,CEG
2024-11-30,CHTR,1,CHTR
2024-11-30,CMCSA,1,CMCSA
2024-11-30,COST,1,COST
2024-11-30,CPRT,1,CPRT
2024-11-30,CRWD,1,CRWD
2024-11-30,CSCO,1,CSCO
2024-11-30,CSGP,1,CSGP
2024-11-30,CSX,1,CSX
2024-11-30,CTAS,1,CTAS
2024-11-30,CTSH,1,CTSH
2024-11-30,DASH,1,DASH
2024-11-30,DDOG,1,DDOG
2024-11-30,DXCM,1,DXCM
2024-11-30,EA,1,EA
2024-11-30,EXC,1,EXC
2024-11-30,FANG,1,FANG
2024-11-30,FAST,1,FAST
2024-11-30,FTNT,1,FTNT
2024-11-30,GEHC,1,GEHC
2024-11-30,GFS,1,GFS
2024-11-30,GILD,1,GILD
2024-11-30,GOOGL,1,GOOGL
2024-11-30,HON,1,HON
2024-11-30,IDXX,1,IDXX
2024-11-30,ILMN,1,ILMN
2024-11-30,INTC,1,INTC
2024-11-30,INTU,1,INTU
2024-11-30,ISRG,1,ISRG
2024-11-30,KDP,1,KDP
2024-11-30,KHC,1,KHC
2024-11-30,KLAC,1,KLAC
2024-11-30,LIN,1,LIN
2024-11-30,LRCX,1,LRCX
2024-11-30,LULU,1,LULU
2024-11-30,MAR,1,MAR
2024-11-30,MCHP,1,MCHP
2024-11-30,MDB,1,MDB
2024-11-30,MDLZ,1,MDLZ
2024-11-30,MELI,1,MELI
2024-11-30,META,1,META
2024-11-30,MNST,1,MNST
2024-11-30,MRNA,1,MRNA
2024-11-30,MRVL,1,MRVL
2024-11-30,MSFT,1,MSFT
2024-11-30,MU,1,MU
2024-11-30,NFLX,1,NFLX
2024-11-30,NVDA,1,NVDA
2024-11-30,NXPI,1,NXPI
2024-11-30,ODFL,1,ODFL
2024-11-30,ON,1,ON
2024-11-30,ORLY,1,ORLY
2024-11-30,PANW,1,PANW
2024-11-30,PAYX,1,PAYX
2024-11-30,PCAR,1,PCAR
2024-11-30,PDD,1,PDD
2024-11-30,PEP,1,PEP
2024-11-30,PYPL,1,PYPL
2024-11-30,QCOM,1,QCOM
2024-11-30,REGN,1,REGN
2024-11-30,ROP,1,ROP
2024-11-30,ROST,1,ROST
2024-11-30,SBUX,1,SBUX
2024-11-30,SMCI,1,SMCI
2024-11-30,SNPS,1,SNPS
2024-11-30,TEAM,1,TEAM
2024-11-30,TMUS,1,TMUS
2024-11-30,TSLA,1,TSLA
2024-11-30,TTD,1,TTD
2024-11-30,TTWO,1,TTWO
2024-11-30,TXN,1,TXN
2024-11-30,VRSK,1,VRSK
2024-11-30,VRTX,1,VRTX
2024-11-30,WBD,1,WBD
2024-11-30,WDAY,1,WDAY
2024-11-30,XEL,1,XEL
2024-11-30,ZS,1,ZS
2024-12-31,AAPL,1,AAPL
2024-12-31,ABNB,1,ABNB
2024-12-31,ADBE,1,ADBE
2024-12-31,ADI,1,ADI
2024-12-31,ADP,1,ADP
2024-12-31,ADSK,1,ADSK
2024-12-31,AEP,1,AEP
2024-12-31,AMAT,1,AMAT
2024-12-31,AMD,1,AMD
2024-12-31,AMGN,1,AMGN
2024-12-31,AMZN,1,AMZN
2024-12-31,ANSS,1,ANSS
2024-12-31,APP,1,APP
2024-12-31,ARM,1,ARM
2024-12-31,ASML,1,ASML
2024-12-31,AVGO,1,AVGO
2024-12-31,AXON,1,AXON
2024-12-31,AZN,1,AZN
2024-12-31,BIIB,1,BIIB
2024-12-31,BKNG,1,BKNG
2024-12-31,BKR,1,BKR
2024-12-31,CCEP,1,CCEP
2024-12-31,CDNS,1,CDNS
2024-12-31,CDW,1,CDW
2024-12-31,CEG,1,CEG
2024-12-31,CHTR,1,CHTR
2024-12-31,CMCSA,1,CMCSA
2024-12-31,COST,1,COST
2024-12-31,CPRT,1,CPRT
2024-12-31,CRWD,1,CRWD
2024-12-31,CSCO,1,CSCO
2024-12-31,CSGP,1,CSGP
2024-12-31,CSX,1,CSX
2024-12-31,CTAS,1,CTAS
2024-12-31,CTSH,1,CTSH
2024-12-31,DASH,1,DASH
2024-12-31,DDOG,1,DDOG
2024-12-31,DXCM,1,DXCM
2024-12-31,EA,1,EA
2024-12-31,EXC,1,EXC
2024-12-31,FANG,1,FANG
2024-12-31,FAST,1,FAST
2024-12-31,FTNT,1,FTNT
2024-12-31,GEHC,1,GEHC
2024-12-31,GFS,1,GFS
2024-12-31,GILD,1,GILD
2024-12-31,GOOGL,1,GOOGL
2024-12-31,HON,1,HON
2024-12-31,IDXX,1,IDXX
2024-12-31,INTC,1,INTC
2024-12-31,INTU,1,INTU
2024-12-31,ISRG,1,ISRG
2024-12-31,KDP,1,KDP
2024-12-31,KHC,1,KHC
2024-12-31,KLAC,1,KLAC
2024-12-31,LIN,1,LIN
2024-12-31,LRCX,1,LRCX
2024-12-31,LULU,1,LULU
2024-12-31,MAR,1,MAR
2024-12-31,MCHP,1,MCHP
2024-12-31,MDB,1,MDB
2024-12-31,MDLZ,1,MDLZ
2024-12-31,MELI,1,MELI
2024-12-31,META,1,META
2024-12-31,MNST,1,MNST
2024-12-31,MRVL,1,MRVL
2024-12-31,MSFT,1,MSFT
2024-12-31,MSTR,1,MSTR
2024-12-31,MU,1,MU
2024-12-31,NFLX,1,NFLX
2024-12-31,NVDA,1,NVDA
2024-12-31,NXPI,1,NXPI
2024-12-31,ODFL,1,ODFL
2024-12-31,ON,1,ON
2024-12-31,ORLY,1,ORLY
2024-12-31,PANW,1,PANW
2024-12-31,PAYX,1,PAYX
2024-12-31,PCAR,1,PCAR
2024-12-31,PDD,1,PDD
2024-12-31,PEP,1,PEP
2024-12-31,PLTR,1,PLTR
2024-12-31,PYPL,1,PYPL
2024-12-31,QCOM,1,QCOM
2024-12-31,REGN,1,REGN
2024-12-31,ROP,1,ROP
2024-12-31,ROST,1,ROST
2024-12-31,SBUX,1,SBUX
2024-12-31,SNPS,1,SNPS
2024-12-31,TEAM,1,TEAM
2024-12-31,TMUS,1,TMUS
2024-12-31,TSLA,1,TSLA
2024-12-31,TTD,1,TTD
2024-12-31,TTWO,1,TTWO
2024-12-31,TXN,1,TXN
2024-12-31,VRSK,1,VRSK
2024-12-31,VRTX,1,VRTX
2024-12-31,WBD,1,WBD
2024-12-31,WDAY,1,WDAY
2024-12-31,XEL,1,XEL
2024-12-31,ZS,1,ZS
2025-01-31,AAPL,1,AAPL
2025-01-31,ABNB,1,ABNB
2025-01-31,ADBE,1,ADBE
2025-01-31,ADI,1,ADI
2025-01-31,ADP,1,ADP
2025-01-31,ADSK,1,ADSK
2025-01-31,AEP,1,AEP
2025-01-31,AMAT,1,AMAT
2025-01-31,AMD,1,AMD
2025-01-31,AMGN,1,AMGN
2025-01-31,AMZN,1,AMZN
2025-01-31,ANSS,1,ANSS
2025-01-31,APP,1,APP
2025-01-31,ARM,1,ARM
2025-01-31,ASML,1,ASML
2025-01-31,AVGO,1,AVGO
2025-01-31,AXON,1,AXON
2025-01-31,AZN,1,AZN
2025-01-31,BIIB,1,BIIB
2025-01-31,BKNG,1,BKNG
2025-01-31,BKR,1,BKR
2025-01-31,CCEP,1,CCEP
2025-01-31,CDNS,1,CDNS
2025-01-31,CDW,1,CDW
2025-01-31,CEG,1,CEG
2025-01-31,CHTR,1,CHTR
2025-01-31,CMCSA,1,CMCSA
2025-01-31,COST,1,COST
2025-01-31,CPRT,1,CPRT
2025-01-31,CRWD,1,CRWD
2025-01-31,CSCO,1,CSCO
2025-01-31,CSGP,1,CSGP
2025-01-31,CSX,1,CSX
2025-01-31,CTAS,1,CTAS
2025-01-31,CTSH,1,CTSH
2025-01-31,DASH,1,DASH
2025-01-31,DDOG,1,DDOG
2025-01-31,DXCM,1,DXCM
2025-01-31,EA,1,EA
2025-01-31,EXC,1,EXC
2025-01-31,FANG,1,FANG
2025-01-31,FAST,1,FAST
2025-01-31,FTNT,1,FTNT
2025-01-31,GEHC,1,GEHC
2025-01-31,GFS,1,GFS
2025-01-31,GILD,1,GILD
2025-01-31,GOOGL,1,GOOGL
2025-01-31,HON,1,HON
2025-01-31,IDXX,1,IDXX
2025-01-31,INTC,1,INTC
2025-01-31,INTU,1,INTU
2025-01-31,ISRG,1,ISRG
2025-01-31,KDP,1,KDP
2025-01-31,KHC,1,KHC
2025-01-31,KLAC,1,KLAC
2025-01-31,LIN,1,LIN
2025-01-31,LRCX,1,LRCX
2025-01-31,LULU,1,LULU
2025-01-31,MAR,1,MAR
2025-01-31,MCHP,1,MCHP
2025-01-31,MDB,1,MDB
2025-01-31,MDLZ,1,MDLZ
2025-01-31,MELI,1,MELI
2025-01-31,META,1,META
2025-01-31,MNST,1,MNST
2025-01-31,MRVL,1,MRVL
2025-01-31,MSFT,1,MSFT
2025-01-31,MSTR,1,MSTR
2025-01-31,MU,1,MU
2025-01-31,NFLX,1,NFLX
2025-01-31,NVDA,1,NVDA
2025-01-31,NXPI,1,NXPI
2025-01-31,ODFL,1,ODFL
2025-01-31,ON,1,ON
2025-01-31,ORLY,1,ORLY
2025-01-31,PANW,1,PANW
2025-01-31,PAYX,1,PAYX
2025-01-31,PCAR,1,PCAR
2025-01-31,PDD,1,PDD
2025-01-31,PEP,1,PEP
2025-01-31,PLTR,1,PLTR
2025-01-31,PYPL,1,PYPL
2025-01-31,QCOM,1,QCOM
2025-01-31,REGN,1,REGN
2025-01-31,ROP,1,ROP
2025-01-31,ROST,1,ROST
2025-01-31,SBUX,1,SBUX
2025-01-31,SNPS,1,SNPS
2025-01-31,TEAM,1,TEAM
2025-01-31,TMUS,1,TMUS
2025-01-31,TSLA,1,TSLA
2025-01-31,TTD,1,TTD
2025-01-31,TTWO,1,TTWO
2025-01-31,TXN,1,TXN
2025-01-31,VRSK,1,VRSK
2025-01-31,VRTX,1,VRTX
2025-01-31,WBD,1,WBD
2025-01-31,WDAY,1,WDAY
2025-01-31,XEL,1,XEL
2025-01-31,ZS,1,ZS
2025-02-28,AAPL,1,AAPL
2025-02-28,ABNB,1,ABNB
2025-02-28,ADBE,1,ADBE
2025-02-28,ADI,1,ADI
2025-02-28,ADP,1,ADP
2025-02-28,ADSK,1,ADSK
2025-02-28,AEP,1,AEP
2025-02-28,AMAT,1,AMAT
2025-02-28,AMD,1,AMD
2025-02-28,AMGN,1,AMGN
2025-02-28,AMZN,1,AMZN
2025-02-28,ANSS,1,ANSS
2025-02-28,APP,1,APP
2025-02-28,ARM,1,ARM
2025-02-28,ASML,1,ASML
2025-02-28,AVGO,1,AVGO
2025-02-28,AXON,1,AXON
2025-02-28,AZN,1,AZN
2025-02-28,BIIB,1,BIIB
2025-02-28,BKNG,1,BKNG
2025-02-28,BKR,1,BKR
2025-02-28,CCEP,1,CCEP
2025-02-28,CDNS,1,CDNS
2025-02-28,CDW,1,CDW
2025-02-28,CEG,1,CEG
2025-02-28,CHTR,1,CHTR
2025-02-28,CMCSA,1,CMCSA
2025-02-28,COST,1,COST
2025-02-28,CPRT,1,CPRT
2025-02-28,CRWD,1,CRWD
2025-02-28,CSCO,1,CSCO
2025-02-28,CSGP,1,CSGP
2025-02-28,CSX,1,CSX
2025-02-28,CTAS,1,CTAS
2025-02-28,CTSH,1,CTSH
2025-02-28,DASH,1,DASH
2025-02-28,DDOG,1,DDOG
2025-02-28,DXCM,1,DXCM
2025-02-28,EA,1,EA
2025-02-28,EXC,1,EXC
2025-02-28,FANG,1,FANG
2025-02-28,FAST,1,FAST
2025-02-28,FTNT,1,FTNT
2025-02-28,GEHC,1,GEHC
2025-02-28,GFS,1,GFS
2025-02-28,GILD,1,GILD
2025-02-28,GOOGL,1,GOOGL
2025-02-28,HON,1,HON
2025-02-28,IDXX,1,IDXX
2025-02-28,INTC,1,INTC
2025-02-28,INTU,1,INTU
2025-02-28,ISRG,1,ISRG
2025-02-28,KDP,1,KDP
2025-02-28,KHC,1,KHC
2025-02-28,KLAC,1,KLAC
2025-02-28,LIN,1,LIN
2025-02-28,LRCX,1,LRCX
2025-02-28,LULU,1,LULU
2025-02-28,MAR,1,MAR
2025-02-28,MCHP,1,MCHP
2025-02-28,MDB,1,MDB
2025-02-28,MDLZ,1,MDLZ
2025-02-28,MELI,1,MELI
2025-02-28,META,1,META
2025-02-28,MNST,1,MNST
2025-02-28,MRVL,1,MRVL
2025-02-28,MSFT,1,MSFT
2025-02-28,MSTR,1,MSTR
2025-02-28,MU,1,MU
2025-02-28,NFLX,1,NFLX
2025-02-28,NVDA,1,NVDA
2025-02-28,NXPI,1,NXPI
2025-02-28,ODFL,1,ODFL
2025-02-28,ON,1,ON
2025-02-28,ORLY,1,ORLY
2025-02-28,PANW,1,PANW
2025-02-28,PAYX,1,PAYX
2025-02-28,PCAR,1,PCAR
2025-02-28,PDD,1,PDD
2025-02-28,PEP,1,PEP
2025-02-28,PLTR,1,PLTR
2025-02-28,PYPL,1,PYPL
2025-02-28,QCOM,1,QCOM
2025-02-28,REGN,1,REGN
2025-02-28,ROP,1,ROP
2025-02-28,ROST,1,ROST
2025-02-28,SBUX,1,SBUX
2025-02-28,SNPS,1,SNPS
2025-02-28,TEAM,1,TEAM
2025-02-28,TMUS,1,TMUS
2025-02-28,TSLA,1,TSLA
2025-02-28,TTD,1,TTD
2025-02-28,TTWO,1,TTWO
2025-02-28,TXN,1,TXN
2025-02-28,VRSK,1,VRSK
2025-02-28,VRTX,1,VRTX
2025-02-28,WBD,1,WBD
2025-02-28,WDAY,1,WDAY
2025-02-28,XEL,1,XEL
2025-02-28,ZS,1,ZS
2025-03-31,AAPL,1,AAPL
2025-03-31,ABNB,1,ABNB
2025-03-31,ADBE,1,ADBE
2025-03-31,ADI,1,ADI
2025-03-31,ADP,1,ADP
2025-03-31,ADSK,1,ADSK
2025-03-31,AEP,1,AEP
2025-03-31,AMAT,1,AMAT
2025-03-31,AMD,1,AMD
2025-03-31,AMGN,1,AMGN
2025-03-31,AMZN,1,AMZN
2025-03-31,ANSS,1,ANSS
2025-03-31,APP,1,APP
2025-03-31,ARM,1,ARM
2025-03-31,ASML,1,ASML
2025-03-31,AVGO,1,AVGO
2025-03-31,AXON,1,AXON
2025-03-31,AZN,1,AZN
2025-03-31,BIIB,1,BIIB
2025-03-31,BKNG,1,BKNG
2025-03-31,BKR,1,BKR
2025-03-31,CCEP,1,CCEP
2025-03-31,CDNS,1,CDNS
2025-03-31,CDW,1,CDW
2025-03-31,CEG,1,CEG
2025-03-31,CHTR,1,CHTR
2025-03-31,CMCSA,1,CMCSA
2025-03-31,COST,1,COST
2025-03-31,CPRT,1,CPRT
2025-03-31,CRWD,1,CRWD
2025-03-31,CSCO,1,CSCO
2025-03-31,CSGP,1,CSGP
2025-03-31,CSX,1,CSX
2025-03-31,CTAS,1,CTAS
2025-03-31,CTSH,1,CTSH
2025-03-31,DASH,1,DASH
2025-03-31,DDOG,1,DDOG
2025-03-31,DXCM,1,DXCM
2025-03-31,EA,1,EA
2025-03-31,EXC,1,EXC
2025-03-31,FANG,1,FANG
2025-03-31,FAST,1,FAST
2025-03-31,FTNT,1,FTNT
2025-03-31,GEHC,1,GEHC
2025-03-31,GFS,1,GFS
2025-03-31,GILD,1,GILD
2025-03-31,GOOGL,1,GOOGL
2025-03-31,HON,1,HON
2025-03-31,IDXX,1,IDXX
2025-03-31,INTC,1,INTC
2025-03-31,INTU,1,INTU
2025-03-31,ISRG,1,ISRG
2025-03-31,KDP,1,KDP
2025-03-31,KHC,1,KHC
2025-03-31,KLAC,1,KLAC
2025-03-31,LIN,1,LIN
2025-03-31,LRCX,1,LRCX
2025-03-31,LULU,1,LULU
2025-03-31,MAR,1,MAR
2025-03-31,MCHP,1,MCHP
2025-03-31,MDB,1,MDB
2025-03-31,MDLZ,1,MDLZ
2025-03-31,MELI,1,MELI
2025-03-31,META,1,META
2025-03-31,MNST,1,MNST
2025-03-31,MRVL,1,MRVL
2025-03-31,MSFT,1,MSFT
2025-03-31,MSTR,1,MSTR
2025-03-31,MU,1,MU
2025-03-31,NFLX,1,NFLX
2025-03-31,NVDA,1,NVDA
2025-03-31,NXPI,1,NXPI
2025-03-31,ODFL,1,ODFL
2025-03-31,ON,1,ON
2025-03-31,ORLY,1,ORLY
2025-03-31,PANW,1,PANW
2025-03-31,PAYX,1,PAYX
2025-03-31,PCAR,1,PCAR
2025-03-31,PDD,1,PDD
2025-03-31,PEP,1,PEP
2025-03-31,PLTR,1,PLTR
2025-03-31,PYPL,1,PYPL
2025-03-31,QCOM,1,QCOM
2025-03-31,REGN,1,REGN
2025-03-31,ROP,1,ROP
2025-03-31,ROST,1,ROST
2025-03-31,SBUX,1,SBUX
2025-03-31,SNPS,1,SNPS
2025-03-31,TEAM,1,TEAM
2025-03-31,TMUS,1,TMUS
2025-03-31,TSLA,1,TSLA
2025-03-31,TTD,1,TTD
2025-03-31,TTWO,1,TTWO
2025-03-31,TXN,1,TXN
2025-03-31,VRSK,1,VRSK
2025-03-31,VRTX,1,VRTX
2025-03-31,WBD,1,WBD
2025-03-31,WDAY,1,WDAY
2025-03-31,XEL,1,XEL
2025-03-31,ZS,1,ZS
2025-04-30,AAPL,1,AAPL
2025-04-30,ABNB,1,ABNB
2025-04-30,ADBE,1,ADBE
2025-04-30,ADI,1,ADI
2025-04-30,ADP,1,ADP
2025-04-30,ADSK,1,ADSK
2025-04-30,AEP,1,AEP
2025-04-30,AMAT,1,AMAT
2025-04-30,AMD,1,AMD
2025-04-30,AMGN,1,AMGN
2025-04-30,AMZN,1,AMZN
2025-04-30,ANSS,1,ANSS
2025-04-30,APP,1,APP
2025-04-30,ARM,1,ARM
2025-04-30,ASML,1,ASML
2025-04-30,AVGO,1,AVGO
2025-04-30,AXON,1,AXON
2025-04-30,AZN,1,AZN
2025-04-30,BIIB,1,BIIB
2025-04-30,BKNG,1,BKNG
2025-04-30,BKR,1,BKR
2025-04-30,CCEP,1,CCEP
2025-04-30,CDNS,1,CDNS
2025-04-30,CDW,1,CDW
2025-04-30,CEG,1,CEG
2025-04-30,CHTR,1,CHTR
2025-04-30,CMCSA,1,CMCSA
2025-04-30,COST,1,COST
2025-04-30,CPRT,1,CPRT
2025-04-30,CRWD,1,CRWD
2025-04-30,CSCO,1,CSCO
2025-04-30,CSGP,1,CSGP
2025-04-30,CSX,1,CSX
2025-04-30,CTAS,1,CTAS
2025-04-30,CTSH,1,CTSH
2025-04-30,DASH,1,DASH
2025-04-30,DDOG,1,DDOG
2025-04-30,DXCM,1,DXCM
2025-04-30,EA,1,EA
2025-04-30,EXC,1,EXC
2025-04-30,FANG,1,FANG
2025-04-30,FAST,1,FAST
2025-04-30,FTNT,1,FTNT
2025-04-30,GEHC,1,GEHC
2025-04-30,GFS,1,GFS
2025-04-30,GILD,1,GILD
2025-04-30,GOOGL,1,GOOGL
2025-04-30,HON,1,HON
2025-04-30,IDXX,1,IDXX
2025-04-30,INTC,1,INTC
2025-04-30,INTU,1,INTU
2025-04-30,ISRG,1,ISRG
2025-04-30,KDP,1,KDP
2025-04-30,KHC,1,KHC
2025-04-30,KLAC,1,KLAC
2025-04-30,LIN,1,LIN
2025-04-30,LRCX,1,LRCX
2025-04-30,LULU,1,LULU
2025-04-30,MAR,1,MAR
2025-04-30,MCHP,1,MCHP
2025-04-30,MDB,1,MDB
2025-04-30,MDLZ,1,MDLZ
2025-04-30,MELI,1,MELI
2025-04-30,META,1,META
2025-04-30,MNST,1,MNST
2025-04-30,MRVL,1,MRVL
2025-04-30,MSFT,1,MSFT
2025-04-30,MSTR,1,MSTR
2025-04-30,MU,1,MU
2025-04-30,NFLX,1,NFLX
2025-04-30,NVDA,1,NVDA
2025-04-30,NXPI,1,NXPI
2025-04-30,ODFL,1,ODFL
2025-04-30,ON,1,ON
2025-04-30,ORLY,1,ORLY
2025-04-30,PANW,1,PANW
2025-04-30,PAYX,1,PAYX
2025-04-30,PCAR,1,PCAR
2025-04-30,PDD,1,PDD
2025-04-30,PEP,1,PEP
2025-04-30,PLTR,1,PLTR
2025-04-30,PYPL,1,PYPL
2025-04-30,QCOM,1,QCOM
2025-04-30,REGN,1,REGN
2025-04-30,ROP,1,ROP
2025-04-30,ROST,1,ROST
2025-04-30,SBUX,1,SBUX
2025-04-30,SNPS,1,SNPS
2025-04-30,TEAM,1,TEAM
2025-04-30,TMUS,1,TMUS
2025-04-30,TSLA,1,TSLA
2025-04-30,TTD,1,TTD
2025-04-30,TTWO,1,TTWO
2025-04-30,TXN,1,TXN
2025-04-30,VRSK,1,VRSK
2025-04-30,VRTX,1,VRTX
2025-04-30,WBD,1,WBD
2025-04-30,WDAY,1,WDAY
2025-04-30,XEL,1,XEL
2025-04-30,ZS,1,ZS
2025-05-31,AAPL,1,AAPL
2025-05-31,ABNB,1,ABNB
2025-05-31,ADBE,1,ADBE
2025-05-31,ADI,1,ADI
2025-05-31,ADP,1,ADP
2025-05-31,ADSK,1,ADSK
2025-05-31,AEP,1,AEP
2025-05-31,AMAT,1,AMAT
2025-05-31,AMD,1,AMD
2025-05-31,AMGN,1,AMGN
2025-05-31,AMZN,1,AMZN
2025-05-31,ANSS,1,ANSS
2025-05-31,APP,1,APP
2025-05-31,ARM,1,ARM
2025-05-31,ASML,1,ASML
2025-05-31,AVGO,1,AVGO
2025-05-31,AXON,1,AXON
2025-05-31,AZN,1,AZN
2025-05-31,BIIB,1,BIIB
2025-05-31,BKNG,1,BKNG
2025-05-31,BKR,1,BKR
2025-05-31,CCEP,1,CCEP
2025-05-31,CDNS,1,CDNS
2025-05-31,CDW,1,CDW
2025-05-31,CEG,1,CEG
2025-05-31,CHTR,1,CHTR
2025-05-31,CMCSA,1,CMCSA
2025-05-31,COST,1,COST
2025-05-31,CPRT,1,CPRT
2025-05-31,CRWD,1,CRWD
2025-05-31,CSCO,1,CSCO
2025-05-31,CSGP,1,CSGP
2025-05-31,CSX,1,CSX
2025-05-31,CTAS,1,CTAS
2025-05-31,CTSH,1,CTSH
2025-05-31,DASH,1,DASH
2025-05-31,DDOG,1,DDOG
2025-05-31,DXCM,1,DXCM
2025-05-31,EA,1,EA
2025-05-31,EXC,1,EXC
2025-05-31,FANG,1,FANG
2025-05-31,FAST,1,FAST
2025-05-31,FTNT,1,FTNT
2025-05-31,GEHC,1,GEHC
2025-05-31,GFS,1,GFS
2025-05-31,GILD,1,GILD
2025-05-31,GOOGL,1,GOOGL
2025-05-31,HON,1,HON
2025-05-31,IDXX,1,IDXX
2025-05-31,INTC,1,INTC
2025-05-31,INTU,1,INTU
2025-05-31,ISRG,1,ISRG
2025-05-31,KDP,1,KDP
2025-05-31,KHC,1,KHC
2025-05-31,KLAC,1,KLAC
2025-05-31,LIN,1,LIN
2025-05-31,LRCX,1,LRCX
2025-05-31,LULU,1,LULU
2025-05-31,MAR,1,MAR
2025-05-31,MCHP,1,MCHP
2025-05-31,MDLZ,1,MDLZ
2025-05-31,MELI,1,MELI
2025-05-31,META,1,META
2025-05-31,MNST,1,MNST
2025-05-31,MRVL,1,MRVL
2025-05-31,MSFT,1,MSFT
2025-05-31,MSTR,1,MSTR
2025-05-31,MU,1,MU
2025-05-31,NFLX,1,NFLX
2025-05-31,NVDA,1,NVDA
2025-05-31,NXPI,1,NXPI
2025-05-31,ODFL,1,ODFL
2025-05-31,ON,1,ON
2025-05-31,ORLY,1,ORLY
2025-05-31,PANW,1,PANW
2025-05-31,PAYX,1,PAYX
2025-05-31,PCAR,1,PCAR
2025-05-31,PDD,1,PDD
2025-05-31,PEP,1,PEP
2025-05-31,PLTR,1,PLTR
2025-05-31,PYPL,1,PYPL
2025-05-31,QCOM,1,QCOM
2025-05-31,REGN,1,REGN
2025-05-31,ROP,1,ROP
2025-05-31,ROST,1,ROST
2025-05-31,SBUX,1,SBUX
2025-05-31,SHOP,1,SHOP
2025-05-31,SNPS,1,SNPS
2025-05-31,TEAM,1,TEAM
2025-05-31,TMUS,1,TMUS
2025-05-31,TSLA,1,TSLA
2025-05-31,TTD,1,TTD
2025-05-31,TTWO,1,TTWO
2025-05-31,TXN,1,TXN
2025-05-31,VRSK,1,VRSK
2025-05-31,VRTX,1,VRTX
2025-05-31,WBD,1,WBD
2025-05-31,WDAY,1,WDAY
2025-05-31,XEL,1,XEL
2025-05-31,ZS,1,ZS
2025-06-30,AAPL,1,AAPL
2025-06-30,ABNB,1,ABNB
2025-06-30,ADBE,1,ADBE
2025-06-30,ADI,1,ADI
2025-06-30,ADP,1,ADP
2025-06-30,ADSK,1,ADSK
2025-06-30,AEP,1,AEP
2025-06-30,AMAT,1,AMAT
2025-06-30,AMD,1,AMD
2025-06-30,AMGN,1,AMGN
2025-06-30,AMZN,1,AMZN
2025-06-30,ANSS,1,ANSS
2025-06-30,APP,1,APP
2025-06-30,ARM,1,ARM
2025-06-30,ASML,1,ASML
2025-06-30,AVGO,1,AVGO
2025-06-30,AXON,1,AXON
2025-06-30,AZN,1,AZN
2025-06-30,BIIB,1,BIIB
2025-06-30,BKNG,1,BKNG
2025-06-30,BKR,1,BKR
2025-06-30,CCEP,1,CCEP
2025-06-30,CDNS,1,CDNS
2025-06-30,CDW,1,CDW
2025-06-30,CEG,1,CEG
2025-06-30,CHTR,1,CHTR
2025-06-30,CMCSA,1,CMCSA
2025-06-30,COST,1,COST
2025-06-30,CPRT,1,CPRT
2025-06-30,CRWD,1,CRWD
2025-06-30,CSCO,1,CSCO
2025-06-30,CSGP,1,CSGP
2025-06-30,CSX,1,CSX
2025-06-30,CTAS,1,CTAS
2025-06-30,CTSH,1,CTSH
2025-06-30,DASH,1,DASH
2025-06-30,DDOG,1,DDOG
2025-06-30,DXCM,1,DXCM
2025-06-30,EA,1,EA
2025-06-30,EXC,1,EXC
2025-06-30,FANG,1,FANG
2025-06-30,FAST,1,FAST
2025-06-30,FTNT,1,FTNT
2025-06-30,GEHC,1,GEHC
2025-06-30,GFS,1,GFS
2025-06-30,GILD,1,GILD
2025-06-30,GOOGL,1,GOOGL
2025-06-30,HON,1,HON
2025-06-30,IDXX,1,IDXX
2025-06-30,INTC,1,INTC
2025-06-30,INTU,1,INTU
2025-06-30,ISRG,1,ISRG
2025-06-30,KDP,1,KDP
2025-06-30,KHC,1,KHC
2025-06-30,KLAC,1,KLAC
2025-06-30,LIN,1,LIN
2025-06-30,LRCX,1,LRCX
2025-06-30,LULU,1,LULU
2025-06-30,MAR,1,MAR
2025-06-30,MCHP,1,MCHP
2025-06-30,MDLZ,1,MDLZ
2025-06-30,MELI,1,MELI
2025-06-30,META,1,META
2025-06-30,MNST,1,MNST
2025-06-30,MRVL,1,MRVL
2025-06-30,MSFT,1,MSFT
2025-06-30,MSTR,1,MSTR
2025-06-30,MU,1,MU
2025-06-30,NFLX,1,NFLX
2025-06-30,NVDA,1,NVDA
2025-06-30,NXPI,1,NXPI
2025-06-30,ODFL,1,ODFL
2025-06-30,ON,1,ON
2025-06-30,ORLY,1,ORLY
2025-06-30,PANW,1,PANW
2025-06-30,PAYX,1,PAYX
2025-06-30,PCAR,1,PCAR
2025-06-30,PDD,1,PDD
2025-06-30,PEP,1,PEP
2025-06-30,PLTR,1,PLTR
2025-06-30,PYPL,1,PYPL
2025-06-30,QCOM,1,QCOM
2025-06-30,REGN,1,REGN
2025-06-30,ROP,1,ROP
2025-06-30,ROST,1,ROST
2025-06-30,SBUX,1,SBUX
2025-06-30,SHOP,1,SHOP
2025-06-30,SNPS,1,SNPS
2025-06-30,TEAM,1,TEAM
2025-06-30,TMUS,1,TMUS
2025-06-30,TSLA,1,TSLA
2025-06-30,TTD,1,TTD
2025-06-30,TTWO,1,TTWO
2025-06-30,TXN,1,TXN
2025-06-30,VRSK,1,VRSK
2025-06-30,VRTX,1,VRTX
2025-06-30,WBD,1,WBD
2025-06-30,WDAY,1,WDAY
2025-06-30,XEL,1,XEL
2025-06-30,ZS,1,ZS
2025-07-31,AAPL,1,AAPL
2025-07-31,ABNB,1,ABNB
2025-07-31,ADBE,1,ADBE
2025-07-31,ADI,1,ADI
2025-07-31,ADP,1,ADP
2025-07-31,ADSK,1,ADSK
2025-07-31,AEP,1,AEP
2025-07-31,AMAT,1,AMAT
2025-07-31,AMD,1,AMD
2025-07-31,AMGN,1,AMGN
2025-07-31,AMZN,1,AMZN
2025-07-31,APP,1,APP
2025-07-31,ARM,1,ARM
2025-07-31,ASML,1,ASML
2025-07-31,AVGO,1,AVGO
2025-07-31,AXON,1,AXON
2025-07-31,AZN,1,AZN
2025-07-31,BIIB,1,BIIB
2025-07-31,BKNG,1,BKNG
2025-07-31,BKR,1,BKR
2025-07-31,CCEP,1,CCEP
2025-07-31,CDNS,1,CDNS
2025-07-31,CDW,1,CDW
2025-07-31,CEG,1,CEG
2025-07-31,CHTR,1,CHTR
2025-07-31,CMCSA,1,CMCSA
2025-07-31,COST,1,COST
2025-07-31,CPRT,1,CPRT
2025-07-31,CRWD,1,CRWD
2025-07-31,CSCO,1,CSCO
2025-07-31,CSGP,1,CSGP
2025-07-31,CSX,1,CSX
2025-07-31,CTAS,1,CTAS
2025-07-31,CTSH,1,CTSH
2025-07-31,DASH,1,DASH
2025-07-31,DDOG,1,DDOG
2025-07-31,DXCM,1,DXCM
2025-07-31,EA,1,EA
2025-07-31,EXC,1,EXC
2025-07-31,FANG,1,FANG
2025-07-31,FAST,1,FAST
2025-07-31,FTNT,1,FTNT
2025-07-31,GEHC,1,GEHC
2025-07-31,GFS,1,GFS
2025-07-31,GILD,1,GILD
2025-07-31,GOOGL,1,GOOGL
2025-07-31,HON,1,HON
2025-07-31,IDXX,1,IDXX
2025-07-31,INTC,1,INTC
2025-07-31,INTU,1,INTU
2025-07-31,ISRG,1,ISRG
2025-07-31,KDP,1,KDP
2025-07-31,KHC,1,KHC
2025-07-31,KLAC,1,KLAC
2025-07-31,LIN,1,LIN
2025-07-31,LRCX,1,LRCX
2025-07-31,LULU,1,LULU
2025-07-31,MAR,1,MAR
2025-07-31,MCHP,1,MCHP
2025-07-31,MDLZ,1,MDLZ
2025-07-31,MELI,1,MELI
2025-07-31,META,1,META
2025-07-31,MNST,1,MNST
2025-07-31,MRVL,1,MRVL
2025-07-31,MSFT,1,MSFT
2025-07-31,MSTR,1,MSTR
2025-07-31,MU,1,MU
2025-07-31,NFLX,1,NFLX
2025-07-31,NVDA,1,NVDA
2025-07-31,NXPI,1,NXPI
2025-07-31,ODFL,1,ODFL
2025-07-31,ON,1,ON
2025-07-31,ORLY,1,ORLY
2025-07-31,PANW,1,PANW
2025-07-31,PAYX,1,PAYX
2025-07-31,PCAR,1,PCAR
2025-07-31,PDD,1,PDD
2025-07-31,PEP,1,PEP
2025-07-31,PLTR,1,PLTR
2025-07-31,PYPL,1,PYPL
2025-07-31,QCOM,1,QCOM
2025-07-31,REGN,1,REGN
2025-07-31,ROP,1,ROP
2025-07-31,ROST,1,ROST
2025-07-31,SBUX,1,SBUX
2025-07-31,SHOP,1,SHOP
2025-07-31,SNPS,1,SNPS
2025-07-31,TEAM,1,TEAM
2025-07-31,TMUS,1,TMUS
2025-07-31,TRI,1,TRI
2025-07-31,TSLA,1,TSLA
2025-07-31,TTD,1,TTD
2025-07-31,TTWO,1,TTWO
2025-07-31,TXN,1,TXN
2025-07-31,VRSK,1,VRSK
2025-07-31,VRTX,1,VRTX
2025-07-31,WBD,1,WBD
2025-07-31,WDAY,1,WDAY
2025-07-31,XEL,1,XEL
2025-07-31,ZS,1,ZS
2025-08-31,AAPL,1,AAPL
2025-08-31,ABNB,1,ABNB
2025-08-31,ADBE,1,ADBE
2025-08-31,ADI,1,ADI
2025-08-31,ADP,1,ADP
2025-08-31,ADSK,1,ADSK
2025-08-31,AEP,1,AEP
2025-08-31,AMAT,1,AMAT
2025-08-31,AMD,1,AMD
2025-08-31,AMGN,1,AMGN
2025-08-31,AMZN,1,AMZN
2025-08-31,APP,1,APP
2025-08-31,ARM,1,ARM
2025-08-31,ASML,1,ASML
2025-08-31,AVGO,1,AVGO
2025-08-31,AXON,1,AXON
2025-08-31,AZN,1,AZN
2025-08-31,BIIB,1,BIIB
2025-08-31,BKNG,1,BKNG
2025-08-31,BKR,1,BKR
2025-08-31,CCEP,1,CCEP
2025-08-31,CDNS,1,CDNS
2025-08-31,CDW,1,CDW
2025-08-31,CEG,1,CEG
2025-08-31,CHTR,1,CHTR
2025-08-31,CMCSA,1,CMCSA
2025-08-31,COST,1,COST
2025-08-31,CPRT,1,CPRT
2025-08-31,CRWD,1,CRWD
2025-08-31,CSCO,1,CSCO
2025-08-31,CSGP,1,CSGP
2025-08-31,CSX,1,CSX
2025-08-31,CTAS,1,CTAS
2025-08-31,CTSH,1,CTSH
2025-08-31,DASH,1,DASH
2025-08-31,DDOG,1,DDOG
2025-08-31,DXCM,1,DXCM
2025-08-31,EA,1,EA
2025-08-31,EXC,1,EXC
2025-08-31,FANG,1,FANG
2025-08-31,FAST,1,FAST
2025-08-31,FTNT,1,FTNT
2025-08-31,GEHC,1,GEHC
2025-08-31,GFS,1,GFS
2025-08-31,GILD,1,GILD
2025-08-31,GOOGL,1,GOOGL
2025-08-31,HON,1,HON
2025-08-31,IDXX,1,IDXX
2025-08-31,INTC,1,INTC
2025-08-31,INTU,1,INTU
2025-08-31,ISRG,1,ISRG
2025-08-31,KDP,1,KDP
2025-08-31,KHC,1,KHC
2025-08-31,KLAC,1,KLAC
2025-08-31,LIN,1,LIN
2025-08-31,LRCX,1,LRCX
2025-08-31,LULU,1,LULU
2025-08-31,MAR,1,MAR
2025-08-31,MCHP,1,MCHP
2025-08-31,MDLZ,1,MDLZ
2025-08-31,MELI,1,MELI
2025-08-31,META,1,META
2025-08-31,MNST,1,MNST
2025-08-31,MRVL,1,MRVL
2025-08-31,MSFT,1,MSFT
2025-08-31,MSTR,1,MSTR
2025-08-31,MU,1,MU
2025-08-31,NFLX,1,NFLX
2025-08-31,NVDA,1,NVDA
2025-08-31,NXPI,1,NXPI
2025-08-31,ODFL,1,ODFL
2025-08-31,ON,1,ON
2025-08-31,ORLY,1,ORLY
2025-08-31,PANW,1,PANW
2025-08-31,PAYX,1,PAYX
2025-08-31,PCAR,1,PCAR
2025-08-31,PDD,1,PDD
2025-08-31,PEP,1,PEP
2025-08-31,PLTR,1,PLTR
2025-08-31,PYPL,1,PYPL
2025-08-31,QCOM,1,QCOM
2025-08-31,REGN,1,REGN
2025-08-31,ROP,1,ROP
2025-08-31,ROST,1,ROST
2025-08-31,SBUX,1,SBUX
2025-08-31,SHOP,1,SHOP
2025-08-31,SNPS,1,SNPS
2025-08-31,TEAM,1,TEAM
2025-08-31,TMUS,1,TMUS
2025-08-31,TRI,1,TRI
2025-08-31,TSLA,1,TSLA
2025-08-31,TTD,1,TTD
2025-08-31,TTWO,1,TTWO
2025-08-31,TXN,1,TXN
2025-08-31,VRSK,1,VRSK
2025-08-31,VRTX,1,VRTX
2025-08-31,WBD,1,WBD
2025-08-31,WDAY,1,WDAY
2025-08-31,XEL,1,XEL
2025-08-31,ZS,1,ZS
2025-09-30,AAPL,1,AAPL
2025-09-30,ABNB,1,ABNB
2025-09-30,ADBE,1,ADBE
2025-09-30,ADI,1,ADI
2025-09-30,ADP,1,ADP
2025-09-30,ADSK,1,ADSK
2025-09-30,AEP,1,AEP
2025-09-30,AMAT,1,AMAT
2025-09-30,AMD,1,AMD
2025-09-30,AMGN,1,AMGN
2025-09-30,AMZN,1,AMZN
2025-09-30,APP,1,APP
2025-09-30,ARM,1,ARM
2025-09-30,ASML,1,ASML
2025-09-30,AVGO,1,AVGO
2025-09-30,AXON,1,AXON
2025-09-30,AZN,1,AZN
2025-09-30,BIIB,1,BIIB
2025-09-30,BKNG,1,BKNG
2025-09-30,BKR,1,BKR
2025-09-30,CCEP,1,CCEP
2025-09-30,CDNS,1,CDNS
2025-09-30,CDW,1,CDW
2025-09-30,CEG,1,CEG
2025-09-30,CHTR,1,CHTR
2025-09-30,CMCSA,1,CMCSA
2025-09-30,COST,1,COST
2025-09-30,CPRT,1,CPRT
2025-09-30,CRWD,1,CRWD
2025-09-30,CSCO,1,CSCO
2025-09-30,CSGP,1,CSGP
2025-09-30,CSX,1,CSX
2025-09-30,CTAS,1,CTAS
2025-09-30,CTSH,1,CTSH
2025-09-30,DASH,1,DASH
2025-09-30,DDOG,1,DDOG
2025-09-30,DXCM,1,DXCM
2025-09-30,EA,1,EA
2025-09-30,EXC,1,EXC
2025-09-30,FANG,1,FANG
2025-09-30,FAST,1,FAST
2025-09-30,FTNT,1,FTNT
2025-09-30,GEHC,1,GEHC
2025-09-30,GFS,1,GFS
2025-09-30,GILD,1,GILD
2025-09-30,GOOGL,1,GOOGL
2025-09-30,HON,1,HON
2025-09-30,IDXX,1,IDXX
2025-09-30,INTC,1,INTC
2025-09-30,INTU,1,INTU
2025-09-30,ISRG,1,ISRG
2025-09-30,KDP,1,KDP
2025-09-30,KHC,1,KHC
2025-09-30,KLAC,1,KLAC
2025-09-30,LIN,1,LIN
2025-09-30,LRCX,1,LRCX
2025-09-30,LULU,1,LULU
2025-09-30,MAR,1,MAR
2025-09-30,MCHP,1,MCHP
2025-09-30,MDLZ,1,MDLZ
2025-09-30,MELI,1,MELI
2025-09-30,META,1,META
2025-09-30,MNST,1,MNST
2025-09-30,MRVL,1,MRVL
2025-09-30,MSFT,1,MSFT
2025-09-30,MSTR,1,MSTR
2025-09-30,MU,1,MU
2025-09-30,NFLX,1,NFLX
2025-09-30,NVDA,1,NVDA
2025-09-30,NXPI,1,NXPI
2025-09-30,ODFL,1,ODFL
2025-09-30,ON,1,ON
2025-09-30,ORLY,1,ORLY
2025-09-30,PANW,1,PANW
2025-09-30,PAYX,1,PAYX
2025-09-30,PCAR,1,PCAR
2025-09-30,PDD,1,PDD
2025-09-30,PEP,1,PEP
2025-09-30,PLTR,1,PLTR
2025-09-30,PYPL,1,PYPL
2025-09-30,QCOM,1,QCOM
2025-09-30,REGN,1,REGN
2025-09-30,ROP,1,ROP
2025-09-30,ROST,1,ROST
2025-09-30,SBUX,1,SBUX
2025-09-30,SHOP,1,SHOP
2025-09-30,SNPS,1,SNPS
2025-09-30,TEAM,1,TEAM
2025-09-30,TMUS,1,TMUS
2025-09-30,TRI,1,TRI
2025-09-30,TSLA,1,TSLA
2025-09-30,TTD,1,TTD
2025-09-30,TTWO,1,TTWO
2025-09-30,TXN,1,TXN
2025-09-30,VRSK,1,VRSK
2025-09-30,VRTX,1,VRTX
2025-09-30,WBD,1,WBD
2025-09-30,WDAY,1,WDAY
2025-09-30,XEL,1,XEL
2025-09-30,ZS,1,ZS
2025-10-31,AAPL,1,AAPL
2025-10-31,ABNB,1,ABNB
2025-10-31,ADBE,1,ADBE
2025-10-31,ADI,1,ADI
2025-10-31,ADP,1,ADP
2025-10-31,ADSK,1,ADSK
2025-10-31,AEP,1,AEP
2025-10-31,AMAT,1,AMAT
2025-10-31,AMD,1,AMD
2025-10-31,AMGN,1,AMGN
2025-10-31,AMZN,1,AMZN
2025-10-31,APP,1,APP
2025-10-31,ARM,1,ARM
2025-10-31,ASML,1,ASML
2025-10-31,AVGO,1,AVGO
2025-10-31,AXON,1,AXON
2025-10-31,AZN,1,AZN
2025-10-31,BIIB,1,BIIB
2025-10-31,BKNG,1,BKNG
2025-10-31,BKR,1,BKR
2025-10-31,CCEP,1,CCEP
2025-10-31,CDNS,1,CDNS
2025-10-31,CDW,1,CDW
2025-10-31,CEG,1,CEG
2025-10-31,CHTR,1,CHTR
2025-10-31,CMCSA,1,CMCSA
2025-10-31,COST,1,COST
2025-10-31,CPRT,1,CPRT
2025-10-31,CRWD,1,CRWD
2025-10-31,CSCO,1,CSCO
2025-10-31,CSGP,1,CSGP
2025-10-31,CSX,1,CSX
2025-10-31,CTAS,1,CTAS
2025-10-31,CTSH,1,CTSH
2025-10-31,DASH,1,DASH
2025-10-31,DDOG,1,DDOG
2025-10-31,DXCM,1,DXCM
2025-10-31,EA,1,EA
2025-10-31,EXC,1,EXC
2025-10-31,FANG,1,FANG
2025-10-31,FAST,1,FAST
2025-10-31,FTNT,1,FTNT
2025-10-31,GEHC,1,GEHC
2025-10-31,GFS,1,GFS
2025-10-31,GILD,1,GILD
2025-10-31,GOOGL,1,GOOGL
2025-10-31,HON,1,HON
2025-10-31,IDXX,1,IDXX
2025-10-31,INTC,1,INTC
2025-10-31,INTU,1,INTU
2025-10-31,ISRG,1,ISRG
2025-10-31,KDP,1,KDP
2025-10-31,KHC,1,KHC
2025-10-31,KLAC,1,KLAC
2025-10-31,LIN,1,LIN
2025-10-31,LRCX,1,LRCX
2025-10-31,LULU,1,LULU
2025-10-31,MAR,1,MAR
2025-10-31,MCHP,1,MCHP
2025-10-31,MDLZ,1,MDLZ
2025-10-31,MELI,1,MELI
2025-10-31,META,1,META
2025-10-31,MNST,1,MNST
2025-10-31,MRVL,1,MRVL
2025-10-31,MSFT,1,MSFT
2025-10-31,MSTR,1,MSTR
2025-10-31,MU,1,MU
2025-10-31,NFLX,1,NFLX
2025-10-31,NVDA,1,NVDA
2025-10-31,NXPI,1,NXPI
2025-10-31,ODFL,1,ODFL
2025-10-31,ON,1,ON
2025-10-31,ORLY,1,ORLY
2025-10-31,PANW,1,PANW
2025-10-31,PAYX,1,PAYX
2025-10-31,PCAR,1,PCAR
2025-10-31,PDD,1,PDD
2025-10-31,PEP,1,PEP
2025-10-31,PLTR,1,PLTR
2025-10-31,PYPL,1,PYPL
2025-10-31,QCOM,1,QCOM
2025-10-31,REGN,1,REGN
2025-10-31,ROP,1,ROP
2025-10-31,ROST,1,ROST
2025-10-31,SBUX,1,SBUX
2025-10-31,SHOP,1,SHOP
2025-10-31,SNPS,1,SNPS
2025-10-31,TEAM,1,TEAM
2025-10-31,TMUS,1,TMUS
2025-10-31,TRI,1,TRI
2025-10-31,TSLA,1,TSLA
2025-10-31,TTD,1,TTD
2025-10-31,TTWO,1,TTWO
2025-10-31,TXN,1,TXN
2025-10-31,VRSK,1,VRSK
2025-10-31,VRTX,1,VRTX
2025-10-31,WBD,1,WBD
2025-10-31,WDAY,1,WDAY
2025-10-31,XEL,1,XEL
2025-10-31,ZS,1,ZS
2025-11-30,AAPL,1,AAPL
2025-11-30,ABNB,1,ABNB
2025-11-30,ADBE,1,ADBE
2025-11-30,ADI,1,ADI
2025-11-30,ADP,1,ADP
2025-11-30,ADSK,1,ADSK
2025-11-30,AEP,1,AEP
2025-11-30,AMAT,1,AMAT
2025-11-30,AMD,1,AMD
2025-11-30,AMGN,1,AMGN
2025-11-30,AMZN,1,AMZN
2025-11-30,APP,1,APP
2025-11-30,ARM,1,ARM
2025-11-30,ASML,1,ASML
2025-11-30,AVGO,1,AVGO
2025-11-30,AXON,1,AXON
2025-11-30,AZN,1,AZN
2025-11-30,BIIB,1,BIIB
2025-11-30,BKNG,1,BKNG
2025-11-30,BKR,1,BKR
2025-11-30,CCEP,1,CCEP
2025-11-30,CDNS,1,CDNS
2025-11-30,CDW,1,CDW
2025-11-30,CEG,1,CEG
2025-11-30,CHTR,1,CHTR
2025-11-30,CMCSA,1,CMCSA
2025-11-30,COST,1,COST
2025-11-30,CPRT,1,CPRT
2025-11-30,CRWD,1,CRWD
2025-11-30,CSCO,1,CSCO
2025-11-30,CSGP,1,CSGP
2025-11-30,CSX,1,CSX
2025-11-30,CTAS,1,CTAS
2025-11-30,CTSH,1,CTSH
2025-11-30,DASH,1,DASH
2025-11-30,DDOG,1,DDOG
2025-11-30,DXCM,1,DXCM
2025-11-30,EA,1,EA
2025-11-30,EXC,1,EXC
2025-11-30,FANG,1,FANG
2025-11-30,FAST,1,FAST
2025-11-30,FTNT,1,FTNT
2025-11-30,GEHC,1,GEHC
2025-11-30,GFS,1,GFS
2025-11-30,GILD,1,GILD
2025-11-30,GOOGL,1,GOOGL
2025-11-30,HON,1,HON
2025-11-30,IDXX,1,IDXX
2025-11-30,INTC,1,INTC
2025-11-30,INTU,1,INTU
2025-11-30,ISRG,1,ISRG
2025-11-30,KDP,1,KDP
2025-11-30,KHC,1,KHC
2025-11-30,KLAC,1,KLAC
2025-11-30,LIN,1,LIN
2025-11-30,LRCX,1,LRCX
2025-11-30,LULU,1,LULU
2025-11-30,MAR,1,MAR
2025-11-30,MCHP,1,MCHP
2025-11-30,MDLZ,1,MDLZ
2025-11-30,MELI,1,MELI
2025-11-30,META,1,META
2025-11-30,MNST,1,MNST
2025-11-30,MRVL,1,MRVL
2025-11-30,MSFT,1,MSFT
2025-11-30,MSTR,1,MSTR
2025-11-30,MU,1,MU
2025-11-30,NFLX,1,NFLX
2025-11-30,NVDA,1,NVDA
2025-11-30,NXPI,1,NXPI
2025-11-30,ODFL,1,ODFL
2025-11-30,ON,1,ON
2025-11-30,ORLY,1,ORLY
2025-11-30,PANW,1,PANW
2025-11-30,PAYX,1,PAYX
2025-11-30,PCAR,1,PCAR
2025-11-30,PDD,1,PDD
2025-11-30,PEP,1,PEP
2025-11-30,PLTR,1,PLTR
2025-11-30,PYPL,1,PYPL
2025-11-30,QCOM,1,QCOM
2025-11-30,REGN,1,REGN
2025-11-30,ROP,1,ROP
2025-11-30,ROST,1,ROST
2025-11-30,SBUX,1,SBUX
2025-11-30,SHOP,1,SHOP
2025-11-30,SNPS,1,SNPS
2025-11-30,TEAM,1,TEAM
2025-11-30,TMUS,1,TMUS
2025-11-30,TRI,1,TRI
2025-11-30,TSLA,1,TSLA
2025-11-30,TTD,1,TTD
2025-11-30,TTWO,1,TTWO
2025-11-30,TXN,1,TXN
2025-11-30,VRSK,1,VRSK
2025-11-30,VRTX,1,VRTX
2025-11-30,WBD,1,WBD
2025-11-30,WDAY,1,WDAY
2025-11-30,XEL,1,XEL
2025-11-30,ZS,1,ZS
2025-12-31,AAPL,1,AAPL
2025-12-31,ABNB,1,ABNB
2025-12-31,ADBE,1,ADBE
2025-12-31,ADI,1,ADI
2025-12-31,ADP,1,ADP
2025-12-31,ADSK,1,ADSK
2025-12-31,AEP,1,AEP
2025-12-31,ALNY,1,ALNY
2025-12-31,AMAT,1,AMAT
2025-12-31,AMD,1,AMD
2025-12-31,AMGN,1,AMGN
2025-12-31,AMZN,1,AMZN
2025-12-31,APP,1,APP
2025-12-31,ARM,1,ARM
2025-12-31,ASML,1,ASML
2025-12-31,AVGO,1,AVGO
2025-12-31,AXON,1,AXON
2025-12-31,AZN,1,AZN
2025-12-31,BKNG,1,BKNG
2025-12-31,BKR,1,BKR
2025-12-31,CCEP,1,CCEP
2025-12-31,CDNS,1,CDNS
2025-12-31,CEG,1,CEG
2025-12-31,CHTR,1,CHTR
2025-12-31,CMCSA,1,CMCSA
2025-12-31,COST,1,COST
2025-12-31,CPRT,1,CPRT
2025-12-31,CRWD,1,CRWD
2025-12-31,CSCO,1,CSCO
2025-12-31,CSGP,1,CSGP
2025-12-31,CSX,1,CSX
2025-12-31,CTAS,1,CTAS
2025-12-31,CTSH,1,CTSH
2025-12-31,DASH,1,DASH
2025-12-31,DDOG,1,DDOG
2025-12-31,DXCM,1,DXCM
2025-12-31,EA,1,EA
2025-12-31,EXC,1,EXC
2025-12-31,FANG,1,FANG
2025-12-31,FAST,1,FAST
2025-12-31,FER,1,FER
2025-12-31,FTNT,1,FTNT
2025-12-31,GEHC,1,GEHC
2025-12-31,GILD,1,GILD
2025-12-31,GOOGL,1,GOOGL
2025-12-31,HON,1,HON
2025-12-31,IDXX,1,IDXX
2025-12-31,INSM,1,INSM
2025-12-31,INTC,1,INTC
2025-12-31,INTU,1,INTU
2025-12-31,ISRG,1,ISRG
2025-12-31,KDP,1,KDP
2025-12-31,KHC,1,KHC
2025-12-31,KLAC,1,KLAC
2025-12-31,LIN,1,LIN
2025-12-31,LRCX,1,LRCX
2025-12-31,MAR,1,MAR
2025-12-31,MCHP,1,MCHP
2025-12-31,MDLZ,1,MDLZ
2025-12-31,MELI,1,MELI
2025-12-31,META,1,META
2025-12-31,MNST,1,MNST
2025-12-31,MPWR,1,MPWR
2025-12-31,MRVL,1,MRVL
2025-12-31,MSFT,1,MSFT
2025-12-31,MSTR,1,MSTR
2025-12-31,MU,1,MU
2025-12-31,NFLX,1,NFLX
2025-12-31,NVDA,1,NVDA
2025-12-31,NXPI,1,NXPI
2025-12-31,ODFL,1,ODFL
2025-12-31,ORLY,1,ORLY
2025-12-31,PANW,1,PANW
2025-12-31,PAYX,1,PAYX
2025-12-31,PCAR,1,PCAR
2025-12-31,PDD,1,PDD
2025-12-31,PEP,1,PEP
2025-12-31,PLTR,1,PLTR
2025-12-31,PYPL,1,PYPL
2025-12-31,QCOM,1,QCOM
2025-12-31,REGN,1,REGN
2025-12-31,ROP,1,ROP
2025-12-31,ROST,1,ROST
2025-12-31,SBUX,1,SBUX
2025-12-31,SHOP,1,SHOP
2025-12-31,SNPS,1,SNPS
2025-12-31,STX,1,STX
2025-12-31,TEAM,1,TEAM
2025-12-31,TMUS,1,TMUS
2025-12-31,TRI,1,TRI
2025-12-31,TSLA,1,TSLA
2025-12-31,TTWO,1,TTWO
2025-12-31,TXN,1,TXN
2025-12-31,VRSK,1,VRSK
2025-12-31,VRTX,1,VRTX
2025-12-31,WBD,1,WBD
2025-12-31,WDAY,1,WDAY
2025-12-31,WDC,1,WDC
2025-12-31,XEL,1,XEL
2025-12-31,ZS,1,ZS
2026-01-31,AAPL,1,AAPL
2026-01-31,ABNB,1,ABNB
2026-01-31,ADBE,1,ADBE
2026-01-31,ADI,1,ADI
2026-01-31,ADP,1,ADP
2026-01-31,ADSK,1,ADSK
2026-01-31,AEP,1,AEP
2026-01-31,ALNY,1,ALNY
2026-01-31,AMAT,1,AMAT
2026-01-31,AMD,1,AMD
2026-01-31,AMGN,1,AMGN
2026-01-31,AMZN,1,AMZN
2026-01-31,APP,1,APP
2026-01-31,ARM,1,ARM
2026-01-31,ASML,1,ASML
2026-01-31,AVGO,1,AVGO
2026-01-31,AXON,1,AXON
2026-01-31,AZN,1,AZN
2026-01-31,BKNG,1,BKNG
2026-01-31,BKR,1,BKR
2026-01-31,CCEP,1,CCEP
2026-01-31,CDNS,1,CDNS
2026-01-31,CEG,1,CEG
2026-01-31,CHTR,1,CHTR
2026-01-31,CMCSA,1,CMCSA
2026-01-31,COST,1,COST
2026-01-31,CPRT,1,CPRT
2026-01-31,CRWD,1,CRWD
2026-01-31,CSCO,1,CSCO
2026-01-31,CSGP,1,CSGP
2026-01-31,CSX,1,CSX
2026-01-31,CTAS,1,CTAS
2026-01-31,CTSH,1,CTSH
2026-01-31,DASH,1,DASH
2026-01-31,DDOG,1,DDOG
2026-01-31,DXCM,1,DXCM
2026-01-31,EA,1,EA
2026-01-31,EXC,1,EXC
2026-01-31,FANG,1,FANG
2026-01-31,FAST,1,FAST
2026-01-31,FER,1,FER
2026-01-31,FTNT,1,FTNT
2026-01-31,GEHC,1,GEHC
2026-01-31,GILD,1,GILD
2026-01-31,GOOGL,1,GOOGL
2026-01-31,HON,1,HON
2026-01-31,IDXX,1,IDXX
2026-01-31,INSM,1,INSM
2026-01-31,INTC,1,INTC
2026-01-31,INTU,1,INTU
2026-01-31,ISRG,1,ISRG
2026-01-31,KDP,1,KDP
2026-01-31,KHC,1,KHC
2026-01-31,KLAC,1,KLAC
2026-01-31,LIN,1,LIN
2026-01-31,LRCX,1,LRCX
2026-01-31,MAR,1,MAR
2026-01-31,MCHP,1,MCHP
2026-01-31,MDLZ,1,MDLZ
2026-01-31,MELI,1,MELI
2026-01-31,META,1,META
2026-01-31,MNST,1,MNST
2026-01-31,MPWR,1,MPWR
2026-01-31,MRVL,1,MRVL
2026-01-31,MSFT,1,MSFT
2026-01-31,MSTR,1,MSTR
2026-01-31,MU,1,MU
2026-01-31,NFLX,1,NFLX
2026-01-31,NVDA,1,NVDA
2026-01-31,NXPI,1,NXPI
2026-01-31,ODFL,1,ODFL
2026-01-31,ORLY,1,ORLY
2026-01-31,PANW,1,PANW
2026-01-31,PAYX,1,PAYX
2026-01-31,PCAR,1,PCAR
2026-01-31,PDD,1,PDD
2026-01-31,PEP,1,PEP
2026-01-31,PLTR,1,PLTR
2026-01-31,PYPL,1,PYPL
2026-01-31,QCOM,1,QCOM
2026-01-31,REGN,1,REGN
2026-01-31,ROP,1,ROP
2026-01-31,ROST,1,ROST
2026-01-31,SBUX,1,SBUX
2026-01-31,SHOP,1,SHOP
2026-01-31,SNPS,1,SNPS
2026-01-31,STX,1,STX
2026-01-31,TEAM,1,TEAM
2026-01-31,TMUS,1,TMUS
2026-01-31,TRI,1,TRI
2026-01-31,TSLA,1,TSLA
2026-01-31,TTWO,1,TTWO
2026-01-31,TXN,1,TXN
2026-01-31,VRSK,1,VRSK
2026-01-31,VRTX,1,VRTX
2026-01-31,WBD,1,WBD
2026-01-31,WDAY,1,WDAY
2026-01-31,WDC,1,WDC
2026-01-31,XEL,1,XEL
2026-01-31,ZS,1,ZS
2026-02-28,AAPL,1,AAPL
2026-02-28,ABNB,1,ABNB
2026-02-28,ADBE,1,ADBE
2026-02-28,ADI,1,ADI
2026-02-28,ADP,1,ADP
2026-02-28,ADSK,1,ADSK
2026-02-28,AEP,1,AEP
2026-02-28,ALNY,1,ALNY
2026-02-28,AMAT,1,AMAT
2026-02-28,AMD,1,AMD
2026-02-28,AMGN,1,AMGN
2026-02-28,AMZN,1,AMZN
2026-02-28,APP,1,APP
2026-02-28,ARM,1,ARM
2026-02-28,ASML,1,ASML
2026-02-28,AVGO,1,AVGO
2026-02-28,AXON,1,AXON
2026-02-28,AZN,1,AZN
2026-02-28,BKNG,1,BKNG
2026-02-28,BKR,1,BKR
2026-02-28,CCEP,1,CCEP
2026-02-28,CDNS,1,CDNS
2026-02-28,CEG,1,CEG
2026-02-28,CHTR,1,CHTR
2026-02-28,CMCSA,1,CMCSA
2026-02-28,COST,1,COST
2026-02-28,CPRT,1,CPRT
2026-02-28,CRWD,1,CRWD
2026-02-28,CSCO,1,CSCO
2026-02-28,CSGP,1,CSGP
2026-02-28,CSX,1,CSX
2026-02-28,CTAS,1,CTAS
2026-02-28,CTSH,1,CTSH
2026-02-28,DASH,1,DASH
2026-02-28,DDOG,1,DDOG
2026-02-28,DXCM,1,DXCM
2026-02-28,EA,1,EA
2026-02-28,EXC,1,EXC
2026-02-28,FANG,1,FANG
2026-02-28,FAST,1,FAST
2026-02-28,FER,1,FER
2026-02-28,FTNT,1,FTNT
2026-02-28,GEHC,1,GEHC
2026-02-28,GILD,1,GILD
2026-02-28,GOOGL,1,GOOGL
2026-02-28,HON,1,HON
2026-02-28,IDXX,1,IDXX
2026-02-28,INSM,1,INSM
2026-02-28,INTC,1,INTC
2026-02-28,INTU,1,INTU
2026-02-28,ISRG,1,ISRG
2026-02-28,KDP,1,KDP
2026-02-28,KHC,1,KHC
2026-02-28,KLAC,1,KLAC
2026-02-28,LIN,1,LIN
2026-02-28,LRCX,1,LRCX
2026-02-28,MAR,1,MAR
2026-02-28,MCHP,1,MCHP
2026-02-28,MDLZ,1,MDLZ
2026-02-28,MELI,1,MELI
2026-02-28,META,1,META
2026-02-28,MNST,1,MNST
2026-02-28,MPWR,1,MPWR
2026-02-28,MRVL,1,MRVL
2026-02-28,MSFT,1,MSFT
2026-02-28,MSTR,1,MSTR
2026-02-28,MU,1,MU
2026-02-28,NFLX,1,NFLX
2026-02-28,NVDA,1,NVDA
2026-02-28,NXPI,1,NXPI
2026-02-28,ODFL,1,ODFL
2026-02-28,ORLY,1,ORLY
2026-02-28,PANW,1,PANW
2026-02-28,PAYX,1,PAYX
2026-02-28,PCAR,1,PCAR
2026-02-28,PDD,1,PDD
2026-02-28,PEP,1,PEP
2026-02-28,PLTR,1,PLTR
2026-02-28,PYPL,1,PYPL
2026-02-28,QCOM,1,QCOM
2026-02-28,REGN,1,REGN
2026-02-28,ROP,1,ROP
2026-02-28,ROST,1,ROST
2026-02-28,SBUX,1,SBUX
2026-02-28,SHOP,1,SHOP
2026-02-28,SNPS,1,SNPS
2026-02-28,STX,1,STX
2026-02-28,TEAM,1,TEAM
2026-02-28,TMUS,1,TMUS
2026-02-28,TRI,1,TRI
2026-02-28,TSLA,1,TSLA
2026-02-28,TTWO,1,TTWO
2026-02-28,TXN,1,TXN
2026-02-28,VRSK,1,VRSK
2026-02-28,VRTX,1,VRTX
2026-02-28,WBD,1,WBD
2026-02-28,WDAY,1,WDAY
2026-02-28,WDC,1,WDC
2026-02-28,XEL,1,XEL
2026-02-28,ZS,1,ZS
2026-03-31,AAPL,1,AAPL
2026-03-31,ABNB,1,ABNB
2026-03-31,ADBE,1,ADBE
2026-03-31,ADI,1,ADI
2026-03-31,ADP,1,ADP
2026-03-31,ADSK,1,ADSK
2026-03-31,AEP,1,AEP
2026-03-31,ALNY,1,ALNY
2026-03-31,AMAT,1,AMAT
2026-03-31,AMD,1,AMD
2026-03-31,AMGN,1,AMGN
2026-03-31,AMZN,1,AMZN
2026-03-31,APP,1,APP
2026-03-31,ARM,1,ARM
2026-03-31,ASML,1,ASML
2026-03-31,AVGO,1,AVGO
2026-03-31,AXON,1,AXON
2026-03-31,AZN,1,AZN
2026-03-31,BKNG,1,BKNG
2026-03-31,BKR,1,BKR
2026-03-31,CCEP,1,CCEP
2026-03-31,CDNS,1,CDNS
2026-03-31,CEG,1,CEG
2026-03-31,CHTR,1,CHTR
2026-03-31,CMCSA,1,CMCSA
2026-03-31,COST,1,COST
2026-03-31,CPRT,1,CPRT
2026-03-31,CRWD,1,CRWD
2026-03-31,CSCO,1,CSCO
2026-03-31,CSGP,1,CSGP
2026-03-31,CSX,1,CSX
2026-03-31,CTAS,1,CTAS
2026-03-31,CTSH,1,CTSH
2026-03-31,DASH,1,DASH
2026-03-31,DDOG,1,DDOG
2026-03-31,DXCM,1,DXCM
2026-03-31,EA,1,EA
2026-03-31,EXC,1,EXC
2026-03-31,FANG,1,FANG
2026-03-31,FAST,1,FAST
2026-03-31,FER,1,FER
2026-03-31,FTNT,1,FTNT
2026-03-31,GEHC,1,GEHC
2026-03-31,GILD,1,GILD
2026-03-31,GOOGL,1,GOOGL
2026-03-31,HON,1,HON
2026-03-31,IDXX,1,IDXX
2026-03-31,INSM,1,INSM
2026-03-31,INTC,1,INTC
2026-03-31,INTU,1,INTU
2026-03-31,ISRG,1,ISRG
2026-03-31,KDP,1,KDP
2026-03-31,KHC,1,KHC
2026-03-31,KLAC,1,KLAC
2026-03-31,LIN,1,LIN
2026-03-31,LRCX,1,LRCX
2026-03-31,MAR,1,MAR
2026-03-31,MCHP,1,MCHP
2026-03-31,MDLZ,1,MDLZ
2026-03-31,MELI,1,MELI
2026-03-31,META,1,META
2026-03-31,MNST,1,MNST
2026-03-31,MPWR,1,MPWR
2026-03-31,MRVL,1,MRVL
2026-03-31,MSFT,1,MSFT
2026-03-31,MSTR,1,MSTR
2026-03-31,MU,1,MU
2026-03-31,NFLX,1,NFLX
2026-03-31,NVDA,1,NVDA
2026-03-31,NXPI,1,NXPI
2026-03-31,ODFL,1,ODFL
2026-03-31,ORLY,1,ORLY
2026-03-31,PANW,1,PANW
2026-03-31,PAYX,1,PAYX
2026-03-31,PCAR,1,PCAR
2026-03-31,PDD,1,PDD
2026-03-31,PEP,1,PEP
2026-03-31,PLTR,1,PLTR
2026-03-31,PYPL,1,PYPL
2026-03-31,QCOM,1,QCOM
2026-03-31,REGN,1,REGN
2026-03-31,ROP,1,ROP
2026-03-31,ROST,1,ROST
2026-03-31,SBUX,1,SBUX
2026-03-31,SHOP,1,SHOP
2026-03-31,SNPS,1,SNPS
2026-03-31,STX,1,STX
2026-03-31,TEAM,1,TEAM
2026-03-31,TMUS,1,TMUS
2026-03-31,TRI,1,TRI
2026-03-31,TSLA,1,TSLA
2026-03-31,TTWO,1,TTWO
2026-03-31,TXN,1,TXN
2026-03-31,VRSK,1,VRSK
2026-03-31,VRTX,1,VRTX
2026-03-31,WBD,1,WBD
2026-03-31,WDAY,1,WDAY
2026-03-31,WDC,1,WDC
2026-03-31,XEL,1,XEL
2026-03-31,ZS,1,ZS
2026-04-30,AAPL,1,AAPL
2026-04-30,ABNB,1,ABNB
2026-04-30,ADBE,1,ADBE
2026-04-30,ADI,1,ADI
2026-04-30,ADP,1,ADP
2026-04-30,ADSK,1,ADSK
2026-04-30,AEP,1,AEP
2026-04-30,ALNY,1,ALNY
2026-04-30,AMAT,1,AMAT
2026-04-30,AMD,1,AMD
2026-04-30,AMGN,1,AMGN
2026-04-30,AMZN,1,AMZN
2026-04-30,APP,1,APP
2026-04-30,ARM,1,ARM
2026-04-30,ASML,1,ASML
2026-04-30,AVGO,1,AVGO
2026-04-30,AXON,1,AXON
2026-04-30,AZN,1,AZN
2026-04-30,BKNG,1,BKNG
2026-04-30,BKR,1,BKR
2026-04-30,CCEP,1,CCEP
2026-04-30,CDNS,1,CDNS
2026-04-30,CEG,1,CEG
2026-04-30,CHTR,1,CHTR
2026-04-30,CMCSA,1,CMCSA
2026-04-30,COST,1,COST
2026-04-30,CPRT,1,CPRT
2026-04-30,CRWD,1,CRWD
2026-04-30,CSCO,1,CSCO
2026-04-30,CSGP,1,CSGP
2026-04-30,CSX,1,CSX
2026-04-30,CTAS,1,CTAS
2026-04-30,CTSH,1,CTSH
2026-04-30,DASH,1,DASH
2026-04-30,DDOG,1,DDOG
2026-04-30,DXCM,1,DXCM
2026-04-30,EA,1,EA
2026-04-30,EXC,1,EXC
2026-04-30,FANG,1,FANG
2026-04-30,FAST,1,FAST
2026-04-30,FER,1,FER
2026-04-30,FTNT,1,FTNT
2026-04-30,GEHC,1,GEHC
2026-04-30,GILD,1,GILD
2026-04-30,GOOGL,1,GOOGL
2026-04-30,HON,1,HON
2026-04-30,IDXX,1,IDXX
2026-04-30,INSM,1,INSM
2026-04-30,INTC,1,INTC
2026-04-30,INTU,1,INTU
2026-04-30,ISRG,1,ISRG
2026-04-30,KDP,1,KDP
2026-04-30,KHC,1,KHC
2026-04-30,KLAC,1,KLAC
2026-04-30,LIN,1,LIN
2026-04-30,LRCX,1,LRCX
2026-04-30,MAR,1,MAR
2026-04-30,MCHP,1,MCHP
2026-04-30,MDLZ,1,MDLZ
2026-04-30,MELI,1,MELI
2026-04-30,META,1,META
2026-04-30,MNST,1,MNST
2026-04-30,MPWR,1,MPWR
2026-04-30,MRVL,1,MRVL
2026-04-30,MSFT,1,MSFT
2026-04-30,MSTR,1,MSTR
2026-04-30,MU,1,MU
2026-04-30,NFLX,1,NFLX
2026-04-30,NVDA,1,NVDA
2026-04-30,NXPI,1,NXPI
2026-04-30,ODFL,1,ODFL
2026-04-30,ORLY,1,ORLY
2026-04-30,PANW,1,PANW
2026-04-30,PAYX,1,PAYX
2026-04-30,PCAR,1,PCAR
2026-04-30,PDD,1,PDD
2026-04-30,PEP,1,PEP
2026-04-30,PLTR,1,PLTR
2026-04-30,PYPL,1,PYPL
2026-04-30,QCOM,1,QCOM
2026-04-30,REGN,1,REGN
2026-04-30,ROP,1,ROP
2026-04-30,ROST,1,ROST
2026-04-30,SBUX,1,SBUX
2026-04-30,SHOP,1,SHOP
2026-04-30,SNDK,1,SNDK
2026-04-30,SNPS,1,SNPS
2026-04-30,STX,1,STX
2026-04-30,TMUS,1,TMUS
2026-04-30,TRI,1,TRI
2026-04-30,TSLA,1,TSLA
2026-04-30,TTWO,1,TTWO
2026-04-30,TXN,1,TXN
2026-04-30,VRSK,1,VRSK
2026-04-30,VRTX,1,VRTX
2026-04-30,WBD,1,WBD
2026-04-30,WDAY,1,WDAY
2026-04-30,WDC,1,WDC
2026-04-30,XEL,1,XEL
2026-04-30,ZS,1,ZS
2026-05-31,AAPL,1,AAPL
2026-05-31,ABNB,1,ABNB
2026-05-31,ADBE,1,ADBE
2026-05-31,ADI,1,ADI
2026-05-31,ADP,1,ADP
2026-05-31,ADSK,1,ADSK
2026-05-31,AEP,1,AEP
2026-05-31,ALNY,1,ALNY
2026-05-31,AMAT,1,AMAT
2026-05-31,AMD,1,AMD
2026-05-31,AMGN,1,AMGN
2026-05-31,AMZN,1,AMZN
2026-05-31,APP,1,APP
2026-05-31,ARM,1,ARM
2026-05-31,ASML,1,ASML
2026-05-31,AVGO,1,AVGO
2026-05-31,AXON,1,AXON
2026-05-31,AZN,1,AZN
2026-05-31,BKNG,1,BKNG
2026-05-31,BKR,1,BKR
2026-05-31,CCEP,1,CCEP
2026-05-31,CDNS,1,CDNS
2026-05-31,CEG,1,CEG
2026-05-31,CHTR,1,CHTR
2026-05-31,CMCSA,1,CMCSA
2026-05-31,COST,1,COST
2026-05-31,CPRT,1,CPRT
2026-05-31,CRWD,1,CRWD
2026-05-31,CSCO,1,CSCO
2026-05-31,CSGP,1,CSGP
2026-05-31,CSX,1,CSX
2026-05-31,CTAS,1,CTAS
2026-05-31,CTSH,1,CTSH
2026-05-31,DASH,1,DASH
2026-05-31,DDOG,1,DDOG
2026-05-31,DXCM,1,DXCM
2026-05-31,EA,1,EA
2026-05-31,EXC,1,EXC
2026-05-31,FANG,1,FANG
2026-05-31,FAST,1,FAST
2026-05-31,FER,1,FER
2026-05-31,FTNT,1,FTNT
2026-05-31,GEHC,1,GEHC
2026-05-31,GILD,1,GILD
2026-05-31,GOOGL,1,GOOGL
2026-05-31,HON,1,HON
2026-05-31,IDXX,1,IDXX
2026-05-31,INSM,1,INSM
2026-05-31,INTC,1,INTC
2026-05-31,INTU,1,INTU
2026-05-31,ISRG,1,ISRG
2026-05-31,KDP,1,KDP
2026-05-31,KHC,1,KHC
2026-05-31,KLAC,1,KLAC
2026-05-31,LIN,1,LIN
2026-05-31,LRCX,1,LRCX
2026-05-31,MAR,1,MAR
2026-05-31,MCHP,1,MCHP
2026-05-31,MDLZ,1,MDLZ
2026-05-31,MELI,1,MELI
2026-05-31,META,1,META
2026-05-31,MNST,1,MNST
2026-05-31,MPWR,1,MPWR
2026-05-31,MRVL,1,MRVL
2026-05-31,MSFT,1,MSFT
2026-05-31,MSTR,1,MSTR
2026-05-31,MU,1,MU
2026-05-31,NFLX,1,NFLX
2026-05-31,NVDA,1,NVDA
2026-05-31,NXPI,1,NXPI
2026-05-31,ODFL,1,ODFL
2026-05-31,ORLY,1,ORLY
2026-05-31,PANW,1,PANW
2026-05-31,PAYX,1,PAYX
2026-05-31,PCAR,1,PCAR
2026-05-31,PDD,1,PDD
2026-05-31,PEP,1,PEP
2026-05-31,PLTR,1,PLTR
2026-05-31,PYPL,1,PYPL
2026-05-31,QCOM,1,QCOM
2026-05-31,REGN,1,REGN
2026-05-31,ROP,1,ROP
2026-05-31,ROST,1,ROST
2026-05-31,SBUX,1,SBUX
2026-05-31,SHOP,1,SHOP
2026-05-31,SNDK,1,SNDK
2026-05-31,SNPS,1,SNPS
2026-05-31,STX,1,STX
2026-05-31,TMUS,1,TMUS
2026-05-31,TRI,1,TRI
2026-05-31,TSLA,1,TSLA
2026-05-31,TTWO,1,TTWO
2026-05-31,TXN,1,TXN
2026-05-31,VRSK,1,VRSK
2026-05-31,VRTX,1,VRTX
2026-05-31,WBD,1,WBD
2026-05-31,WDAY,1,WDAY
2026-05-31,WDC,1,WDC
2026-05-31,XEL,1,XEL
2026-05-31,ZS,1,ZS
2026-06-30,AAPL,1,AAPL
2026-06-30,ABNB,1,ABNB
2026-06-30,ADBE,1,ADBE
2026-06-30,ADI,1,ADI
2026-06-30,ADP,1,ADP
2026-06-30,ADSK,1,ADSK
2026-06-30,AEP,1,AEP
2026-06-30,ALAB,1,ALAB
2026-06-30,ALNY,1,ALNY
2026-06-30,AMAT,1,AMAT
2026-06-30,AMD,1,AMD
2026-06-30,AMGN,1,AMGN
2026-06-30,AMZN,1,AMZN
2026-06-30,APP,1,APP
2026-06-30,ARM,1,ARM
2026-06-30,ASML,1,ASML
2026-06-30,AVGO,1,AVGO
2026-06-30,AXON,1,AXON
2026-06-30,AZN,1,AZN
2026-06-30,BKNG,1,BKNG
2026-06-30,BKR,1,BKR
2026-06-30,CCEP,1,CCEP
2026-06-30,CDNS,1,CDNS
2026-06-30,CEG,1,CEG
2026-06-30,CMCSA,1,CMCSA
2026-06-30,COST,1,COST
2026-06-30,CPRT,1,CPRT
2026-06-30,CRWD,1,CRWD
2026-06-30,CRWV,1,CRWV
2026-06-30,CSCO,1,CSCO
2026-06-30,CSGP,1,CSGP
2026-06-30,CSX,1,CSX
2026-06-30,CTAS,1,CTAS
2026-06-30,DASH,1,DASH
2026-06-30,DDOG,1,DDOG
2026-06-30,DXCM,1,DXCM
2026-06-30,EA,1,EA
2026-06-30,EXC,1,EXC
2026-06-30,FANG,1,FANG
2026-06-30,FAST,1,FAST
2026-06-30,FER,1,FER
2026-06-30,FTNT,1,FTNT
2026-06-30,GEHC,1,GEHC
2026-06-30,GILD,1,GILD
2026-06-30,GOOGL,1,GOOGL
2026-06-30,HON,1,HON
2026-06-30,IDXX,1,IDXX
2026-06-30,INTC,1,INTC
2026-06-30,INTU,1,INTU
2026-06-30,ISRG,1,ISRG
2026-06-30,KDP,1,KDP
2026-06-30,KHC,1,KHC
2026-06-30,KLAC,1,KLAC
2026-06-30,LIN,1,LIN
2026-06-30,LRCX,1,LRCX
2026-06-30,MAR,1,MAR
2026-06-30,MCHP,1,MCHP
2026-06-30,MDLZ,1,MDLZ
2026-06-30,MELI,1,MELI
2026-06-30,META,1,META
2026-06-30,MNST,1,MNST
2026-06-30,MPWR,1,MPWR
2026-06-30,MRVL,1,MRVL
2026-06-30,MSFT,1,MSFT
2026-06-30,MSTR,1,MSTR
2026-06-30,MU,1,MU
2026-06-30,NBIS,1,NBIS
2026-06-30,NFLX,1,NFLX
2026-06-30,NVDA,1,NVDA
2026-06-30,NXPI,1,NXPI
2026-06-30,ODFL,1,ODFL
2026-06-30,ORLY,1,ORLY
2026-06-30,PANW,1,PANW
2026-06-30,PAYX,1,PAYX
2026-06-30,PCAR,1,PCAR
2026-06-30,PDD,1,PDD
2026-06-30,PEP,1,PEP
2026-06-30,PLTR,1,PLTR
2026-06-30,PYPL,1,PYPL
2026-06-30,QCOM,1,QCOM
2026-06-30,REGN,1,REGN
2026-06-30,RKLB,1,RKLB
2026-06-30,ROP,1,ROP
2026-06-30,ROST,1,ROST
2026-06-30,SBUX,1,SBUX
2026-06-30,SHOP,1,SHOP
2026-06-30,SNDK,1,SNDK
2026-06-30,SNPS,1,SNPS
2026-06-30,STX,1,STX
2026-06-30,TER,1,TER
2026-06-30,TMUS,1,TMUS
2026-06-30,TRI,1,TRI
2026-06-30,TSLA,1,TSLA
2026-06-30,TTWO,1,TTWO
2026-06-30,TXN,1,TXN
2026-06-30,VRTX,1,VRTX
2026-06-30,WBD,1,WBD
2026-06-30,WDAY,1,WDAY
2026-06-30,WDC,1,WDC
2026-06-30,XEL,1,XEL
2026-07-15,AAPL,1,AAPL
2026-07-15,ABNB,1,ABNB
2026-07-15,ADBE,1,ADBE
2026-07-15,ADI,1,ADI
2026-07-15,ADP,1,ADP
2026-07-15,ADSK,1,ADSK
2026-07-15,AEP,1,AEP
2026-07-15,ALAB,1,ALAB
2026-07-15,ALNY,1,ALNY
2026-07-15,AMAT,1,AMAT
2026-07-15,AMD,1,AMD
2026-07-15,AMGN,1,AMGN
2026-07-15,AMZN,1,AMZN
2026-07-15,APP,1,APP
2026-07-15,ARM,1,ARM
2026-07-15,ASML,1,ASML
2026-07-15,AVGO,1,AVGO
2026-07-15,AXON,1,AXON
2026-07-15,AZN,1,AZN
2026-07-15,BKNG,1,BKNG
2026-07-15,BKR,1,BKR
2026-07-15,CCEP,1,CCEP
2026-07-15,CDNS,1,CDNS
2026-07-15,CEG,1,CEG
2026-07-15,CMCSA,1,CMCSA
2026-07-15,COST,1,COST
2026-07-15,CPRT,1,CPRT
2026-07-15,CRWD,1,CRWD
2026-07-15,CRWV,1,CRWV
2026-07-15,CSCO,1,CSCO
2026-07-15,CSGP,1,CSGP
2026-07-15,CSX,1,CSX
2026-07-15,CTAS,1,CTAS
2026-07-15,DASH,1,DASH
2026-07-15,DDOG,1,DDOG
2026-07-15,DXCM,1,DXCM
2026-07-15,EA,1,EA
2026-07-15,EXC,1,EXC
2026-07-15,FANG,1,FANG
2026-07-15,FAST,1,FAST
2026-07-15,FER,1,FER
2026-07-15,FTNT,1,FTNT
2026-07-15,GEHC,1,GEHC
2026-07-15,GILD,1,GILD
2026-07-15,GOOGL,1,GOOGL
2026-07-15,HON,1,HON
2026-07-15,IDXX,1,IDXX
2026-07-15,INTC,1,INTC
2026-07-15,INTU,1,INTU
2026-07-15,ISRG,1,ISRG
2026-07-15,KDP,1,KDP
2026-07-15,KHC,1,KHC
2026-07-15,KLAC,1,KLAC
2026-07-15,LIN,1,LIN
2026-07-15,LRCX,1,LRCX
2026-07-15,MAR,1,MAR
2026-07-15,MCHP,1,MCHP
2026-07-15,MDLZ,1,MDLZ
2026-07-15,MELI,1,MELI
2026-07-15,META,1,META
2026-07-15,MNST,1,MNST
2026-07-15,MPWR,1,MPWR
2026-07-15,MRVL,1,MRVL
2026-07-15,MSFT,1,MSFT
2026-07-15,MSTR,1,MSTR
2026-07-15,MU,1,MU
2026-07-15,NBIS,1,NBIS
2026-07-15,NFLX,1,NFLX
2026-07-15,NVDA,1,NVDA
2026-07-15,NXPI,1,NXPI
2026-07-15,ODFL,1,ODFL
2026-07-15,ORLY,1,ORLY
2026-07-15,PANW,1,PANW
2026-07-15,PAYX,1,PAYX
2026-07-15,PCAR,1,PCAR
2026-07-15,PDD,1,PDD
2026-07-15,PEP,1,PEP
2026-07-15,PLTR,1,PLTR
2026-07-15,PYPL,1,PYPL
2026-07-15,QCOM,1,QCOM
2026-07-15,REGN,1,REGN
2026-07-15,RKLB,1,RKLB
2026-07-15,ROP,1,ROP
2026-07-15,ROST,1,ROST
2026-07-15,SBUX,1,SBUX
2026-07-15,SHOP,1,SHOP
2026-07-15,SNDK,1,SNDK
2026-07-15,SNPS,1,SNPS
2026-07-15,SPCX,1,SPCX
2026-07-15,STX,1,STX
2026-07-15,TER,1,TER
2026-07-15,TMUS,1,TMUS
2026-07-15,TRI,1,TRI
2026-07-15,TSLA,1,TSLA
2026-07-15,TTWO,1,TTWO
2026-07-15,TXN,1,TXN
2026-07-15,VRTX,1,VRTX
2026-07-15,WBD,1,WBD
2026-07-15,WDAY,1,WDAY
2026-07-15,WDC,1,WDC
2026-07-15,XEL,1,XEL
